image_id,file_name,coco_url,flickr_url,license_url,width,height,person_x,person_y,person_width,person_height,person_box_area,scene,context_objects,context_score,caption_hits_json,captions_json
190829,000000190829.jpg,http://images.cocodataset.org/train2017/000000190829.jpg,http://farm4.staticflickr.com/3565/3665756775_878bee043c_z.jpg,http://creativecommons.org/licenses/by/2.0/,640,480,0.6324062500000001,0.28160416666666666,0.36267187500000003,0.7183958333333333,0.13584198063151043,park,bench;bicycle,73.35842,"[""Separate men sitting on park benches playing on phone and reading."", ""Two men sit on park benches in a city street scene."", ""A park offers fresh air and a place to perch while reading or interacting with a phone."", ""Two men, one reading, one on his phone, sit on park benches near a flower bed."", ""Two men sitting on separate city benches at a park.""]","[""Separate men sitting on park benches playing on phone and reading."", ""Two men sit on park benches in a city street scene."", ""A park offers fresh air and a place to perch while reading or interacting with a phone."", ""Two men, one reading, one on his phone, sit on park benches near a flower bed."", ""Two men sitting on separate city benches at a park.""]"
15354,000000015354.jpg,http://images.cocodataset.org/train2017/000000015354.jpg,http://farm4.staticflickr.com/3214/2730663546_70551abeef_z.jpg,http://creativecommons.org/licenses/by-nc/2.0/,640,480,0.550390625,0.021270833333333336,0.449609375,0.9777291666666666,0.15628898632812493,park,bench,71.56289,"[""A woman reading a book on a park bench in front of a very large tree trunk."", ""A girl reads on a park bench in a park"", ""A young woman reads and listens to music on this park bench"", ""Woman sitting on park bench listening to music while reading."", ""Woman seated on a park bench, reading and listening to music player.""]","[""A woman reading a book on a park bench in front of a very large tree trunk."", ""A girl reads on a park bench in a park"", ""A young woman reads and listens to music on this park bench"", ""Woman sitting on park bench listening to music while reading."", ""Woman seated on a park bench, reading and listening to music player.""]"
542231,000000542231.jpg,http://images.cocodataset.org/train2017/000000542231.jpg,http://farm1.staticflickr.com/171/378941452_051bebe51e_z.jpg,http://creativecommons.org/licenses/by/2.0/,640,480,0.32359375,0.19775,0.291578125,0.7910208333333333,0.09298255322265629,park,kite,64.929826,"[""A pretty young woman holding a kite while standing in a park."", ""A woman holds a colorful kite in a city park"", ""A woman in a public park flying a kite."", ""A woman in a grassy field with a kite"", ""A woman in sunglasses posing with a kite at the park.""]","[""A pretty young woman holding a kite while standing in a park."", ""A woman holds a colorful kite in a city park"", ""A woman in a public park flying a kite."", ""A woman in a grassy field with a kite"", ""A woman in sunglasses posing with a kite at the park.""]"
334059,000000334059.jpg,http://images.cocodataset.org/train2017/000000334059.jpg,http://farm4.staticflickr.com/3435/3208569525_8b96d5d08a_z.jpg,http://creativecommons.org/licenses/by-nc-sa/2.0/,500,419,0.11864,0.26928400954653936,0.28248,0.6449403341288783,0.08873315632458237,park,bench;dog;frisbee,64.887332,"[""A man trying to catch a Frisbee in a park."", ""A man is catching a frisbee in a park."", ""A man is throwing a Frisbee in a park."", ""A guy is trying to catch a Frisbee in a park.""]","[""A man trying to catch a Frisbee in a park."", ""A man is catching a frisbee in a park."", ""A man in a black shirt prepares to catch a frisbee"", ""A man is throwing a Frisbee in a park."", ""A guy is trying to catch a Frisbee in a park.""]"
502288,000000502288.jpg,http://images.cocodataset.org/train2017/000000502288.jpg,http://farm4.staticflickr.com/3665/9428437310_1b46c32d98_z.jpg,http://creativecommons.org/licenses/by-nc/2.0/,605,640,0.04289256198347107,0.164421875,0.6170743801652893,0.78603125,0.15220878654442146,park,bench;frisbee,63.522088,"[""Men playing frisbee in a park on a sunny day"", ""A man is catching the frisbee in the park."", ""A bunch of people playing frisbee in a park."", ""Three guys playing in the park with a Frisbee""]","[""A man catching the disc during a game of Ultimate Frisbee."", ""Men playing frisbee in a park on a sunny day"", ""A man is catching the frisbee in the park."", ""A bunch of people playing frisbee in a park."", ""Three guys playing in the park with a Frisbee""]"
35725,000000035725.jpg,http://images.cocodataset.org/train2017/000000035725.jpg,http://farm4.staticflickr.com/3129/2637267009_e81b33b70a_z.jpg,http://creativecommons.org/licenses/by-nd/2.0/,640,480,0.551390625,0.09379166666666668,0.25615625,0.9062083333333333,0.0851388079427083,park,bench;frisbee,62.851388,"[""A man in a crowded park catches a frisbee."", ""People are in the park  chatting, walking the paths, and playing frisbee."", ""A man catching a frisbee in the park."", ""A child is playing with a frisbee in the park.""]","[""A man in a crowded park catches a frisbee."", ""A person playing frisbee raises his arms to make a catch."", ""People are in the park  chatting, walking the paths, and playing frisbee."", ""A man catching a frisbee in the park."", ""A child is playing with a frisbee in the park.""]"
301605,000000301605.jpg,http://images.cocodataset.org/train2017/000000301605.jpg,http://farm1.staticflickr.com/191/503981036_268afc4a40_z.jpg,http://creativecommons.org/licenses/by-sa/2.0/,640,480,0.616859375,0.27416666666666667,0.383140625,0.7146041666666666,0.19332608740234378,park,bench;bicycle,61.933261,"[""A street bustling with pedestrians next to a park."", ""A man talking on the phone in a park."", ""A man talking on his cell phone in the park"", ""Man holding phone in front of a busy park walkway.""]","[""A street bustling with pedestrians next to a park."", ""A man in glasses talking on his cell phone."", ""A man talking on the phone in a park."", ""A man talking on his cell phone in the park"", ""Man holding phone in front of a busy park walkway.""]"
286302,000000286302.jpg,http://images.cocodataset.org/train2017/000000286302.jpg,http://farm5.staticflickr.com/4015/4546344816_7dae2381c5_z.jpg,http://creativecommons.org/licenses/by-nc/2.0/,640,480,0.531390625,0.09629166666666666,0.341375,0.8878958333333333,0.16513131119791666,park,bench;dog,61.651313,"[""A woman sits on a park bench with her dog sitting on the ground."", ""Woman on park bench holding a St Bernard dog on a leash."", ""Woman sitting on bench with large dog on leash at urban park."", ""A woman sitting on a bench with her St Bernard dog on a leash at the park""]","[""A woman sits on a park bench with her dog sitting on the ground."", ""A woman sitting on a bench next to a  large dog."", ""Woman on park bench holding a St Bernard dog on a leash."", ""Woman sitting on bench with large dog on leash at urban park."", ""A woman sitting on a bench with her St Bernard dog on a leash at the park""]"
287361,000000287361.jpg,http://images.cocodataset.org/train2017/000000287361.jpg,http://farm5.staticflickr.com/4150/4833278511_a95ed7939d_z.jpg,http://creativecommons.org/licenses/by-nc/2.0/,640,480,0.000265625,0.017020833333333332,0.396578125,0.9826250000000001,0.11397573274739588,park,,61.139757,"[""A skateboarder is riding the ramps at a skate park."", ""A group of people skate boarding in a skate park."", ""A bunch of people hanging out at a skate park while a boy skateboards."", ""A park with a skateboarder up close and some skateboarders in the background."", ""A young man skateboarding at a skate park.""]","[""A skateboarder is riding the ramps at a skate park."", ""A group of people skate boarding in a skate park."", ""A bunch of people hanging out at a skate park while a boy skateboards."", ""A park with a skateboarder up close and some skateboarders in the background."", ""A young man skateboarding at a skate park.""]"
26488,000000026488.jpg,http://images.cocodataset.org/train2017/000000026488.jpg,http://farm6.staticflickr.com/5541/9102063887_5846d206e5_z.jpg,http://creativecommons.org/licenses/by-nd/2.0/,640,424,0.44498437500000004,0.22127358490566035,0.29285937500000003,0.6974292452830189,0.09535967533903306,park,bench;bicycle,60.953597,"[""An elderly man sitting on one of three park benches which are positioned side by side."", ""an old man sitting on a park beanch"", ""A man sits on a white wrought iron park bench in the city square."", ""A man sitting on a metal bench at a public park.""]","[""An elderly man sitting on one of three park benches which are positioned side by side."", ""an old man sitting on a park beanch"", ""A man sits on a white wrought iron park bench in the city square."", ""A man sitting on a metal bench at a public park."", ""An older man sitting at a bench near pigeons.""]"
497674,000000497674.jpg,http://images.cocodataset.org/train2017/000000497674.jpg,http://farm4.staticflickr.com/3263/2538616801_c250c378a1_z.jpg,http://creativecommons.org/licenses/by-nc/2.0/,500,343,0.11562,0.19341107871720117,0.43668,0.5801457725947522,0.09316383469387754,park,bench;dog,60.931638,"[""A man and a dog sit in the park."", ""A man sitting on a park bench reading while a dog lays on the ground in front of him."", ""A man reading a book in the park"", ""Elderly man with dog enjoying quiet time on park bench reading.""]","[""An older person sitting on a wooden bench."", ""A man and a dog sit in the park."", ""A man sitting on a park bench reading while a dog lays on the ground in front of him."", ""A man reading a book in the park"", ""Elderly man with dog enjoying quiet time on park bench reading.""]"
233437,000000233437.jpg,http://images.cocodataset.org/train2017/000000233437.jpg,http://farm9.staticflickr.com/8376/8404552947_4d5c75ee04_z.jpg,http://creativecommons.org/licenses/by-sa/2.0/,640,512,0.663078125,0.093125,0.332984375,0.6711328125,0.08091496475219721,park,,60.80915,"[""Several young people riding skateboards at a concrete skate park."", ""Two boys are skateboarding together at a skate park."", ""Boys skateboarding in a city skate park during the day"", ""Kids are skating at a skate park during the day."", ""Boys are skateboarding around at a skateboard park.""]","[""Several young people riding skateboards at a concrete skate park."", ""Two boys are skateboarding together at a skate park."", ""Boys skateboarding in a city skate park during the day"", ""Kids are skating at a skate park during the day."", ""Boys are skateboarding around at a skateboard park.""]"
446909,000000446909.jpg,http://images.cocodataset.org/train2017/000000446909.jpg,http://farm9.staticflickr.com/8181/7895053490_2c7b0dcfe9_z.jpg,http://creativecommons.org/licenses/by/2.0/,640,425,0.067453125,0.20710588235294117,0.586109375,0.7787764705882353,0.1993407529411765,park,bench,59.993408,"[""a man sitting on a green bench in a park"", ""a man with glasses sits on a park bench"", ""A man is sitting on a green bench in a park."", ""An overexposed photograph of a man sitting on a park bench""]","[""a man sitting on a green bench in a park"", ""there is a man sitting on a green bench"", ""a man with glasses sits on a park bench"", ""A man is sitting on a green bench in a park."", ""An overexposed photograph of a man sitting on a park bench""]"
10534,000000010534.jpg,http://images.cocodataset.org/train2017/000000010534.jpg,http://farm9.staticflickr.com/8189/8091545658_a4992b5258_z.jpg,http://creativecommons.org/licenses/by-nc/2.0/,640,328,0.353921875,0.4124390243902439,0.529734375,0.5695121951219513,0.18829731778772868,park,bench,59.882973,"[""A black and white photo of a woman asleep on a park bench surrounded by foilage."", ""A woman taking a nap on a park bench."", ""A woman falls asleep on a park bench."", ""a woman sleeps on a park bench""]","[""A black and white photo of a woman asleep on a park bench surrounded by foilage."", ""A woman laying down on top of a bench."", ""A woman taking a nap on a park bench."", ""A woman falls asleep on a park bench."", ""a woman sleeps on a park bench""]"
14533,000000014533.jpg,http://images.cocodataset.org/train2017/000000014533.jpg,http://farm9.staticflickr.com/8086/8539384399_e7e786d973_z.jpg,http://creativecommons.org/licenses/by-nc-nd/2.0/,640,408,0.335296875,0.24774509803921568,0.597203125,0.7381372549019608,0.16601340188419123,park,bench,59.660134,"[""An evil clown sitting on a park bench in winter."", ""Angry clown sitting on a park bench near snow."", ""A scary clown sitting on a park bench."", ""A clown with a scary face sits on a park bench.""]","[""An evil clown sitting on a park bench in winter."", ""Angry clown sitting on a park bench near snow."", ""A scary clown sitting on a park bench."", ""A clown with a creepy mask sits on a bench"", ""A clown with a scary face sits on a park bench.""]"
332038,000000332038.jpg,http://images.cocodataset.org/train2017/000000332038.jpg,http://farm4.staticflickr.com/3481/3458555698_8ed004cfcd_z.jpg,http://creativecommons.org/licenses/by/2.0/,640,480,0.5330468749999999,0.17547916666666669,0.385046875,0.7258333333333333,0.13685909700520835,park,bench,59.368591,"[""A young boy wearing brown is holding a tree in a park."", ""a child holding on to a tree in a park."", ""A little boy is hanging onto a tree in a park."", ""A little boy holding onto a slim tree trunk in a park.""]","[""A young boy wearing brown is holding a tree in a park."", ""a child holding on to a tree in a park."", ""A little boy is hanging onto a tree in a park."", ""A smiling boy grasps a young tree at a playground on a bright sunny day."", ""A little boy holding onto a slim tree trunk in a park.""]"
49478,000000049478.jpg,http://images.cocodataset.org/train2017/000000049478.jpg,http://farm9.staticflickr.com/8055/8419907185_36187b74ed_z.jpg,http://creativecommons.org/licenses/by-nc/2.0/,640,512,0.36134374999999996,0.0471875,0.24809375,0.91685546875,0.12911653656005856,park,bench,59.291165,"[""An Asian woman sitting on a wooden bench, in a park like setting."", ""A woman sitting on a park bench looking up at the sky."", ""A woman sitting on a park bench next to a park."", ""A woman sits by her self on a park bench""]","[""A woman sitting in the middle of a wooden bench."", ""An Asian woman sitting on a wooden bench, in a park like setting."", ""A woman sitting on a park bench looking up at the sky."", ""A woman sitting on a park bench next to a park."", ""A woman sits by her self on a park bench""]"
523230,000000523230.jpg,http://images.cocodataset.org/train2017/000000523230.jpg,http://farm6.staticflickr.com/5524/9969227713_92d5890869_z.jpg,http://creativecommons.org/licenses/by-nc-nd/2.0/,640,471,0.407046875,0.18248407643312103,0.295546875,0.74552016985138,0.12444589669585986,park,bench,59.244459,"[""two men sitting on a park bench outside by a tree"", ""Two men are sitting under a tree on a park bench."", ""Two men sitting on a  park bench in the sun"", ""Two older men sitting on a bench at a park holding crutches.""]","[""two men sitting on a park bench outside by a tree"", ""Two men are sitting under a tree on a park bench."", ""Two men sitting on a  park bench in the sun"", ""A middle aged man and an older man sit on a bench beneath a tree, a pair of crutches sits between them."", ""Two older men sitting on a bench at a park holding crutches.""]"
202067,000000202067.jpg,http://images.cocodataset.org/train2017/000000202067.jpg,http://farm8.staticflickr.com/7217/7077410053_0ac0e11925_z.jpg,http://creativecommons.org/licenses/by-nc-nd/2.0/,640,512,0.145953125,0.23423828125,0.3891875,0.736484375,0.11358289855957031,park,bench,59.135829,"[""A beautiful young lady sitting on a park next next to an old man."", ""An older man stands behind a younger woman sitting on a park bench."", ""A man stands behind a woman sitting on a bench in a green park."", ""Woman sitting on a bench in park with man standing behind her.""]","[""A beautiful young lady sitting on a park next next to an old man."", ""An older man stands behind a younger woman sitting on a park bench."", ""A man stands behind a woman sitting on a bench in a green park."", ""A young woman sits posing beside an older standing man."", ""Woman sitting on a bench in park with man standing behind her.""]"
499135,000000499135.jpg,http://images.cocodataset.org/train2017/000000499135.jpg,http://farm8.staticflickr.com/7067/6801427134_d18fba2729_z.jpg,http://creativecommons.org/licenses/by-nc-sa/2.0/,640,480,0.33034375,0.20689583333333333,0.212359375,0.6988749999999999,0.08845962744140626,park,bench,58.884596,"[""A woman walking in a park looking at her phone."", ""A woman looking at her cell phone walking through a park."", ""A woman is walking through the park texting on her cell phone."", ""A dirt path in a city park with a woman walking on it and another older woman in the distance behind her.""]","[""A woman walking in a park looking at her phone."", ""A woman looking at her cell phone walking through a park."", ""A woman is walking through the park texting on her cell phone."", ""A women walks down the street while playing on her cellphone."", ""A dirt path in a city park with a woman walking on it and another older woman in the distance behind her.""]"
531960,000000531960.jpg,http://images.cocodataset.org/train2017/000000531960.jpg,http://farm4.staticflickr.com/3145/2455040357_e62fba00af_z.jpg,http://creativecommons.org/licenses/by-nc-nd/2.0/,333,500,0.18852852852852853,0.16144,0.7541141141141141,0.6928200000000001,0.19035896996996993,park,frisbee,53.90359,"[""A young man playing a game of frisbee in a park."", ""A man holding a flying disc in a park."", ""A man is about to throw a frisbee at the park."", ""A man throwing a frisbee in a park.""]","[""A young man playing a game of frisbee in a park."", ""A man holding a flying disc in a park."", ""A man is about to throw a frisbee at the park."", ""A man throwing a frisbee in a park."", ""A man is preparing to throw a frisbee""]"
259665,000000259665.jpg,http://images.cocodataset.org/train2017/000000259665.jpg,http://farm3.staticflickr.com/2740/4509181536_8fa90d8afa_z.jpg,http://creativecommons.org/licenses/by/2.0/,640,426,0.14028125,0.36798122065727695,0.23132812500000002,0.6188262910798122,0.10323181136296948,park,frisbee,53.032318,"[""Several men are in a park and have different colored Frisbees."", ""A group of guys playing Frisbee in a park"", ""A group of people playing frisbee in park next to trees."", ""A group of people playing frisbee at the park""]","[""Three people hold Frisbees while one of them throws his."", ""Several men are in a park and have different colored Frisbees."", ""A group of guys playing Frisbee in a park"", ""A group of people playing frisbee in park next to trees."", ""A group of people playing frisbee at the park""]"
200770,000000200770.jpg,http://images.cocodataset.org/train2017/000000200770.jpg,http://farm5.staticflickr.com/4038/4463230827_feaaafc941_z.jpg,http://creativecommons.org/licenses/by-nc-sa/2.0/,500,386,0.10456,0.19582901554404145,0.37989999999999996,0.7629792746113989,0.09655499015544043,park,frisbee,52.96555,"[""A man catching a frisbee while standing in a park."", ""A person running in a park catching a frisbee."", ""Man in park running toward a frisbee to catch it."", ""A man prepares to catch the frisbee in the park""]","[""A man catching a frisbee while standing in a park."", ""A person running in a park catching a frisbee."", ""A man with hat running after a frisbee on the field"", ""Man in park running toward a frisbee to catch it."", ""A man prepares to catch the frisbee in the park""]"
207763,000000207763.jpg,http://images.cocodataset.org/train2017/000000207763.jpg,http://farm1.staticflickr.com/43/205802811_4ba1e8d952_z.jpg,http://creativecommons.org/licenses/by-nc-nd/2.0/,640,426,0.238359375,0.036032863849765256,0.41078125,0.8896478873239437,0.08854372487529338,park,frisbee,52.885437,"[""Two women play frisbee in a park."", ""Two young woman in a park doing tricks with a frisbee."", ""a pair of women in a park with other people"", ""Two girls wearing black shorts are in a park while one girl holds her leg up in front of the other as the other holds a white Frisbee.""]","[""Two women play frisbee in a park."", ""Two young woman in a park doing tricks with a frisbee."", ""Two women playing frisbee with one trying to block the others catch."", ""a pair of women in a park with other people"", ""Two girls wearing black shorts are in a park while one girl holds her leg up in front of the other as the other holds a white Frisbee.""]"
540206,000000540206.jpg,http://images.cocodataset.org/train2017/000000540206.jpg,http://farm8.staticflickr.com/7350/9254932719_82e3f96be5_z.jpg,http://creativecommons.org/licenses/by-sa/2.0/,640,427,0.284640625,0.16346604215456673,0.346140625,0.7910772833723654,0.08782046875000003,park,bench;bicycle;frisbee,52.878205,"[""Men playing Frisbee in a sandy, local park"", ""A man in the park with a frisbee and other people."", ""A man in bare feet throws a frisbee in a park.""]","[""A man standing on a field holding a white frisbee."", ""Men playing Frisbee in a sandy, local park"", ""A man in the park with a frisbee and other people."", ""A man in bare feet throws a frisbee in a park."", ""A man in rolled up jeans and a brown shirt holds a white Frisbee in his fingertips.""]"
361472,000000361472.jpg,http://images.cocodataset.org/train2017/000000361472.jpg,http://farm8.staticflickr.com/7059/6829117452_a5509ae885_z.jpg,http://creativecommons.org/licenses/by-nc-sa/2.0/,612,612,0.6337091503267973,0.1775326797385621,0.3370751633986928,0.7932516339869281,0.15868716706181388,park,bicycle,51.586872,"[""Small children with protective gear playing in a park."", ""Small children stand near bicycles at a skate park."", ""Boys wearing helmets carry a bicycle up a ramp at a skate park."", ""small children playing with bikes on sloped concrete park""]","[""Small children with protective gear playing in a park."", ""Small children stand near bicycles at a skate park."", ""Boys wearing helmets carry a bicycle up a ramp at a skate park."", ""small children playing with bikes on sloped concrete park"", ""A group of young children riding bikes and skateboards with each other.""]"
158737,000000158737.jpg,http://images.cocodataset.org/train2017/000000158737.jpg,http://farm1.staticflickr.com/94/226218778_2f4c792975_z.jpg,http://creativecommons.org/licenses/by-nc-sa/2.0/,518,640,0.18366795366795366,0.1869375,0.6622779922779923,0.6891875,0.1449530955900098,park,bench;frisbee,51.449531,"[""A man throwing a white frisbee in a park."", ""A young Asian male tossing a frisbee in a park"", ""A young man playing a game while others look on from a park bench.""]","[""A man throwing a white frisbee in a park."", ""A young Asian male tossing a frisbee in a park"", ""A young man playing a game while others look on from a park bench."", ""A man is preparing to catch a frisbee"", ""A man in a yellow shirt catching a frisbee""]"
160607,000000160607.jpg,http://images.cocodataset.org/train2017/000000160607.jpg,http://farm4.staticflickr.com/3350/3437116508_245952f2b0_z.jpg,http://creativecommons.org/licenses/by-nc/2.0/,480,640,0.29570833333333335,0.5703750000000001,0.7005,0.4296249999999999,0.13511962955729168,park,bench;frisbee,51.351196,"[""A boy throwing an orange frisbee in a park."", ""The young child is playing with a frisbee in the park."", ""A child playing with a red frisbee in a park.""]","[""A boy throwing an orange frisbee in a park."", ""A young man holding his arms out as a frisbee approaches his."", ""The young child is playing with a frisbee in the park."", ""A photo of a boy catching a frisbee in the air."", ""A child playing with a red frisbee in a park.""]"
253479,000000253479.jpg,http://images.cocodataset.org/train2017/000000253479.jpg,http://farm1.staticflickr.com/125/374033252_78143a1d3d_z.jpg,http://creativecommons.org/licenses/by-nc-sa/2.0/,640,426,0.455234375,0.18528169014084508,0.27025,0.8119953051643193,0.10529159019219482,park,bench;frisbee,51.052916,"[""A guy in a park reaching out for a frisbee."", ""A man throws a frisbee into the air in a park."", ""A man throwing a red frisbee while standing in a park.""]","[""A guy in a park reaching out for a frisbee."", ""A man throws a frisbee into the air in a park."", ""a man smiling and pointing at the camera from a  distance"", ""A man throwing a red frisbee while standing in a park."", ""A man having just released a frisbee after throwing it.""]"
253125,000000253125.jpg,http://images.cocodataset.org/train2017/000000253125.jpg,http://farm7.staticflickr.com/6104/6366373831_31ca5ccf16_z.jpg,http://creativecommons.org/licenses/by-sa/2.0/,640,491,0.385734375,0.24928716904276987,0.25010937499999997,0.7372505091649695,0.08382058872199591,park,bench;kite,50.838206,"[""Boys playing with a colorful kite in a park"", ""Families hanging out with their kids at the park."", ""Two children in a park playing with a kite""]","[""Boys playing with a colorful kite in a park"", ""A young man and a little boy play with a kite together"", ""Families hanging out with their kids at the park."", ""A man and small child are flying a kite."", ""Two children in a park playing with a kite""]"
189706,000000189706.jpg,http://images.cocodataset.org/train2017/000000189706.jpg,http://farm3.staticflickr.com/2655/3999089416_7a97f939ec_z.jpg,http://creativecommons.org/licenses/by-nc-nd/2.0/,640,427,0.2543125,0.17936768149882903,0.393421875,0.7129976580796252,0.08242989205210775,park,bicycle,50.824299,"[""Man on skateboard at a park approaching a downhill drop."", ""A guy skate boarding in a skate park."", ""A man is doing a trick on a skateboard at a skate park."", ""A man wearing a hat riding his skateboard in a skate park.""]","[""Man on skateboard at a park approaching a downhill drop."", ""A guy skate boarding in a skate park."", ""A man is doing a trick on a skateboard at a skate park."", ""A young man doing tricks on his skate board."", ""A man wearing a hat riding his skateboard in a skate park.""]"
538270,000000538270.jpg,http://images.cocodataset.org/train2017/000000538270.jpg,http://farm1.staticflickr.com/196/461700814_aa3661f56d_z.jpg,http://creativecommons.org/licenses/by-nc-nd/2.0/,640,426,0.171171875,0.03769953051643192,0.563796875,0.9618779342723004,0.27550236905809855,park,,50.755024,"[""Adult males eating snack while sitting on blanket in park."", ""Guys enjoying a picnic lunch in a park with other young people"", ""some guys sitting on a blanket at the park while eating some hot dogs"", ""Two men are sitting at the park eating and drinking bear.""]","[""Adult males eating snack while sitting on blanket in park."", ""Guys enjoying a picnic lunch in a park with other young people"", ""two young men are sitting on the ground eating sandwiches"", ""some guys sitting on a blanket at the park while eating some hot dogs"", ""Two men are sitting at the park eating and drinking bear.""]"
107974,000000107974.jpg,http://images.cocodataset.org/train2017/000000107974.jpg,http://farm4.staticflickr.com/3505/3808337818_b58a16f867_z.jpg,http://creativecommons.org/licenses/by/2.0/,500,374,0.0033799999999999998,0.0050802139037433155,0.75644,0.9841978609625668,0.4023279818181818,park,bench,50.02328,"[""a person riding a skate board at a skate park"", ""Several people skating in a skateboard park wearing safety gear."", ""Skateboarder with arm guards posing in front of a skate park.""]","[""a skater is holding out his hand and flashing a symbol"", ""a person riding a skate board at a skate park"", ""A skateboarder is standing on a cement ramp."", ""Several people skating in a skateboard park wearing safety gear."", ""Skateboarder with arm guards posing in front of a skate park.""]"
365340,000000365340.jpg,http://images.cocodataset.org/train2017/000000365340.jpg,http://farm4.staticflickr.com/3625/3435367880_7ca423c824_z.jpg,http://creativecommons.org/licenses/by-nc-sa/2.0/,429,640,0.23801864801864803,0.01984375,0.4961771561771562,0.795515625,0.17717177520396268,park,bench;dog,49.771718,"[""A young man skateboards while a group of other men sit on a park bench watching"", ""a man on a skate board riding down a park road"", ""a man wearing brown is skating in a park""]","[""A young man skateboards while a group of other men sit on a park bench watching"", ""a man on a skate board riding down a park road"", ""A man on a skateboard in the street."", ""a person that is skating down the road"", ""a man wearing brown is skating in a park""]"
178971,000000178971.jpg,http://images.cocodataset.org/train2017/000000178971.jpg,http://farm6.staticflickr.com/5217/5533623545_5ab15297cc_z.jpg,http://creativecommons.org/licenses/by-nc-sa/2.0/,640,434,0.386375,0.048963133640553,0.51534375,0.9091013824884793,0.16779824632776497,park,bench;dog,49.677982,"[""Man reading a magazine on a park bench, with his dog."", ""A man sitting on the park bench reading with his dog."", ""A man reading a newspaper while sitting on a park bench with his dog.""]","[""Man reading a magazine on a park bench, with his dog."", ""A man sitting on the park bench reading with his dog."", ""A man reading a newspaper while sitting on a park bench with his dog."", ""A man sitting on a bench next to his dog."", ""An old man is reading a book on a bench with a dog.""]"
69182,000000069182.jpg,http://images.cocodataset.org/train2017/000000069182.jpg,http://farm8.staticflickr.com/7204/6921942099_7a055ee9a9_z.jpg,http://creativecommons.org/licenses/by-nc/2.0/,640,429,0.147953125,0.18806526806526808,0.41365625,0.8017948717948719,0.13692759069055943,park,,49.369276,"[""Two males riding skateboards in a skate park."", ""Two guys skateboarding at a skate park near other people."", ""Some people are skateboarding and having fun in the park."", ""Several skateboarders skateboarding in a skateboard park at the beach.""]","[""Two males riding skateboards in a skate park."", ""a couple of men that are skateboarding on a rink"", ""Two guys skateboarding at a skate park near other people."", ""Some people are skateboarding and having fun in the park."", ""Several skateboarders skateboarding in a skateboard park at the beach.""]"
416516,000000416516.jpg,http://images.cocodataset.org/train2017/000000416516.jpg,http://farm4.staticflickr.com/3109/2593760871_ce4b78f936_z.jpg,http://creativecommons.org/licenses/by-sa/2.0/,640,427,0.13193749999999999,0.05325526932084309,0.41531250000000003,0.9055971896955504,0.13327174436475409,park,bench;bicycle,49.332717,"[""The woman sit on a park bench next to a baby carriage."", ""Woman on bench with baby carriage in park area"", ""A woman sitting on a bench in the park with her baby in a carriage.""]","[""The woman sit on a park bench next to a baby carriage."", ""Woman on bench with baby carriage in park area"", ""a lady in green sitting on a bench with a baby buggy"", ""A woman sitting on a bench in the park with her baby in a carriage."", ""A woman is on a bench by a baby buggy.""]"
116804,000000116804.jpg,http://images.cocodataset.org/train2017/000000116804.jpg,http://farm3.staticflickr.com/2444/3601075062_3ca461a430_z.jpg,http://creativecommons.org/licenses/by-nc-sa/2.0/,426,640,0.010117370892018779,0.008984375,0.5030516431924883,0.6696718749999999,0.12198782515404931,park,,49.219878,"[""A couple of young people are in a skate park."", ""A boy and a girl on a skateboard in a skate park."", ""A young lady rides her skateboard at a skate park."", ""one child standing on a skateboard in a skate park.""]","[""A girl in a dress standing on a small skateboard."", ""A couple of young people are in a skate park."", ""A boy and a girl on a skateboard in a skate park."", ""A young lady rides her skateboard at a skate park."", ""one child standing on a skateboard in a skate park.""]"
452471,000000452471.jpg,http://images.cocodataset.org/train2017/000000452471.jpg,http://farm7.staticflickr.com/6059/6280863416_e60243821c_z.jpg,http://creativecommons.org/licenses/by-nc-sa/2.0/,640,480,0.40981249999999997,0.07325,0.53965625,0.6245208333333333,0.11480318977864581,park,,49.148032,"[""Boy skateboarding on a ramp in a park."", ""A boy is skateboarding at a skate park."", ""A male skateboarder in a skate park on a ramp."", ""A skateboarder doing a trick at a skate park.""]","[""Boy skateboarding on a ramp in a park."", ""A boy is skateboarding at a skate park."", ""A male skateboarder in a skate park on a ramp."", ""A skateboarder doing a trick at a skate park."", ""Man on a skateboard on the top of a ramp doing a trick.""]"
135210,000000135210.jpg,http://images.cocodataset.org/train2017/000000135210.jpg,http://farm8.staticflickr.com/7033/6421425979_5085107f3d_z.jpg,http://creativecommons.org/licenses/by-sa/2.0/,640,427,0.334453125,0.010398126463700235,0.471375,0.9740281030444965,0.3147114633343091,park,bench,49.147115,"[""The baby is playing with the phone in the park."", ""The baby on the blanket at the park is hoding  a Motorola phone."", ""a small child at a park putting a cellular phone to her mouth""]","[""A child holding a Motorola cell phone in its hand"", ""The baby is playing with the phone in the park."", ""The baby on the blanket at the park is hoding  a Motorola phone."", ""A little girl in a playground holds a cell phone to her face."", ""a small child at a park putting a cellular phone to her mouth""]"
523937,000000523937.jpg,http://images.cocodataset.org/train2017/000000523937.jpg,http://farm4.staticflickr.com/3664/5777735237_8d2c6a0b7b_z.jpg,http://creativecommons.org/licenses/by/2.0/,640,480,0.33859374999999997,0.20260416666666667,0.25903125,0.7855416666666667,0.11092342106119794,park,,49.109234,"[""a group of kids pay in a skate park"", ""Young boys with skate boards at a skate board park."", ""A group of skateboarders atop a wall at a skate park."", ""The skateboarders wearing helmets are standing in a skate park.""]","[""a group of kids pay in a skate park"", ""Young boys with skate boards at a skate board park."", ""A group of boys with skateboards by a ramp."", ""A group of skateboarders atop a wall at a skate park."", ""The skateboarders wearing helmets are standing in a skate park.""]"
435414,000000435414.jpg,http://images.cocodataset.org/train2017/000000435414.jpg,http://farm1.staticflickr.com/10/12239689_0ad9e20e3a_z.jpg,http://creativecommons.org/licenses/by-nc/2.0/,640,447,0.757953125,0.05606263982102908,0.21296875,0.9304921700223714,0.10428225898350114,park,bench;dog,49.042823,"[""African American man oversees two white dogs off leash in a park setting"", ""A man and two dogs stand near a park bench."", ""A man standing next to two dogs in a park.""]","[""A couple of dogs and a man by a fence."", ""African American man oversees two white dogs off leash in a park setting"", ""A man and two dogs stand near a park bench."", ""A man standing next to two dogs in a park."", ""a man walks down a sidewalk in the opposite direction of some dogs""]"
139429,000000139429.jpg,http://images.cocodataset.org/train2017/000000139429.jpg,http://farm1.staticflickr.com/68/212576304_8467bb85c1_z.jpg,http://creativecommons.org/licenses/by-nc-sa/2.0/,640,480,0.5301875,0.15216666666666667,0.22184374999999998,0.7566666666666666,0.10330699055989583,park,bench;dog,49.03307,"[""Two women with a dog on a leash sitting on a park bench"", ""Two women sit on a park bench while a dog relaxes in the shade."", ""A woman and a girl sitting on a park bench with a dog laying under the bench.""]","[""Two women with a dog on a leash sitting on a park bench"", ""two people siting on a desk with a dog on a leash"", ""Two women sit on a park bench while a dog relaxes in the shade."", ""A woman and a girl sitting on a park bench with a dog laying under the bench."", ""A couple of women sitting on a bench with a dog.""]"
168248,000000168248.jpg,http://images.cocodataset.org/train2017/000000168248.jpg,http://farm2.staticflickr.com/1252/1248519084_aed8845a8d_z.jpg,http://creativecommons.org/licenses/by-nc-sa/2.0/,480,640,0.33558333333333334,0.110109375,0.6382083333333333,0.440453125,0.0970615426432292,park,,48.970615,"[""A young man on a skateboard at a skate park"", ""a young man jumping with his skateboard in a skate park"", ""A man riding up the side of a ramp at a skate park."", ""A skateboarder in mid air at a skate park.""]","[""A young man on a skateboard at a skate park"", ""A man wearing an arm brace on a skateboard"", ""a young man jumping with his skateboard in a skate park"", ""A man riding up the side of a ramp at a skate park."", ""A skateboarder in mid air at a skate park.""]"
86754,000000086754.jpg,http://images.cocodataset.org/train2017/000000086754.jpg,http://farm6.staticflickr.com/5295/5465771966_76f9773af1_z.jpg,http://creativecommons.org/licenses/by-nc-nd/2.0/,640,456,0.21775000000000003,0.0,0.23696875,0.7056140350877192,0.0951888817502741,park,bench;dog,48.951889,"[""A puppy standing on a green park bench."", ""Three people are standing on a park bench with a poodle."", ""Three people standing on a park bench with a dog on a leash.""]","[""A puppy standing on a green park bench."", ""A small dog standing on a green bench with four people."", ""Three people are standing on a park bench with a poodle."", ""Four people with a small dog are standing on a bench."", ""Three people standing on a park bench with a dog on a leash.""]"
269483,000000269483.jpg,http://images.cocodataset.org/train2017/000000269483.jpg,http://farm6.staticflickr.com/5218/5467090195_0ebc2f02d3_z.jpg,http://creativecommons.org/licenses/by/2.0/,640,438,0.39084375,0.07844748858447488,0.23328125000000002,0.6884931506849316,0.08660660298944065,park,,48.866066,"[""A group of people riding skateboards at a skate park."", ""A group of young men riding skateboards at a skate park."", ""Teenagers are at a skateboarding park at the top of the bowl."", ""A group of skateboarders doing tricks at a skate park.""]","[""A group of people riding skateboards at a skate park."", ""A skateboarder doing a trick on the edge of a ramp."", ""A group of young men riding skateboards at a skate park."", ""Teenagers are at a skateboarding park at the top of the bowl."", ""A group of skateboarders doing tricks at a skate park.""]"
20069,000000020069.jpg,http://images.cocodataset.org/train2017/000000020069.jpg,http://farm3.staticflickr.com/2099/2097002872_2f2c85beca_z.jpg,http://creativecommons.org/licenses/by-nc-sa/2.0/,375,500,0.02152,0.13266,0.6973866666666666,0.5185,0.08597159093333334,park,,48.859716,"[""A child that is playing on a toy out in the park."", ""A child is playing in a recreational park."", ""A child is playing on a yellow gym park set."", ""a small kid plays in a park""]","[""A child that is playing on a toy out in the park."", ""A child is playing in a recreational park."", ""A child playing on a moving playground set."", ""A child is playing on a yellow gym park set."", ""a small kid plays in a park""]"
169865,000000169865.jpg,http://images.cocodataset.org/train2017/000000169865.jpg,http://farm3.staticflickr.com/2332/2200025226_7377c2c774_z.jpg,http://creativecommons.org/licenses/by-nc-nd/2.0/,436,640,0.26330275229357797,0.28015625,0.48708715596330276,0.41928124999999994,0.08254959109805049,park,,48.825496,"[""A boy on a skateboard at a skateboard park."", ""A young man skateboarding at a skate park."", ""A man in jeans and beanie performing a trick on a skateboard at a skate park"", ""A man at a skate park jumps over a prop.""]","[""A picture of a male skateboarding yp a ramp."", ""A boy on a skateboard at a skateboard park."", ""A young man skateboarding at a skate park."", ""A man in jeans and beanie performing a trick on a skateboard at a skate park"", ""A man at a skate park jumps over a prop.""]"
25147,000000025147.jpg,http://images.cocodataset.org/train2017/000000025147.jpg,http://farm3.staticflickr.com/2679/4092752382_dd94eee6eb_z.jpg,http://creativecommons.org/licenses/by-sa/2.0/,484,640,0.10698347107438017,0.103375,0.8706404958677686,0.883140625,0.2780089225529442,park,bench,48.780089,"[""A woman in black jacket and jeans sitting on park bench."", ""Woman in a black jacket sitting on a park bench."", ""Girl sitting on a bench in the park.""]","[""A woman sitting on a bench in front of a tree."", ""A woman in black jacket and jeans sitting on park bench."", ""Woman in a black jacket sitting on a park bench."", ""Young woman in glasses, black leather jacket, and jeans sitting on a bench."", ""Girl sitting on a bench in the park.""]"
106096,000000106096.jpg,http://images.cocodataset.org/train2017/000000106096.jpg,http://farm9.staticflickr.com/8235/8371828039_5da3a8d518_z.jpg,http://creativecommons.org/licenses/by/2.0/,480,640,0.003,0.139328125,0.7220833333333334,0.8471875000000001,0.2639097832031249,park,bench,48.639098,"[""A man by a park bench is taking off his pants."", ""A man taking off his pants beside a park bench"", ""A man taking off his pants in front of a park bench.""]","[""A man by a park bench is taking off his pants."", ""A man taking off his pants beside a park bench"", ""A man wearing a tie with half his pants off."", ""a man is taking off his pants near a bench"", ""A man taking off his pants in front of a park bench.""]"
68121,000000068121.jpg,http://images.cocodataset.org/train2017/000000068121.jpg,http://farm8.staticflickr.com/7272/7646376140_a237cc7041_z.jpg,http://creativecommons.org/licenses/by/2.0/,640,479,0.0185,0.015887265135699373,0.731625,0.9617954070981211,0.21908477508481206,park,bench,48.190848,"[""Guy sitting on the park bench holding up his cell phone"", ""A man sits on a concrete park bench and takes a photograph."", ""A man in the park taking a picture with his cell phone.""]","[""A man sitting on a bench takes a picture with his phone."", ""a guy taking a picture with his cell phone"", ""Guy sitting on the park bench holding up his cell phone"", ""A man sits on a concrete park bench and takes a photograph."", ""A man in the park taking a picture with his cell phone.""]"
146076,000000146076.jpg,http://images.cocodataset.org/train2017/000000146076.jpg,http://farm4.staticflickr.com/3810/9416151887_9ec7680564_z.jpg,http://creativecommons.org/licenses/by-nc-sa/2.0/,481,640,0.032806652806652806,0.222203125,0.5698336798336798,0.639,0.20321015218944904,park,bench,48.032102,"[""Two people sit on a park bench on a sunny day."", ""A man removing his jacket on a park bench alongside a woman."", ""A man and woman are sitting on a park bench.""]","[""A man and woman sitting on a bench."", ""Two people sit on a park bench on a sunny day."", ""A man removing his jacket on a park bench alongside a woman."", ""A man and a woman sitting on a bench."", ""A man and woman are sitting on a park bench.""]"
432502,000000432502.jpg,http://images.cocodataset.org/train2017/000000432502.jpg,http://farm8.staticflickr.com/7368/9543694088_eeae3e3914_z.jpg,http://creativecommons.org/licenses/by-nc-sa/2.0/,640,427,0.259375,0.2067447306791569,0.571234375,0.7797658079625293,0.19555839889490634,park,bench,47.955584,"[""a couple of people sitting on a park bench"", ""A man hugging a woman as they sit on a wooden park bench with woods behind them."", ""A man and woman hug on a park bench.""]","[""a couple of people sitting on a park bench"", ""A man hugging a woman while sitting on a bench."", ""A man hugging a woman as they sit on a wooden park bench with woods behind them."", ""A man and woman hug on a park bench."", ""An elderly couple are hugging on a bench.""]"
203734,000000203734.jpg,http://images.cocodataset.org/train2017/000000203734.jpg,http://farm9.staticflickr.com/8454/7929222840_7dc2c77c34_z.jpg,http://creativecommons.org/licenses/by-nc-sa/2.0/,640,478,0.09567187499999999,0.03301255230125523,0.40784374999999995,0.9528242677824268,0.19487806648797082,park,bench,47.948781,"[""Two young boys sitting on a park with a plate of food."", ""Two children sit on the ground at a park."", ""Two young boys in shorts at park with hands raised.""]","[""Two young boys sitting on a park with a plate of food."", ""Two children sit on the ground at a park."", ""Two young boys in shorts at park with hands raised."", ""Two children sitting in the grass eating food"", ""A boy with his hands up sitting next to another boy with pizza and a drink sitting in the grass.""]"
121349,000000121349.jpg,http://images.cocodataset.org/train2017/000000121349.jpg,http://farm4.staticflickr.com/3356/3567696536_5383531513_z.jpg,http://creativecommons.org/licenses/by-sa/2.0/,480,640,0.22575,0.368,0.7439166666666667,0.60446875,0.0946463899739583,park,bench;sports ball,47.946464,"[""Two men playing baseball in a neighborhood park."", ""two men playing softball in a park near a bench and a grill"", ""Men playing baseball in a park by their homes""]","[""There are two men that are out playing baseball."", ""The men are playing a game of baseball in the yard."", ""Two men playing baseball in a neighborhood park."", ""two men playing softball in a park near a bench and a grill"", ""Men playing baseball in a park by their homes""]"
37124,000000037124.jpg,http://images.cocodataset.org/train2017/000000037124.jpg,http://farm1.staticflickr.com/38/95865882_3261457a5c_z.jpg,http://creativecommons.org/licenses/by-nc-nd/2.0/,640,427,0.34634375,0.13482435597189696,0.31784375,0.8539344262295082,0.1942743713407494,park,bench,47.942744,"[""A man sitting alone on a park bench."", ""A woman with her legs crossed sitting on a park bench."", ""A woman sitting on a park bench looking at the camera.""]","[""A woman sitting on a bench and looking at the camera, with a purse beside her, by some bushes."", ""A man sitting alone on a park bench."", ""A woman with her legs crossed sitting on a park bench."", ""A woman sitting on a park bench looking at the camera."", ""a person in a long overcoat sitting outdoors on a wooden bench""]"
306553,000000306553.jpg,http://images.cocodataset.org/train2017/000000306553.jpg,http://farm9.staticflickr.com/8294/7878794206_cd79bccf9d_z.jpg,http://creativecommons.org/licenses/by-nc-nd/2.0/,640,427,0.10895312500000001,0.11857142857142858,0.45823437499999997,0.691264637002342,0.19203782603922726,park,bench,47.920378,"[""The two people sit on a bench overlooking the park"", ""A couple sitting on a park bench facing the water."", ""Two people in hats sit on a park bench.""]","[""The two people sit on a bench overlooking the park"", ""A couple sitting on a park bench facing the water."", ""Two people in hats sit on a park bench."", ""Two people in hats sitting on a bench"", ""Two hipsters sitting on a wooden bench next to each other.""]"
442790,000000442790.jpg,http://images.cocodataset.org/train2017/000000442790.jpg,http://farm3.staticflickr.com/2306/2094762436_52a4728943_z.jpg,http://creativecommons.org/licenses/by-nc-nd/2.0/,640,480,0.2460625,0.107875,0.370796875,0.8808958333333333,0.1887536373697917,park,bench,47.887536,"[""two boys sitting on a park bench eating"", ""a couple of kids that are on a park bench"", ""Two small boys sit close together on a bench, in a park-like area, as one eats food from a baggy and the other holds a chewed on apple.""]","[""two boys sitting on a park bench eating"", ""there are two young boys that are sitting on a bench"", ""A couple of kids sitting on top of a wooden bench."", ""a couple of kids that are on a park bench"", ""Two small boys sit close together on a bench, in a park-like area, as one eats food from a baggy and the other holds a chewed on apple.""]"
78985,000000078985.jpg,http://images.cocodataset.org/train2017/000000078985.jpg,http://farm9.staticflickr.com/8180/8054038666_b5607d27f2_z.jpg,http://creativecommons.org/licenses/by-nc-sa/2.0/,640,427,0.61525,0.20791569086651054,0.358234375,0.7914988290398127,0.1855786100336651,park,bench,47.855786,"[""An older couple sits on a park bench and watches something out of camera view."", ""A man and a woman sitting on a park bench."", ""A black and white picture of a man and woman sitting on a park bench""]","[""Black and white photograph of man and woman sitting on a bench."", ""A black and white photo of a man and woman sitting on a bench."", ""An older couple sits on a park bench and watches something out of camera view."", ""A man and a woman sitting on a park bench."", ""A black and white picture of a man and woman sitting on a park bench""]"
409488,000000409488.jpg,http://images.cocodataset.org/train2017/000000409488.jpg,http://farm4.staticflickr.com/3010/2889049362_9985be6be5_z.jpg,http://creativecommons.org/licenses/by-nc-nd/2.0/,640,480,0.07246875,0.3296458333333333,0.48034375,0.6539375,0.17347185937500004,park,bench,47.734719,"[""An old man sitting on a park bench wearing a white hat."", ""Man in white hat sitting down on a park bench reading."", ""Black and white photograph of man on park bench with paper.""]","[""An old man sitting on a park bench wearing a white hat."", ""A man with a hat on a wooden bench."", ""Man in white hat sitting down on a park bench reading."", ""Black and white photograph of man on park bench with paper."", ""a vintage photo of a man sitting on a bench""]"
489248,000000489248.jpg,http://images.cocodataset.org/train2017/000000489248.jpg,http://farm4.staticflickr.com/3235/3083713961_f7a5962d48_z.jpg,http://creativecommons.org/licenses/by-nc/2.0/,640,426,0.073296875,0.1816431924882629,0.493609375,0.8089906103286385,0.17271966292546947,park,bench,47.727197,"[""A man sitting on a park bench next to a herd of sheep."", ""A man sitting on a park bench near some lambs"", ""An older man sitting on a park bench looking at a sheep""]","[""A man sitting on a park bench next to a herd of sheep."", ""A man sitting on a park bench near some lambs"", ""An older man sitting on a park bench looking at a sheep"", ""A man is sitting on a bench and looking to the left."", ""An older man sitting on a bench looking at sheep""]"
350557,000000350557.jpg,http://images.cocodataset.org/train2017/000000350557.jpg,http://farm9.staticflickr.com/8080/8311063507_acc120d020_z.jpg,http://creativecommons.org/licenses/by-nc-sa/2.0/,640,478,0.003359375,0.3011297071129707,0.382671875,0.69663179916318,0.17162669194560673,park,bench,47.716267,"[""A woman looks at a laptop computer in a park."", ""A woman sitting on a park bench looking at a laptop."", ""A woman working on a laptop in a park at sunset.""]","[""A woman looks at a laptop computer in a park."", ""A man is sitting on a bench using a laptop."", ""A woman sitting on a park bench looking at a laptop."", ""A woman working on a laptop in a park at sunset."", ""the woman is looking at the plaque in front of her""]"
220226,000000220226.jpg,http://images.cocodataset.org/train2017/000000220226.jpg,http://farm4.staticflickr.com/3204/2766029691_83c182da55_z.jpg,http://creativecommons.org/licenses/by-sa/2.0/,640,480,0.27871875,0.15427083333333333,0.42229687499999996,0.8333333333333334,0.1715615310872396,park,bench,47.715615,"[""a man sitting on a wooden park bench wearing a hat"", ""An older person sitting on a bench in a park playing a game in a magazine."", ""An elderly gentleman sits on a park bench with a magazine""]","[""a man sitting on a wooden park bench wearing a hat"", ""A woman in a hat sitting on a wooden bench."", ""An older person sitting on a bench in a park playing a game in a magazine."", ""An elderly gentleman sits on a park bench with a magazine"", ""A person is sitting on the bench with a book and a utensil in their hand.""]"
541901,000000541901.jpg,http://images.cocodataset.org/train2017/000000541901.jpg,http://farm6.staticflickr.com/5310/5619616662_c1e5b34bd3_z.jpg,http://creativecommons.org/licenses/by-sa/2.0/,480,640,0.14114583333333333,0.3198125,0.5675625,0.64190625,0.16977215950520833,park,bench,47.697722,"[""A helmeted skateboarder practicing at a skate park."", ""A young man riding a skateboard in a half pipe at a skate park."", ""Boy riding his skateboard in a skateboard park.""]","[""A helmeted skateboarder practicing at a skate park."", ""A young man riding a skateboard in a half pipe at a skate park."", ""Boy riding his skateboard in a skateboard park."", ""A boy is skate boarding on a skate board ramp"", ""A skateboarder in a cement bowl during a trick.""]"
323288,000000323288.jpg,http://images.cocodataset.org/train2017/000000323288.jpg,http://farm8.staticflickr.com/7341/9243835625_2a103dec99_z.jpg,http://creativecommons.org/licenses/by-nd/2.0/,640,480,0.39437500000000003,0.19102083333333333,0.48371875,0.7955,0.1686371318359375,park,bench,47.686371,"[""A large older man sitting on a wooden bench in a park."", ""A man sitting on a park bench by himself."", ""A large older man sits on a park bench""]","[""A large older man sitting on a wooden bench in a park."", ""A heavy set man sitting on a bench alone with a light colored shirt on"", ""A man sitting on a park bench by himself."", ""A man sitting on a wooden bench in front of trees."", ""A large older man sits on a park bench""]"
493218,000000493218.jpg,http://images.cocodataset.org/train2017/000000493218.jpg,http://farm6.staticflickr.com/5331/7369495576_231cac48e2_z.jpg,http://creativecommons.org/licenses/by-nc-nd/2.0/,640,480,0.001859375,0.07160416666666666,0.3148125,0.849375,0.16723022623697917,park,bench,47.672302,"[""Several women sitting on a park bench outside."", ""Black and white picture of three elderly women sitting on a park bench."", ""a couple of women sit on a park bench""]","[""older women sit on a bench, with one of the women holding crutches"", ""Several women sitting on a park bench outside."", ""Black and white picture of three elderly women sitting on a park bench."", ""a couple of people are sitting on a bench"", ""a couple of women sit on a park bench""]"
424712,000000424712.jpg,http://images.cocodataset.org/train2017/000000424712.jpg,http://farm7.staticflickr.com/6034/6352044054_e96a8ff9de_z.jpg,http://creativecommons.org/licenses/by-nc-sa/2.0/,640,640,0.069703125,0.15509375,0.40584375,0.70815625,0.1628441593017578,park,bench,47.628442,"[""Three people on a park bench look at the phone of the person in the middle."", ""The smoking man and the disheveled woman flank the man on the park bench and stare at his crotch."", ""Two men and a woman sitting on a park bench.""]","[""Three people on a park bench look at the phone of the person in the middle."", ""The smoking man and the disheveled woman flank the man on the park bench and stare at his crotch."", ""Two men and a woman sitting on a park bench."", ""Three people sitting on a bench looking at a phone."", ""A black and white photo of two men and a woman sitting on a bench, middle man is texting.""]"
249325,000000249325.jpg,http://images.cocodataset.org/train2017/000000249325.jpg,http://farm5.staticflickr.com/4012/4421356390_d442d170a3_z.jpg,http://creativecommons.org/licenses/by-nc-sa/2.0/,640,451,0.50990625,0.01760532150776053,0.42915625,0.9235920177383592,0.15409785060975612,park,bench,47.540979,"[""A man is reading a newspaper on a park bench surrounded by pigeons."", ""An older man sitting on a park bench reading a paper near some pigeons."", ""A man sitting on a park bench reading the paper.""]","[""A man sitting on a bench next to pigeons holding a news paper."", ""An older gentleman sits on a bench reading the newspaper."", ""A man is reading a newspaper on a park bench surrounded by pigeons."", ""An older man sitting on a park bench reading a paper near some pigeons."", ""A man sitting on a park bench reading the paper.""]"
104537,000000104537.jpg,http://images.cocodataset.org/train2017/000000104537.jpg,http://farm9.staticflickr.com/8147/7494485652_ec5d576925_z.jpg,http://creativecommons.org/licenses/by-nc-nd/2.0/,640,427,0.038984375,0.05131147540983606,0.545734375,0.8898829039812647,0.15274262661007024,park,bench,47.527426,"[""An middle-aged Asian man sitting on a park bench."", ""A man sitting by himself on a park bench."", ""a man that is on a park bench""]","[""A man sits on a bench with his legs crossed."", ""An middle-aged Asian man sitting on a park bench."", ""A man sitting by himself on a park bench."", ""a man that is on a park bench"", ""The man crosses his fingers over his lap while sitting on a bench.""]"
523304,000000523304.jpg,http://images.cocodataset.org/train2017/000000523304.jpg,http://farm8.staticflickr.com/7162/6811044813_d9959cb4f2_z.jpg,http://creativecommons.org/licenses/by-nc-sa/2.0/,426,640,0.10518779342723006,0.261140625,0.8618544600938967,0.58909375,0.14543798360475355,park,bench,47.45438,"[""A man is sitting sideways on a bench in a park while reading a book."", ""A man sitting on a bench in the park."", ""The man is sitting on a park bench reading a book.""]","[""a person sitting on a bench reading something"", ""A man is sitting sideways on a bench in a park while reading a book."", ""A man sitting on a bench in the park."", ""A man sitting on a bench reading a book."", ""The man is sitting on a park bench reading a book.""]"
493845,000000493845.jpg,http://images.cocodataset.org/train2017/000000493845.jpg,http://farm5.staticflickr.com/4092/5013566769_62d1092364_z.jpg,http://creativecommons.org/licenses/by/2.0/,640,360,0.186234375,0.10766666666666666,0.42567187500000003,0.8738611111111111,0.13568396267361119,park,bench,47.35684,"[""An old man is skateboarding at the skate park."", ""A man on a skateboard skating in a skate park."", ""This is an image of a man on a skateboard at a skateboard park.""]","[""An old man is skateboarding at the skate park."", ""A man on a skateboard skating in a skate park."", ""An old man riding a skateboard down a half pipe."", ""This is an image of a man on a skateboard at a skateboard park."", ""A person dropping in a bowl on a skateboard""]"
570680,000000570680.jpg,http://images.cocodataset.org/train2017/000000570680.jpg,http://farm3.staticflickr.com/2689/4122208279_7fc4d245c4_z.jpg,http://creativecommons.org/licenses/by-nc-sa/2.0/,480,640,0.21741666666666667,0.085234375,0.5366666666666667,0.6775625,0.13251256022135408,park,bench,47.325126,"[""Skat boarder performing trick on rail in skate park"", ""Person standing on skateboard at skate park at night."", ""A skateboarder at a skating park in the evening.""]","[""a person that is on a black skateboard"", ""Skat boarder performing trick on rail in skate park"", ""Person standing on skateboard at skate park at night."", ""A person in blue is riding a skateboard."", ""A skateboarder at a skating park in the evening.""]"
204863,000000204863.jpg,http://images.cocodataset.org/train2017/000000204863.jpg,http://farm6.staticflickr.com/5240/5879686439_9978c64284_z.jpg,http://creativecommons.org/licenses/by-nc-sa/2.0/,640,480,0.237640625,0.22247916666666667,0.264609375,0.7775208333333333,0.13056519010416667,park,bench,47.305652,"[""A man and a woman eating food at the park."", ""A man and a woman are enjoying a treat at a park"", ""The man and woman are standing at the park.""]","[""A man and a woman eating food at the park."", ""A man and woman standing near each other in the grass."", ""A young woman eating cake next to a man."", ""A man and a woman are enjoying a treat at a park"", ""The man and woman are standing at the park.""]"
484150,000000484150.jpg,http://images.cocodataset.org/train2017/000000484150.jpg,http://farm4.staticflickr.com/3247/3113304881_80c47ccf3a_z.jpg,http://creativecommons.org/licenses/by-nc/2.0/,640,480,0.21909375,0.015729166666666666,0.269671875,0.9707916666666667,0.13054319173177084,park,bench,47.305432,"[""A MAN AND A CHILD ARE IN A PARK"", ""A man stands with a child playing in a park."", ""a man and a child are in a park""]","[""A MAN AND A CHILD ARE IN A PARK"", ""A man and a child standing in the leaves near a bench."", ""A man stands with a child playing in a park."", ""A man and a young boy at a playground."", ""a man and a child are in a park""]"
280191,000000280191.jpg,http://images.cocodataset.org/train2017/000000280191.jpg,http://farm8.staticflickr.com/7450/8761820602_78d8831695_z.jpg,http://creativecommons.org/licenses/by/2.0/,640,429,0.45081249999999995,0.24424242424242423,0.385484375,0.7547319347319347,0.12386549825174828,park,bench,47.238655,"[""A smiling young couple seated on a park bench."", ""A couple get closer together on a park bench."", ""A man an woman sitting on a bench in a park setting.""]","[""A picture of two people sitting on a bench."", ""A smiling young couple seated on a park bench."", ""A couple get closer together on a park bench."", ""A man an woman sitting on a bench in a park setting."", ""two people sitting closely on a bench""]"
354690,000000354690.jpg,http://images.cocodataset.org/train2017/000000354690.jpg,http://farm3.staticflickr.com/2139/2124536791_81d899bd32_z.jpg,http://creativecommons.org/licenses/by/2.0/,480,640,0.08029166666666666,0.298921875,0.32114583333333335,0.57634375,0.1236400219726562,park,bench,47.2364,"[""Two people look at a huge white bird that is sitting on a park bench."", ""A large bird is sitting on a park bench."", ""A large white bird perched on a park bench as an old couple look on.""]","[""Two people looking at a large bird on a bench."", ""Two people look at a huge white bird that is sitting on a park bench."", ""A large bird is sitting on a park bench."", ""A man and a woman watching a large bird on a bench."", ""A large white bird perched on a park bench as an old couple look on.""]"
144620,000000144620.jpg,http://images.cocodataset.org/train2017/000000144620.jpg,http://farm9.staticflickr.com/8188/8128429591_3447bbfbf9_z.jpg,http://creativecommons.org/licenses/by-nc-nd/2.0/,640,427,0.067625,0.15320843091334896,0.325859375,0.8152693208430913,0.11489720378366507,park,bench,47.148972,"[""A man and a woman sitting on a bench in a park."", ""A man and a woman are sitting on a bench in a park."", ""A couple sitting on a bench in the park.""]","[""A man and a woman sitting on a bench in a park."", ""An older couple sits closely on a wooden bench."", ""A man and a woman are sitting on a bench in a park."", ""An older couple sitting on a bench with the words love story written on it."", ""A couple sitting on a bench in the park.""]"
239873,000000239873.jpg,http://images.cocodataset.org/train2017/000000239873.jpg,http://farm4.staticflickr.com/3772/9310269367_3d70f8b21e_z.jpg,http://creativecommons.org/licenses/by-nc-nd/2.0/,640,360,0.35771875,0.09663888888888889,0.256609375,0.7325833333333334,0.11484612109374999,park,bench,47.148461,"[""A toddler sits on a park bench with his feet up."", ""A little boy wearing a green shirt sitting on a park bench."", ""A toddler sits on a park bench by himself""]","[""A toddler sits on a park bench with his feet up."", ""A little boy wearing a green shirt sitting on a park bench."", ""A little boy that is sitting on a bench."", ""Little baby in green shirt on a wooden bench."", ""A toddler sits on a park bench by himself""]"
360818,000000360818.jpg,http://images.cocodataset.org/train2017/000000360818.jpg,http://farm4.staticflickr.com/3747/9370715395_0d46c464e5_z.jpg,http://creativecommons.org/licenses/by/2.0/,640,428,0.412703125,0.25,0.46540625,0.40539719626168225,0.10618734539281544,park,bench,47.061873,"[""A boy is laying on a bench in a park."", ""a boy sitting on a bench at the park"", ""A little boy is lying on a bench in a park.""]","[""A boy is laying on a bench in a park."", ""The young boy is looking intently into the camera."", ""a boy sitting on a bench at the park"", ""A little boy is lying on a bench in a park."", ""A young boy laying on top of a bench next to a tree.""]"
440153,000000440153.jpg,http://images.cocodataset.org/train2017/000000440153.jpg,http://farm8.staticflickr.com/7295/8736199632_8b8bfe60e9_z.jpg,http://creativecommons.org/licenses/by/2.0/,640,416,0.149875,0.21627403846153845,0.59646875,0.7578605769230768,0.10129640174278849,park,bench,47.012964,"[""An artist on a  park bench with a clock over his head"", ""A man laying on a park bench with a large clock in front of his face."", ""A person in red pants laying on a park bench with his hand reachign upward and a clock covering his face.""]","[""A person that is laying on a bench with a clock."", ""A man laying on a bench with a clock covering his face."", ""An artist on a  park bench with a clock over his head"", ""A man laying on a park bench with a large clock in front of his face."", ""A person in red pants laying on a park bench with his hand reachign upward and a clock covering his face.""]"
210031,000000210031.jpg,http://images.cocodataset.org/train2017/000000210031.jpg,http://farm4.staticflickr.com/3065/2779005442_bb1fcde9b9_z.jpg,http://creativecommons.org/licenses/by-nc-nd/2.0/,640,427,0.19553125,0.15459016393442623,0.386578125,0.7449648711943795,0.09996356996487121,park,bench,46.999636,"[""An elderly person leaning back on a park bench with a walker in front of him."", ""A woman with a walker is sitting on a park bench."", ""An elderly person with a walker asleep while sitting on a park bench.""]","[""AN OLD LADY SLEEPING ON THE BENCH WITH A BABY BUGGY IN FRONT OF HER."", ""An elderly person leaning back on a park bench with a walker in front of him."", ""A woman with a walker is sitting on a park bench."", ""An elderly person with a walker asleep while sitting on a park bench."", ""Old lady takes a rest from her walker on a sea side bench""]"
240500,000000240500.jpg,http://images.cocodataset.org/train2017/000000240500.jpg,http://farm4.staticflickr.com/3025/3057727948_fc877e4194_z.jpg,http://creativecommons.org/licenses/by/2.0/,618,640,0.2246116504854369,0.2684375,0.22694174757281554,0.590453125,0.09816826949332523,park,bench,46.981683,"[""Two women looking at large bird on park bench."", ""Two people are staring at a large white bird on a park bench."", ""A man and woman are watching a giant bird sitting on a park bench.""]","[""Elderly couple standing on sidewalk with pelicans nearby."", ""Two women looking at large bird on park bench."", ""An older couple admiring a pelican on a bench."", ""Two people are staring at a large white bird on a park bench."", ""A man and woman are watching a giant bird sitting on a park bench.""]"
77864,000000077864.jpg,http://images.cocodataset.org/train2017/000000077864.jpg,http://farm6.staticflickr.com/5189/5640093315_aeafb23932_z.jpg,http://creativecommons.org/licenses/by-nc-sa/2.0/,640,427,0.275765625,0.11199063231850118,0.3843125,0.6720140515222482,0.09484504043471897,park,bench,46.94845,"[""A woman sitting on top of a park bench."", ""An old woman sitting on a park bench."", ""A person sits on a park bench, with a shopping bag.""]","[""A woman sitting on top of a park bench."", ""A black and white photo shows an elderly lady on a bench."", ""An old woman sitting on a park bench."", ""a woman is sitting on a bench outside"", ""A person sits on a park bench, with a shopping bag.""]"
246066,000000246066.jpg,http://images.cocodataset.org/train2017/000000246066.jpg,http://farm8.staticflickr.com/7336/9151609224_a7f92be860_z.jpg,http://creativecommons.org/licenses/by/2.0/,640,459,0.45196875,0.21224400871459695,0.37978125,0.7593028322440086,0.09242526739515254,park,bench,46.924253,"[""a woman sitting on a wooden park bench smiling at the camera"", ""A woman is sitting on a bench in the park."", ""A woman sits on a park bench on a sunny day.""]","[""a woman sitting on a wooden park bench smiling at the camera"", ""A woman sitting on top of a wooden bench."", ""A woman is sitting on a bench in the park."", ""A woman sits on a park bench on a sunny day."", ""A woman that is sitting on a bench.""]"
216581,000000216581.jpg,http://images.cocodataset.org/train2017/000000216581.jpg,http://farm9.staticflickr.com/8171/8031105598_f5be63f8a9_z.jpg,http://creativecommons.org/licenses/by-sa/2.0/,640,424,0.0,0.3751415094339623,0.33587500000000003,0.6248584905660377,0.0885305496388562,park,bench,46.885305,"[""this is a photo of a large crowd of young adults sitting on a long row of park benches"", ""A lot of people sitting on park benches all doing different things."", ""Several people are seated on the benches of a park.""]","[""this is a photo of a large crowd of young adults sitting on a long row of park benches"", ""A lot of people sitting on park benches all doing different things."", ""A black and white photo of people sitting on the bench."", ""A group of crazy hipsters playing with their phones"", ""Several people are seated on the benches of a park.""]"
10040,000000010040.jpg,http://images.cocodataset.org/train2017/000000010040.jpg,http://farm9.staticflickr.com/8213/8264511585_0a5e6212c2_z.jpg,http://creativecommons.org/licenses/by-nc/2.0/,640,480,0.09309375,0.0626875,0.16396875,0.8850416666666666,0.08827158007812506,park,bench,46.882716,"[""Soldiers performing a ceremony in a city park."", ""Members of the military are in a park."", ""Military officers standing on a public park in uniform.""]","[""A group of soldiers standing next to a bench."", ""Soldiers performing a ceremony in a city park."", ""Members of the military are in a park."", ""Military officers standing on a public park in uniform."", ""A group of Army soldiers visit a memorial.""]"
338218,000000338218.jpg,http://images.cocodataset.org/train2017/000000338218.jpg,http://farm6.staticflickr.com/5446/7431900412_994b48eff1_z.jpg,http://creativecommons.org/licenses/by-nc-sa/2.0/,640,359,0.157,0.1456267409470752,0.21675,0.658941504178273,0.08049310541434539,park,bench,46.804931,"[""A man lays on a park bench; a passerby stops to check on a man laying on a park bench."", ""A man sleeping on a park bench, then a woman looks at another man with a newspaper over his face on another park bench."", ""Two different pictures of men asleep on park benches with their faces covered.""]","[""Several people lie on benches outside in different places"", ""Two photos of a man sleeping on a bench."", ""A man lays on a park bench; a passerby stops to check on a man laying on a park bench."", ""A man sleeping on a park bench, then a woman looks at another man with a newspaper over his face on another park bench."", ""Two different pictures of men asleep on park benches with their faces covered.""]"
477259,000000477259.jpg,http://images.cocodataset.org/train2017/000000477259.jpg,http://farm4.staticflickr.com/3193/2546435016_b0618d3a57_z.jpg,http://creativecommons.org/licenses/by-nc-nd/2.0/,640,480,0.117984375,0.11010416666666667,0.70059375,0.7659166666666667,0.21591189388020837,park,bicycle;frisbee,44.159119,"[""A man is sitting on a large lawn with a groups of people."", ""Two guys enjoy a game of Frisbee while sitting on a green lawn."", ""Two men throwing a frisbee at a park.""]","[""A man is sitting on a large lawn with a groups of people."", ""Two guys enjoy a game of Frisbee while sitting on a green lawn."", ""Many people are having fun at an outdoor event"", ""Two men throwing a frisbee at a park."", ""A group of people sitting down playing with a frisbee.""]"
490415,000000490415.jpg,http://images.cocodataset.org/train2017/000000490415.jpg,http://farm4.staticflickr.com/3553/3691633742_261a855ce6_z.jpg,http://creativecommons.org/licenses/by-sa/2.0/,480,640,0.0,0.391390625,0.7111041666666666,0.597859375,0.17921575651041663,park,bicycle;kite,43.792158,"[""A person flies a kite in a grassy field."", ""Guy out in the park flying a triangle tubed kite"", ""A man in a park area flying a kite""]","[""A person flies a kite in a grassy field."", ""Guy out in the park flying a triangle tubed kite"", ""A man stands n a field flying a triangular prism kite."", ""A man is flying a kite while others bicycle in the background."", ""A man in a park area flying a kite""]"
185153,000000185153.jpg,http://images.cocodataset.org/train2017/000000185153.jpg,http://farm1.staticflickr.com/54/140035872_dc3aa77bc8_z.jpg,http://creativecommons.org/licenses/by-nc-sa/2.0/,640,480,0.47465624999999995,0.13852083333333332,0.46959375000000003,0.8513541666666666,0.14437030403645834,park,bicycle;frisbee,43.443703,"[""Two guys in green shirts playing frisbee on a grassy lawn"", ""Two men playing with a frisbie on a grass field."", ""a guy at the park holding onto a white umbrella""]","[""Two guys in green shirts playing frisbee on a grassy lawn"", ""A boy with a green shirt has a Frisbee in his hands."", ""Two men playing with a frisbie on a grass field."", ""a guy at the park holding onto a white umbrella"", ""a man is holding a white disk in a field""]"
489452,000000489452.jpg,http://images.cocodataset.org/train2017/000000489452.jpg,http://farm2.staticflickr.com/1173/678795137_bb1a91f659_z.jpg,http://creativecommons.org/licenses/by-nc-sa/2.0/,640,426,0.11751562499999998,0.0560093896713615,0.2604375,0.9439906103286385,0.13352351617517608,park,bicycle;frisbee,43.335235,"[""People playing Frisbee in a park in the summer."", ""A woman watches a group of people dive for a frisbee in the park."", ""A group of young adults play frisbee in a park.""]","[""A woman in a short dress standing on top of a lush green field."", ""People playing Frisbee in a park in the summer."", ""A woman watches a group of people dive for a frisbee in the park."", ""Woman in black skirt watching a group of men jump at a frisbee."", ""A group of young adults play frisbee in a park.""]"
323791,000000323791.jpg,http://images.cocodataset.org/train2017/000000323791.jpg,http://farm8.staticflickr.com/7026/6784786727_c2b1cc8b7e_z.jpg,http://creativecommons.org/licenses/by/2.0/,640,427,0.07196875,0.16592505854800935,0.371828125,0.8224590163934427,0.12374301943062059,park,bicycle;kite,43.23743,"[""Three men in a park with kites in hand."", ""A man holding a kite in a park"", ""a man is in the park holding a kite""]","[""Three men in a park with kites in hand."", ""A man holding a kite in a park"", ""a man is in the park holding a kite"", ""A man wearing a green shirt and black jacket stands holding a square shaped kite in a grassy area near a large building."", ""A man is flying a fish kite in a grassy area in front of a building.""]"
147012,000000147012.jpg,http://images.cocodataset.org/train2017/000000147012.jpg,http://farm1.staticflickr.com/45/118911884_4964653237_z.jpg,http://creativecommons.org/licenses/by-sa/2.0/,640,480,0.17528125,0.3438125,0.45168749999999996,0.6449583333333333,0.16873576009114585,park,frisbee;sports ball,42.687358,"[""People at a park with a frisbee and a football."", ""some kids watching a guy with a frisbee in the park"", ""A group of people standing around each other in a park.""]","[""A group of young people checking out a frisbee"", ""People at a park with a frisbee and a football."", ""some kids watching a guy with a frisbee in the park"", ""A group of people standing around each other in a park."", ""A group of people looking at a Frisbee.""]"
3514,000000003514.jpg,http://images.cocodataset.org/train2017/000000003514.jpg,http://farm1.staticflickr.com/44/137454550_960a786dc7_z.jpg,http://creativecommons.org/licenses/by-nc-sa/2.0/,640,569,0.48928125,0.23063268892794375,0.51071875,0.7584007029876977,0.2681382373132689,park,frisbee,42.681382,"[""Three men playing Frisbee in a park like setting."", ""Friends playing with a Frisbee on a green lawn"", ""A group of men playing Frisbee at a park.""]","[""there are three guys playing with a white frisbee"", ""Three men look intently at a Frisbee flying in the air."", ""Three men playing Frisbee in a park like setting."", ""Friends playing with a Frisbee on a green lawn"", ""A group of men playing Frisbee at a park.""]"
328023,000000328023.jpg,http://images.cocodataset.org/train2017/000000328023.jpg,http://farm4.staticflickr.com/3397/3419702695_347618fbb4_z.jpg,http://creativecommons.org/licenses/by-nc-sa/2.0/,640,480,0.36520312499999996,0.043291666666666666,0.6347968749999999,0.9567083333333334,0.26757966650390624,park,frisbee,42.675797,"[""A beautiful young lady holding a frisbee on top of a park."", ""A girl holding a frisbee in a park."", ""Girl in the park holding up a frisbee to her face.""]","[""A beautiful young lady holding a frisbee on top of a park."", ""A woman with her mouth open and holding a frisbee in her hands."", ""A girl holding a frisbee in a park."", ""Girl in the park holding up a frisbee to her face."", ""a woman poses with a frisbe in her hand""]"
565903,000000565903.jpg,http://images.cocodataset.org/train2017/000000565903.jpg,http://farm4.staticflickr.com/3034/2576825166_233687201d_z.jpg,http://creativecommons.org/licenses/by-nc-sa/2.0/,506,640,0.21626482213438736,0.11284374999999999,0.6638339920948616,0.88715625,0.2320736689414526,park,frisbee,42.320737,"[""a woman in the park throwing a blue frisbee"", ""A young woman throwing a frisbee at a park"", ""Young woman who barely threw a frisbee in park.""]","[""A woman with sunglasses holding a bottle of water and in a throwing motion with a frisbee in the air."", ""a woman in the park throwing a blue frisbee"", ""A young woman throwing a frisbee at a park"", ""a person holding a water bpttle and throwing a frisbe"", ""Young woman who barely threw a frisbee in park.""]"
537857,000000537857.jpg,http://images.cocodataset.org/train2017/000000537857.jpg,http://farm4.staticflickr.com/3098/2628913425_d51dd106ca_z.jpg,http://creativecommons.org/licenses/by-nc-nd/2.0/,429,640,0.29233100233100234,0.19143749999999998,0.4939160839160839,0.8085625000000001,0.21938318436771556,park,kite,42.193832,"[""many kids at the park playing with some kites"", ""A little girl flying a kite in a grassy field"", ""A young girl holding a kite string at a park.""]","[""A young girl in a dress and a yellow sunhat holds onto a kite string."", ""a little girl with her hands up in the air as she holds some kite string"", ""many kids at the park playing with some kites"", ""A little girl flying a kite in a grassy field"", ""A young girl holding a kite string at a park.""]"
215003,000000215003.jpg,http://images.cocodataset.org/train2017/000000215003.jpg,http://farm1.staticflickr.com/232/460818386_ee022aaa0e_z.jpg,http://creativecommons.org/licenses/by-sa/2.0/,640,434,0.27671875,0.002511520737327189,0.349703125,0.9865437788018434,0.20761432693692397,park,frisbee,42.076143,"[""Several people on a grass field playing a Frisbee game with other people in the distance not playing."", ""a group of boys standing on a grassy field"", ""Boys playing frisbee in a park on a sunny day""]","[""Several people on a grass field playing a Frisbee game with other people in the distance not playing."", ""a group of boys standing on a grassy field"", ""A man holding a Frisbee in front of a teen boy with his arms up in the air."", ""Boys playing frisbee in a park on a sunny day"", ""A young guy holding up his arms in a field of people.""]"
349944,000000349944.jpg,http://images.cocodataset.org/train2017/000000349944.jpg,http://farm4.staticflickr.com/3591/3392299341_1cc0ef8170_z.jpg,http://creativecommons.org/licenses/by-nc-sa/2.0/,320,240,0.10787500000000001,0.149875,0.47021875,0.8337083333333334,0.1958874114583333,park,kite,41.958874,"[""A young woman holding a kite while standing in a park."", ""A woman attempts to fly a kite in the park."", ""A young woman in a park holding a homemade kite up by the string""]","[""A young woman holding a kite while standing in a park."", ""A girl is tinkinering with her pink kite."", ""A woman attempts to fly a kite in the park."", ""A lady standing in a field holding a kite."", ""A young woman in a park holding a homemade kite up by the string""]"
292042,000000292042.jpg,http://images.cocodataset.org/train2017/000000292042.jpg,http://farm3.staticflickr.com/2683/4393644547_817ba62344_z.jpg,http://creativecommons.org/licenses/by-nc-sa/2.0/,640,427,0.15592187500000002,0.029203747072599533,0.320859375,0.9707962529274003,0.16460423832699064,park,frisbee,41.646042,"[""A woman in the park holding a frisbee."", ""A girl playing Frisbee in a park on the grass."", ""A smiling girl playing frisbee in a park.""]","[""A laughing woman in a field holds a frisbee."", ""A smiling woman in a grey jacket playing Frisbee."", ""A woman in the park holding a frisbee."", ""A girl playing Frisbee in a park on the grass."", ""A smiling girl playing frisbee in a park.""]"
149896,000000149896.jpg,http://images.cocodataset.org/train2017/000000149896.jpg,http://farm4.staticflickr.com/3018/2772329834_3fb471d7cc_z.jpg,http://creativecommons.org/licenses/by-nd/2.0/,344,500,0.09799418604651162,0.26966,0.8100290697674418,0.6696599999999999,0.1636396979651163,park,frisbee,41.636397,"[""A game of frisbee golf at the park."", ""Two girls playing a competitive Frisbee game in a park."", ""Two girls playing a game in the park.""]","[""A game of frisbee golf at the park."", ""Two girls playing a competitive Frisbee game in a park."", ""A girl in a green shirt and hat being defended by a girl in a white dress while playing frisbee."", ""On a grassy area two girls are playing frisbee."", ""Two girls playing a game in the park.""]"
76992,000000076992.jpg,http://images.cocodataset.org/train2017/000000076992.jpg,http://farm2.staticflickr.com/1049/859933991_2280de9093_z.jpg,http://creativecommons.org/licenses/by-nc/2.0/,500,381,0.039560000000000005,0.14503937007874015,0.61924,0.7155643044619422,0.14866463385826775,park,frisbee,41.486646,"[""A man is catching a frisbee in a grassy field."", ""A man in a grass field catching a frisbee."", ""A young man dives to catch a frisbee on a grassy field.""]","[""A man is catching a frisbee in a grassy field."", ""Man on a field dropping to catch a frisbee."", ""A man in a grass field catching a frisbee."", ""A man tossing a frisbee on a lush green field."", ""A young man dives to catch a frisbee on a grassy field.""]"
461915,000000461915.jpg,http://images.cocodataset.org/train2017/000000461915.jpg,http://farm9.staticflickr.com/8288/7802543006_4fb66233f3_z.jpg,http://creativecommons.org/licenses/by-nc/2.0/,427,640,0.2887822014051522,0.2781875,0.47407494145199064,0.7218125,0.14009267125292735,park,frisbee,41.400927,"[""A woman in a park with her arms outstretched."", ""A woman catches a Frisbee in a park."", ""A woman in a park catching a Frisbee.""]","[""A woman in a park with her arms outstretched."", ""There is a person reaching out to catch a frisbee"", ""A woman catches a Frisbee in a park."", ""A young woman is catching a Frisbee with both hands."", ""A woman in a park catching a Frisbee.""]"
375809,000000375809.jpg,http://images.cocodataset.org/train2017/000000375809.jpg,http://farm1.staticflickr.com/39/117827756_9a3bd5d386_z.jpg,http://creativecommons.org/licenses/by-nc-nd/2.0/,426,640,0.695469483568075,0.2,0.30453051643192486,0.741578125,0.13828710717429582,park,kite,41.382871,"[""A family flying a kite in a park."", ""Woman and child laughing in park flying kite"", ""A group of people in a grassy field with a kite in the sky.""]","[""A family flying a kite in a park."", ""Woman and child laughing in park flying kite"", ""A group of people stand and fly a kite."", ""A group of people in a grassy field with a kite in the sky."", ""A woman in a grey shirt and blue jeans flying a butterfly kite.""]"
87680,000000087680.jpg,http://images.cocodataset.org/train2017/000000087680.jpg,http://farm5.staticflickr.com/4093/4801081078_1641c21eaf_z.jpg,http://creativecommons.org/licenses/by-nd/2.0/,640,427,0.099671875,0.28362997658079625,0.242234375,0.7163700234192037,0.1246788595945551,park,frisbee,41.246789,"[""A woman and a man playing Frisbee on a lawn."", ""A man and a woman playing frisbee in the park."", ""The man and woman are playing frisbee on the lawn.""]","[""Two people are throwing a frisbee to each other"", ""A woman and a man playing Frisbee on a lawn."", ""Two people tossing a flying plastic disc in a yard."", ""A man and a woman playing frisbee in the park."", ""The man and woman are playing frisbee on the lawn.""]"
172733,000000172733.jpg,http://images.cocodataset.org/train2017/000000172733.jpg,http://farm1.staticflickr.com/221/506901458_814a21c715_z.jpg,http://creativecommons.org/licenses/by-nc-nd/2.0/,640,480,0.35928125,0.309875,0.30539062499999997,0.6736666666666667,0.1214446297200521,park,kite,41.214446,"[""A man holding a kite at the park"", ""A man holding a kite in a park"", ""a man holding onto a red and black kite in the park""]","[""A man holding a kite at the park"", ""A man that is standing in the grass with a kite."", ""a man that is holding a large red and black kite"", ""A man holding a kite in a park"", ""a man holding onto a red and black kite in the park""]"
435823,000000435823.jpg,http://images.cocodataset.org/train2017/000000435823.jpg,http://farm4.staticflickr.com/3062/2372546594_78c261afb5_z.jpg,http://creativecommons.org/licenses/by-nc-sa/2.0/,500,456,0.21844,0.0008771929824561404,0.29648,0.8697587719298245,0.11044623267543864,park,kite,41.104462,"[""A couple of adults standing next to children in a park."", ""Two small children stand next to two adults in a park filled with people."", ""A FAMILY IS PLAYING AT THE PARK""]","[""A couple of adults standing next to children in a park."", ""Two small children in a field with their parents"", ""an image of kids playing with kites"", ""Two small children stand next to two adults in a park filled with people."", ""A FAMILY IS PLAYING AT THE PARK""]"
214937,000000214937.jpg,http://images.cocodataset.org/train2017/000000214937.jpg,http://farm4.staticflickr.com/3646/3411828648_118f3d42ae_z.jpg,http://creativecommons.org/licenses/by-sa/2.0/,640,427,0.37098437500000003,0.3948711943793911,0.309671875,0.594168618266979,0.1094669125073185,park,frisbee,41.094669,"[""A young man holding a red frisbee while standing in a  park."", ""A guy in the park catching a frizzbe."", ""A man catches a frisbee in a park.""]","[""A young man holding a red frisbee while standing in a  park."", ""A guy in the park catching a frizzbe."", ""A man partially in the air while catching a frisbee."", ""A man catches a frisbee in a park."", ""a male in a white shirt and a red frisbee""]"
153717,000000153717.jpg,http://images.cocodataset.org/train2017/000000153717.jpg,http://farm3.staticflickr.com/2541/3831584943_feefa32cac_z.jpg,http://creativecommons.org/licenses/by-nc/2.0/,640,480,0.532578125,0.3139375,0.448328125,0.6741458333333333,0.10927958219401042,park,frisbee,41.092796,"[""A man tossing a frisbee on top of a green park."", ""a man throws a frisbee at a park"", ""A young man plays with a Frisbee in a park.""]","[""A man tossing a frisbee on top of a green park."", ""A man is throwing a Frisbee in the grass."", ""a man throws a frisbee at a park"", ""A young man plays with a Frisbee in a park."", ""A man is standing in the grass throwing a frisbee.""]"
572615,000000572615.jpg,http://images.cocodataset.org/train2017/000000572615.jpg,http://farm4.staticflickr.com/3728/8935313554_d53546ca57_z.jpg,http://creativecommons.org/licenses/by/2.0/,640,513,0.313125,0.23485380116959065,0.482328125,0.7392007797270955,0.1076792743360136,park,frisbee,41.076793,"[""A man in a grassy field throwing a Frisbee."", ""A man throws a frisbee in a grassy park."", ""A young man lets a frisbee fly in a colorful park.""]","[""A young man tossing a white frisbee in a field."", ""A man in a grassy field throwing a Frisbee."", ""A man throws a frisbee in a grassy park."", ""A boy throwing a frisbee in a desert field."", ""A young man lets a frisbee fly in a colorful park.""]"
305485,000000305485.jpg,http://images.cocodataset.org/train2017/000000305485.jpg,http://farm3.staticflickr.com/2636/3959355887_74d26a4cfa_z.jpg,http://creativecommons.org/licenses/by-nc-sa/2.0/,640,426,0.33746875,0.14661971830985915,0.37956249999999997,0.823943661971831,0.10437492095803985,park,frisbee,41.043749,"[""Two young men playing a game of Frisbee in a park."", ""Two man playing frisbee on a grassy field"", ""Two men playing frisbee in an open park""]","[""Two young men playing a game of Frisbee in a park."", ""Two man playing frisbee on a grassy field"", ""Grown men are playing Frisbee on a green field."", ""Two people are playing a game of frisbee"", ""Two men playing frisbee in an open park""]"
117424,000000117424.jpg,http://images.cocodataset.org/train2017/000000117424.jpg,http://farm4.staticflickr.com/3207/2428159416_0bb86a0664_z.jpg,http://creativecommons.org/licenses/by-nc-sa/2.0/,427,640,0.46327868852459014,0.503890625,0.5099765807962529,0.48312499999999997,0.10301691067769321,park,frisbee,41.030169,"[""A couple of men playing a game of frisbee in a park."", ""Two people running to catch a frisbee in a park."", ""two young men playing fribe in a park area""]","[""A couple of men playing a game of frisbee in a park."", ""Two guys jump up to catch the spinning frisbee"", ""Two people running to catch a frisbee in a park."", ""Two people are jumping to catch a yellow frisbee."", ""two young men playing fribe in a park area""]"
103250,000000103250.jpg,http://images.cocodataset.org/train2017/000000103250.jpg,http://farm1.staticflickr.com/187/425980583_7bece0fd10_z.jpg,http://creativecommons.org/licenses/by-nc-nd/2.0/,640,480,0.43820312499999997,0.42472916666666666,0.32359375,0.5640416666666667,0.09848667822265626,park,frisbee,40.984867,"[""A man standing in a park looking at trees."", ""Man standng in grassy field getting ready to throw something."", ""A young man tossing a frisbee on a lush green park.""]","[""A man standing in a park looking at trees."", ""Man standng in grassy field getting ready to throw something."", ""A young man tossing a frisbee on a lush green park."", ""A man plays catch outside in a field."", ""A man holding a frisbee in a defensive stance on a field.""]"
65456,000000065456.jpg,http://images.cocodataset.org/train2017/000000065456.jpg,http://farm4.staticflickr.com/3092/2920088143_65d1673747_z.jpg,http://creativecommons.org/licenses/by-nc-sa/2.0/,480,640,0.07789583333333333,0.27415625,0.23670833333333335,0.6427031249999999,0.09476475878906249,park,frisbee,40.947648,"[""A man running through a park carrying a frisbee."", ""A man with a frisbee jogging through a grassy field."", ""A man walking through a park while holding a white Frisbee.""]","[""A man running while holding a frisbee."", ""A man is running in the grass with a frisbee."", ""A man running through a park carrying a frisbee."", ""A man with a frisbee jogging through a grassy field."", ""A man walking through a park while holding a white Frisbee.""]"
531465,000000531465.jpg,http://images.cocodataset.org/train2017/000000531465.jpg,http://farm1.staticflickr.com/9/14135893_a175ffe8f8_z.jpg,http://creativecommons.org/licenses/by-nc-nd/2.0/,640,480,0.50675,0.132875,0.40203125,0.7939166666666666,0.09367821761067713,park,frisbee,40.936782,"[""A man is in the park with a hula hoop."", ""A guy in a park with a toy and a hula hoop."", ""Man in a park playing with a hoola hoop.""]","[""A girl swings a hula hoop around her legs"", ""A person hula hooping while holding a frisbee"", ""A man is in the park with a hula hoop."", ""A guy in a park with a toy and a hula hoop."", ""Man in a park playing with a hoola hoop.""]"
465058,000000465058.jpg,http://images.cocodataset.org/train2017/000000465058.jpg,http://farm4.staticflickr.com/3663/3505583927_2509d1a65c_z.jpg,http://creativecommons.org/licenses/by-nc-sa/2.0/,640,563,0.065234375,0.21760213143872115,0.27478125000000003,0.7325932504440497,0.08946145856460927,park,frisbee,40.894615,"[""Two men in a park playing with a white frisbee."", ""Young man jumping to catch Frisbee in grassy field."", ""Two men playing a game of frisbee at a park.""]","[""Two men in a park playing with a white frisbee."", ""Young man jumping to catch Frisbee in grassy field."", ""Two men playing a game of frisbee at a park."", ""a man ready playing frisebee and ready to caught it"", ""A man watching another man catch a frisbee.""]"
187442,000000187442.jpg,http://images.cocodataset.org/train2017/000000187442.jpg,http://farm3.staticflickr.com/2119/2130436154_20abcde58a_z.jpg,http://creativecommons.org/licenses/by/2.0/,640,480,0.395609375,0.0659375,0.542296875,0.9252708333333334,0.20414174527994788,park,bench;frisbee,40.041417,"[""Three young men sitting on a park bench."", ""Three men are sitting on a park bench.""]","[""A group of people sitting on top of a blue bench."", ""Three young men sitting on a park bench."", ""Three men are sitting on a park bench."", ""Three men sit on a bench together in the dirt."", ""Three men sitting on top of a green bench.""]"
343704,000000343704.jpg,http://images.cocodataset.org/train2017/000000343704.jpg,http://farm1.staticflickr.com/54/133512001_34213e80a4_z.jpg,http://creativecommons.org/licenses/by-nc/2.0/,362,500,0.23044198895027626,0.09468,0.5675690607734807,0.8261000000000001,0.19169656104972377,park,bench;frisbee,39.916966,"[""A woman in a park about to toss a Frisbee."", ""A woman in a park about to throw a frisbee.""]","[""A woman in blue jeans playing frizbee."", ""A beautiful girl playing a game of Frisbee with an orange Frisbee."", ""A woman in a park about to toss a Frisbee."", ""A young woman is in position to throw a red frisbee."", ""A woman in a park about to throw a frisbee.""]"
311309,000000311309.jpg,http://images.cocodataset.org/train2017/000000311309.jpg,http://farm1.staticflickr.com/17/19808956_285e4f00ef_z.jpg,http://creativecommons.org/licenses/by-nc-sa/2.0/,640,480,0.07921875,0.006895833333333334,0.40954687500000003,0.9730208333333333,0.1857870794270834,park,bench;frisbee,39.857871,"[""Two women in maroon shirts standing in a park holding a frisbee."", ""Two teens in a park playing a game.""]","[""A woman holding an orange frisbee standing on a lush green field."", ""One team mate prepares to throw a frisbee while the other waits to catch one."", ""Two women in maroon shirts standing in a park holding a frisbee."", ""Two teens in a park playing a game."", ""Two people in Swarthmore College sweatshirts are playing frisbee.""]"
43720,000000043720.jpg,http://images.cocodataset.org/train2017/000000043720.jpg,http://farm8.staticflickr.com/7009/6421427011_857fa9aa9d_z.jpg,http://creativecommons.org/licenses/by-sa/2.0/,640,427,0.30015625,0.05121779859484778,0.592890625,0.9376346604215456,0.33949888649004684,park,,39.394989,"[""A baby sitting on a picnic blanket in a park holding a cellphone."", ""A toddler holds a cellphone while sitting in a park."", ""an older baby sits in a grassy field, holding a cell phone to its face""]","[""A baby girl sitting on top of a green grass holding a cell phone."", ""Cute little kid smiling while holding a cell phone"", ""A baby sitting on a picnic blanket in a park holding a cellphone."", ""A toddler holds a cellphone while sitting in a park."", ""an older baby sits in a grassy field, holding a cell phone to its face""]"
462065,000000462065.jpg,http://images.cocodataset.org/train2017/000000462065.jpg,http://farm2.staticflickr.com/1399/1178043468_cecce66041_z.jpg,http://creativecommons.org/licenses/by-nd/2.0/,640,481,0.498234375,0.2112266112266112,0.38675000000000004,0.7618087318087319,0.11155473768840952,park,bench;frisbee,39.115547,"[""a man tossing a yellow frisbee in a park like setting"", ""a man throwing a frisbee at the park""]","[""A man standing on top of a green grass covered field."", ""a man tossing a yellow frisbee in a park like setting"", ""a man throwing a frisbee at the park"", ""a man standing in the grass throwing a frisby"", ""A person with a Frisbee on a field.""]"
205010,000000205010.jpg,http://images.cocodataset.org/train2017/000000205010.jpg,http://farm2.staticflickr.com/1097/1186184949_396a942789_z.jpg,http://creativecommons.org/licenses/by-nc-sa/2.0/,500,333,0.08214,0.12321321321321321,0.66152,0.8654654654654654,0.30925893753753747,park,,39.092589,"[""A woman with sunglasses is eating a sandwich at the park."", ""A woman sitting eating a sandwich in the park."", ""a woman sitting at the park while eating a hamburger""]","[""A woman with sunglasses is eating a sandwich at the park."", ""A woman sitting eating a sandwich in the park."", ""Young lady with puffed cheeks after just having taken a bite."", ""a lady is enjoying the sun and a burger"", ""a woman sitting at the park while eating a hamburger""]"
271580,000000271580.jpg,http://images.cocodataset.org/train2017/000000271580.jpg,http://farm5.staticflickr.com/4033/4549209783_cf5e7f2f34_z.jpg,http://creativecommons.org/licenses/by-nc-sa/2.0/,640,480,0.146625,0.3799166666666667,0.567984375,0.4314791666666667,0.10701343636067705,park,dog,39.070134,"[""A man is petting a lamb in the park."", ""A group of people petting a pet lamb in the park."", ""This is a group of people in the park with a sheep""]","[""A man is petting a lamb in the park."", ""A group of people petting a pet lamb in the park."", ""Two people kneel beside another person petting a sheep."", ""A group of teenagers petting an animal in an field."", ""This is a group of people in the park with a sheep""]"
195816,000000195816.jpg,http://images.cocodataset.org/train2017/000000195816.jpg,http://farm5.staticflickr.com/4025/4494689000_ba41301614_z.jpg,http://creativecommons.org/licenses/by-nc/2.0/,398,600,0.00678391959798995,0.00675,0.9269346733668342,0.9819833333333334,0.5137600965242882,park,bench,39.0,"[""A woman is cutting paper on a park bench."", ""Woman cutting something with a pair of scissors at a park.""]","[""a lady that is cutting something up in her hand"", ""A woman doing crafts sitting on her booty"", ""A woman is cutting paper on a park bench."", ""Woman cutting something with a pair of scissors at a park."", ""A woman that has a pair of scissors with paper.""]"
496839,000000496839.jpg,http://images.cocodataset.org/train2017/000000496839.jpg,http://farm1.staticflickr.com/42/81916183_57317c791f_z.jpg,http://creativecommons.org/licenses/by-nc-nd/2.0/,375,500,0.03885333333333334,0.55404,0.3976266666666667,0.44595999999999997,0.09798799199999998,park,bench;frisbee,38.97988,"[""A woman and a little boy are throwing a Frisbee at each other in an open park."", ""Woman in mid motion throwing a frisbee in the park.""]","[""an image of a girl that playing Frisbee with a boy"", ""A woman and a little boy are throwing a Frisbee at each other in an open park."", ""a girl in a white dress a green frisbee and a boy"", ""Woman in mid motion throwing a frisbee in the park."", ""Young woman in dress playing frisbee with a small boy.""]"
470073,000000470073.jpg,http://images.cocodataset.org/train2017/000000470073.jpg,http://farm4.staticflickr.com/3237/2667420197_de3a3f167f_z.jpg,http://creativecommons.org/licenses/by-nc-sa/2.0/,640,480,0.23490625,0.4075833333333333,0.29865624999999996,0.5883541666666667,0.09649802897135416,park,bench;kite,38.96498,"[""The man sits on top of the table laughing at the park."", ""a man and his fishing pole are sitting on a park bench""]","[""The man sits on top of the table laughing at the park."", ""a man and his fishing pole are sitting on a park bench"", ""A man sitting a wooden bench with his radio."", ""A man wearing glasses sitting on a wooden bench next to a little radio."", ""Man sitting on picnic table, with a radio.""]"
400062,000000400062.jpg,http://images.cocodataset.org/train2017/000000400062.jpg,http://farm2.staticflickr.com/1067/939412836_a4688e8313_z.jpg,http://creativecommons.org/licenses/by-nc/2.0/,640,459,0.305375,0.2361437908496732,0.477359375,0.6784313725490195,0.09429368055555558,park,bench;frisbee,38.942937,"[""A man running towards a red Frisbee in a park."", ""Adult male playing with red flying disc in grassy area of park.""]","[""A man in brown shirt playing with a red frisbee."", ""A man running towards a red Frisbee in a park."", ""A man in blue jeans reaching for a red sweater."", ""Adult male playing with red flying disc in grassy area of park."", ""A man is bending forward to catch a Frisbee.""]"
84187,000000084187.jpg,http://images.cocodataset.org/train2017/000000084187.jpg,http://farm9.staticflickr.com/8395/8817310166_d27c4113c2_z.jpg,http://creativecommons.org/licenses/by-nc/2.0/,612,612,0.03145424836601307,0.8112418300653595,0.8247222222222222,0.15281045751633987,0.09224028351809131,park,dog,38.922403,"[""Small dog on a leash in a park sitting on the grass"", ""A dog on a leash is standing in a grassy field."", ""A dog in a park cocks his head to listen to his master.""]","[""Small dog on a leash in a park sitting on the grass"", ""A dog on a leash is standing in a grassy field."", ""A unhappy looking dog on a leash on the grass outside"", ""A dog wearing a leash sitting in a lush green field."", ""A dog in a park cocks his head to listen to his master.""]"
537673,000000537673.jpg,http://images.cocodataset.org/train2017/000000537673.jpg,http://farm4.staticflickr.com/3178/3065407181_d692976cc8_z.jpg,http://creativecommons.org/licenses/by-nc-nd/2.0/,500,500,0.3745,0.13394,0.6061,0.5616599999999999,0.0833148178,park,bicycle,38.833148,"[""A skateboarder goes off the edge of some concrete in a park."", ""A young man ridding his skateboard off a ledge in a park with palm trees all around."", ""A man jumping a skateboard off a ledge at a skateboard park.""]","[""A person balancing on a skateboard on the curb of a sidewalk."", ""A skateboarder goes off the edge of some concrete in a park."", ""A person on a skateboard on a city street."", ""A young man ridding his skateboard off a ledge in a park with palm trees all around."", ""A man jumping a skateboard off a ledge at a skateboard park.""]"
299594,000000299594.jpg,http://images.cocodataset.org/train2017/000000299594.jpg,http://farm8.staticflickr.com/7200/6866514709_0c45fd2909_z.jpg,http://creativecommons.org/licenses/by-nc-sa/2.0/,640,428,0.0045156250000000005,0.0022429906542056075,0.40725,0.9865186915887851,0.2641224143910631,park,,38.641224,"[""Two guys doing stunts on their skateboards at a park."", ""Two skateboarders doing tricks at a skate park"", ""Two people riding on skateboards at a skate park.""]","[""Two men with skateboards on a slope skating"", ""Two guys doing stunts on their skateboards at a park."", ""Lower body view of a person standing with one foot on end of tilted skateboard and another person behind on a skateboard coming up an incline."", ""Two skateboarders doing tricks at a skate park"", ""Two people riding on skateboards at a skate park.""]"
11256,000000011256.jpg,http://images.cocodataset.org/train2017/000000011256.jpg,http://farm2.staticflickr.com/1369/1410968106_2b90498a05_z.jpg,http://creativecommons.org/licenses/by-nc-nd/2.0/,640,426,0.052359375,0.03370892018779342,0.878015625,0.946056338028169,0.45773350278755853,park,bench,38.577335,"[""A young woman poses on a park bench."", ""a girl laying on a bench in the park""]","[""A women who is laying on a bench."", ""A beautiful young lady laying on top of a bench."", ""a white girl laying down on a grey bench"", ""A young woman poses on a park bench."", ""a girl laying on a bench in the park""]"
413044,000000413044.jpg,http://images.cocodataset.org/train2017/000000413044.jpg,http://farm5.staticflickr.com/4015/4671920514_2b82b2785a_z.jpg,http://creativecommons.org/licenses/by-nc-sa/2.0/,640,480,0.13314062499999998,0.0022500000000000003,0.67415625,0.9842708333333333,0.437467635904948,park,bench,38.374676,"[""A woman eating a doughnut on a wooden park bench."", ""A woman eating a donut on a park bench.""]","[""The woman is eating her doughnut while sitting out on the bench."", ""A woman eating a doughnut on a wooden park bench."", ""Woman in glasses eating a donut on the bench"", ""a close up of a person eating a doughnut"", ""A woman eating a donut on a park bench.""]"
526347,000000526347.jpg,http://images.cocodataset.org/train2017/000000526347.jpg,http://farm1.staticflickr.com/66/163611709_17059c2982_z.jpg,http://creativecommons.org/licenses/by-nc/2.0/,482,640,0.2332572614107884,0.12050000000000001,0.619045643153527,0.797296875,0.22960182994035278,park,,38.296018,"[""A man skateboarding at a skateboard park in a blue shirt"", ""A skateboarder on a skateboard in a skate park."", ""A young man riding a skateboard in a skate park.""]","[""MAN ON SKATEBOARD LOOKING AHEAD TO HIS NEXT MOVE"", ""a man in shorts and a shirt skateboarding"", ""A man skateboarding at a skateboard park in a blue shirt"", ""A skateboarder on a skateboard in a skate park."", ""A young man riding a skateboard in a skate park.""]"
351430,000000351430.jpg,http://images.cocodataset.org/train2017/000000351430.jpg,http://farm8.staticflickr.com/7407/10050231846_d797512844_z.jpg,http://creativecommons.org/licenses/by/2.0/,427,640,0.10777517564402811,0.137078125,0.7308899297423888,0.8516875,0.4237728210992388,park,bench,38.237728,"[""A woman sitting on a park bench with a contemplative look."", ""A woman is sitting on a bench in a park.""]","[""A woman sitting on a park bench with a contemplative look."", ""A woman is sitting on a bench in a park."", ""The woman is sitting on a bench on a sunny day."", ""A teenaged girl in a purple shirt sits on a bench in the sun."", ""the girl is sitting on the bench looking up""]"
407042,000000407042.jpg,http://images.cocodataset.org/train2017/000000407042.jpg,http://farm7.staticflickr.com/6216/6284525677_c4a211dd37_z.jpg,http://creativecommons.org/licenses/by-nc-nd/2.0/,640,595,0.0,0.19416806722689076,0.41898437499999996,0.7914789915966387,0.22016472675945378,park,,38.201647,"[""A young boy and girl holding stuffed animals in a park."", ""A boy with a green stuffed animal and a girl with a pink stuffed animal at a park."", ""a young boy and young girl hold stuffed animals at a park""]","[""A young boy and girl holding stuffed animals in a park."", ""A boy with a green stuffed animal and a girl with a pink stuffed animal at a park."", ""a young boy and young girl hold stuffed animals at a park"", ""Smiling children who are holding stuffed animals are at an outdoor event."", ""A brother and sister hold stuffed animals.""]"
284246,000000284246.jpg,http://images.cocodataset.org/train2017/000000284246.jpg,http://farm8.staticflickr.com/7183/6785368956_c022f8ae79_z.jpg,http://creativecommons.org/licenses/by-nc-nd/2.0/,600,600,0.0337,0.021816666666666665,0.5623,0.88795,0.2147278520833333,park,,38.147279,"[""A person grinding on a skateboard at a skate park"", ""Several men perform tricks at a skate park."", ""Several men skateboarding in a skateboard park outside.""]","[""A person grinding on a skateboard at a skate park"", ""A skateboarder does a trick while his friends watch."", ""A skateboarder focuses on his board as he skates."", ""Several men perform tricks at a skate park."", ""Several men skateboarding in a skateboard park outside.""]"
460623,000000460623.jpg,http://images.cocodataset.org/train2017/000000460623.jpg,http://farm2.staticflickr.com/1190/732640455_7c8a10b6af_z.jpg,http://creativecommons.org/licenses/by-nc/2.0/,640,423,0.738515625,0.3366430260047281,0.261484375,0.6633569739952718,0.09745000812647754,park,sports ball,37.9745,"[""A couple of men playing a game of frisbee in a park."", ""Two men play catch with each other at the park."", ""People are standing in a park playing ball near a bridge.""]","[""A couple of men playing a game of frisbee in a park."", ""Two men throwing a baseball with a bridge in the background."", ""Two men play catch with each other at the park."", ""People are standing in a park playing ball near a bridge."", ""Two men playing pass with a baseball on a large grassy area.""]"
100930,000000100930.jpg,http://images.cocodataset.org/train2017/000000100930.jpg,http://farm5.staticflickr.com/4037/4414676802_95e2371912_z.jpg,http://creativecommons.org/licenses/by-nc/2.0/,333,500,0.0,0.14615999999999998,0.9117417417417418,0.7833,0.19158616636636638,park,,37.915862,"[""A person rides a skateboard at a skate park."", ""A skateboarder rides a ramp in a skate park."", ""A man in skate board inside of a skateboard park.""]","[""A person rides a skateboard at a skate park."", ""A young man riding a skateboard up the side of a ramp."", ""A skateboarder rides a ramp in a skate park."", ""A person in flannel doing a skateboard trick"", ""A man in skate board inside of a skateboard park.""]"
551648,000000551648.jpg,http://images.cocodataset.org/train2017/000000551648.jpg,http://farm8.staticflickr.com/7171/6421425491_caafe19d4b_z.jpg,http://creativecommons.org/licenses/by-sa/2.0/,640,427,0.31025,0.003957845433255269,0.5195937500000001,0.984192037470726,0.38973526547862997,park,bench,37.897353,"[""A kid sitting in a grassy field outside the water park gnaws on a cellphone."", ""A child in a park chewing on a cell phone.""]","[""A kid sitting in a grassy field outside the water park gnaws on a cellphone."", ""A little child holding a smart phone while not wearing a shirt."", ""A child in a park chewing on a cell phone."", ""The young child is chewing on the cel phone."", ""Child in the grass holding a cel phone to its face and a water slide in the back.""]"
454003,000000454003.jpg,http://images.cocodataset.org/train2017/000000454003.jpg,http://farm9.staticflickr.com/8297/7870272944_5a835aa743_z.jpg,http://creativecommons.org/licenses/by-nc-nd/2.0/,640,480,0.19718750000000002,0.0045000000000000005,0.63203125,0.8741458333333333,0.18796303076171875,park,,37.87963,"[""A young person riding a rail at a skate park."", ""A young man on a skateboard jumping a rail at a concrete skateboard park."", ""A young man is doing a trick on a railing at a park.""]","[""A young person riding a rail at a skate park."", ""A young man on a skateboard jumping a rail at a concrete skateboard park."", ""The young man is practicing his tricks on the skateboard."", ""A man on a skateboard jumping over a railing."", ""A young man is doing a trick on a railing at a park.""]"
