image_id,file_name,coco_url,flickr_url,license_url,width,height,person_x,person_y,person_width,person_height,person_box_area,scene,context_objects,context_score,caption_hits_json,captions_json
250195,000000250195.jpg,http://images.cocodataset.org/train2017/000000250195.jpg,http://farm4.staticflickr.com/3203/2715725233_e78a435fe9_z.jpg,http://creativecommons.org/licenses/by-nc-sa/2.0/,640,640,0.17978125,0.008984375,0.42021875,0.9797812499999999,0.21420580102539075,urban_street,bus;car;traffic light;truck,87.142058,"[""a person walking on a city street near a traffic light"", ""Man walking on rainy street with cars and buildings"", ""A man walking down a rain covered sidewalk."", ""A man in blue jacket and shorts walking on sidewalk."", ""A man with a black hat on walking down the street""]","[""a person walking on a city street near a traffic light"", ""Man walking on rainy street with cars and buildings"", ""A man walking down a rain covered sidewalk."", ""A man in blue jacket and shorts walking on sidewalk."", ""A man with a black hat on walking down the street""]"
553912,000000553912.jpg,http://images.cocodataset.org/train2017/000000553912.jpg,http://farm7.staticflickr.com/6154/6241938740_c425e17bdd_z.jpg,http://creativecommons.org/licenses/by/2.0/,640,478,0.49126562500000004,0.2005439330543933,0.294703125,0.7994560669456067,0.13982740651150627,urban_street,bicycle;car;traffic light;truck,82.398274,"[""LOTS OF PEOPLE AND VEHICLES ON A BUSY CITY STREET"", ""People skateboarding and riding bikes on a city street."", ""A man wearing a jacket walking across a street at a cross walk."", ""A man standing in the crosswalk at a busy intersection"", ""Person in gray hooded jacket attempting t cross busy street.""]","[""LOTS OF PEOPLE AND VEHICLES ON A BUSY CITY STREET"", ""People skateboarding and riding bikes on a city street."", ""A man wearing a jacket walking across a street at a cross walk."", ""A man standing in the crosswalk at a busy intersection"", ""Person in gray hooded jacket attempting t cross busy street.""]"
157269,000000157269.jpg,http://images.cocodataset.org/train2017/000000157269.jpg,http://farm8.staticflickr.com/7416/9414556383_0267859f3b_z.jpg,http://creativecommons.org/licenses/by-nd/2.0/,640,427,0.385953125,0.22779859484777518,0.359015625,0.7722014051522248,0.19168799601141684,urban_street,bus;car;traffic light,81.91688,"[""several men on a street corner repairing a street sign"", ""Three men look at a lamp post on a street corner."", ""There are three men standing together by a pole in the street"", ""a group of people at a street pole attaching a new sign"", ""three men work on a street light""]","[""several men on a street corner repairing a street sign"", ""Three men look at a lamp post on a street corner."", ""There are three men standing together by a pole in the street"", ""a group of people at a street pole attaching a new sign"", ""three men work on a street light""]"
526570,000000526570.jpg,http://images.cocodataset.org/train2017/000000526570.jpg,http://farm9.staticflickr.com/8525/8456287935_14251cfca5_z.jpg,http://creativecommons.org/licenses/by-nc/2.0/,612,612,0.2901797385620915,0.1461764705882353,0.27578431372549017,0.8113235294117647,0.1257696596394549,urban_street,bus;car;traffic light,81.257697,"[""A guy walking with a umbrella on a snowy sidewalk."", ""A pedestrian walks down the snowy street with an umbrella."", ""A man with an umbrella walking down a city street at night."", ""A MAN IS WALKING DOWN A SNOWY SIDEWALK WITH HIS UMBRELLA"", ""Man walking on the sidewalk while holding up an umbrella""]","[""A guy walking with a umbrella on a snowy sidewalk."", ""A pedestrian walks down the snowy street with an umbrella."", ""A man with an umbrella walking down a city street at night."", ""A MAN IS WALKING DOWN A SNOWY SIDEWALK WITH HIS UMBRELLA"", ""Man walking on the sidewalk while holding up an umbrella""]"
157653,000000157653.jpg,http://images.cocodataset.org/train2017/000000157653.jpg,http://farm1.staticflickr.com/150/376943272_5f80c1dfee_z.jpg,http://creativecommons.org/licenses/by-nc-sa/2.0/,640,428,0.262078125,0.22408878504672897,0.459390625,0.7657710280373832,0.22145400646174065,urban_street,car;traffic light;truck,81.21454,"[""A man talking on a cell phone while walking down a street."", ""A man with a cell phone on a city sidewalk."", ""A man with a cell phone to his ear walking down a sidewalk."", ""The back of a man walking on a sidewalk while holding a cell phone to his ear."", ""A man walking down a street with a cell phone up to his ear.""]","[""A man talking on a cell phone while walking down a street."", ""A man with a cell phone on a city sidewalk."", ""A man with a cell phone to his ear walking down a sidewalk."", ""The back of a man walking on a sidewalk while holding a cell phone to his ear."", ""A man walking down a street with a cell phone up to his ear.""]"
34786,000000034786.jpg,http://images.cocodataset.org/train2017/000000034786.jpg,http://farm4.staticflickr.com/3371/3586506567_1f40ee54fb_z.jpg,http://creativecommons.org/licenses/by/2.0/,640,480,0.47528125,0.3480625,0.20056250000000003,0.6519375000000001,0.0926645126953125,urban_street,bus;car;parking meter;traffic light;truck,80.926645,"[""A man dressed as a town fryer walking across the street using a cell phone"", ""An older man in a pirate outfit is walking down the street in a big city while talking on the phone"", ""a man wearing a small pirates hat walks across the street while on his cellphone"", ""The man is wearing a pirate hat, talking on the phone, and walking down the street.""]","[""A man dressed as a town fryer walking across the street using a cell phone"", ""a man dressed in a red jacket and tri point hat walking down the road talking on a cell phone"", ""An older man in a pirate outfit is walking down the street in a big city while talking on the phone"", ""a man wearing a small pirates hat walks across the street while on his cellphone"", ""The man is wearing a pirate hat, talking on the phone, and walking down the street.""]"
34900,000000034900.jpg,http://images.cocodataset.org/train2017/000000034900.jpg,http://farm1.staticflickr.com/124/362140727_a257932179_z.jpg,http://creativecommons.org/licenses/by-nc-nd/2.0/,640,426,0.40834374999999995,0.235962441314554,0.186984375,0.7527934272300469,0.08904872524207746,urban_street,car;traffic light;truck,79.890487,"[""A man has stopped in the middle of the street and his hands are full."", ""A guy standing in the street holding some stuff."", ""A man standing in the street holding papers"", ""a person standing in the street and holding papers"", ""a person walking on a city street near a traffic light""]","[""A man has stopped in the middle of the street and his hands are full."", ""A guy standing in the street holding some stuff."", ""A man standing in the street holding papers"", ""a person standing in the street and holding papers"", ""a person walking on a city street near a traffic light""]"
63650,000000063650.jpg,http://images.cocodataset.org/train2017/000000063650.jpg,http://farm7.staticflickr.com/6095/6241940826_3238fbfb16_z.jpg,http://creativecommons.org/licenses/by/2.0/,640,478,0.003390625,0.3809623430962343,0.21000000000000002,0.6076987447698745,0.08870006929916316,urban_street,car;traffic light;truck,79.887001,"[""two people riding skate boards on a city street"", ""Many people skateboard through an intersection, stopping traffic."", ""These skateboarders need to be careful with all of the street traffic."", ""Skateboarders ride beside people crossing a crowded street."", ""A group of skateboarders riding down a busy street""]","[""two people riding skate boards on a city street"", ""Many people skateboard through an intersection, stopping traffic."", ""These skateboarders need to be careful with all of the street traffic."", ""Skateboarders ride beside people crossing a crowded street."", ""A group of skateboarders riding down a busy street""]"
230996,000000230996.jpg,http://images.cocodataset.org/train2017/000000230996.jpg,http://farm7.staticflickr.com/6083/6032926509_584c7c3ffe_z.jpg,http://creativecommons.org/licenses/by-nc-sa/2.0/,640,426,0.27971875,0.07190140845070422,0.216875,0.8696713615023475,0.08683202978286383,urban_street,car;traffic light;truck,79.86832,"[""A woman crossing the street while it's raining."", ""A woman holding an umbrella walking on a crosswalk."", ""A woman in a skirt and heels crosses a crosswalk while holding an umbrella over her head."", ""a woman with an umbrella and a hand bag crossing an intersection"", ""A woman with an umbrella is hurrying across the street.""]","[""A woman crossing the street while it's raining."", ""A woman holding an umbrella walking on a crosswalk."", ""A woman in a skirt and heels crosses a crosswalk while holding an umbrella over her head."", ""a woman with an umbrella and a hand bag crossing an intersection"", ""A woman with an umbrella is hurrying across the street.""]"
194510,000000194510.jpg,http://images.cocodataset.org/train2017/000000194510.jpg,http://farm8.staticflickr.com/7301/9839136874_407aa87a1a_z.jpg,http://creativecommons.org/licenses/by-nc/2.0/,443,640,0.42546275395033856,0.552078125,0.5743115124153498,0.447921875,0.14638286928611743,urban_street,bus;car;stop sign;traffic light,79.463829,"[""A man standing under a street sign looking at paper."", ""A man standing on a sidewalk under a red no crossing sign."", ""A man looking at a piece of paper under a street sign."", ""A man in blue sweater standing under a street sign.""]","[""A man standing under a street sign looking at paper."", ""A man standing on a sidewalk under a red no crossing sign."", ""A man in blue shirt and neck scarf reading a booklet next to a traffic sign."", ""A man looking at a piece of paper under a street sign."", ""A man in blue sweater standing under a street sign.""]"
37030,000000037030.jpg,http://images.cocodataset.org/train2017/000000037030.jpg,http://farm4.staticflickr.com/3243/3004409036_8d83906d0e_z.jpg,http://creativecommons.org/licenses/by-nc-sa/2.0/,409,640,0.15471882640586798,0.085390625,0.7630562347188263,0.9011250000000001,0.4417916295461492,urban_street,traffic light;truck,79.417916,"[""A person that is looking at something down the street."", ""Man in black business suit on street corner."", ""A man in a suit on a city street."", ""A man is standing in a suit on the street."", ""Man in a black business suit and tie standing on a city street.""]","[""A person that is looking at something down the street."", ""Man in black business suit on street corner."", ""A man in a suit on a city street."", ""A man is standing in a suit on the street."", ""Man in a black business suit and tie standing on a city street.""]"
292118,000000292118.jpg,http://images.cocodataset.org/train2017/000000292118.jpg,http://farm4.staticflickr.com/3537/3397156821_05c5de362b_z.jpg,http://creativecommons.org/licenses/by-nc-nd/2.0/,640,480,0.261234375,0.18652083333333333,0.3960625,0.80225,0.2000176819661458,urban_street,car;parking meter;truck,78.000177,"[""A man wearing a parking meter repair jacket pushing a cart down a sidewalk."", ""a man on the street  with some tools"", ""A man walking down the sidewalk with a cart."", ""A parking meter repair person walking down the street."", ""A parking meter repair man walking down a street.""]","[""A man wearing a parking meter repair jacket pushing a cart down a sidewalk."", ""a man on the street  with some tools"", ""A man walking down the sidewalk with a cart."", ""A parking meter repair person walking down the street."", ""A parking meter repair man walking down a street.""]"
221713,000000221713.jpg,http://images.cocodataset.org/train2017/000000221713.jpg,http://farm4.staticflickr.com/3589/3486677938_9aceb4f7c9_z.jpg,http://creativecommons.org/licenses/by-sa/2.0/,480,640,0.4227916666666667,0.2883125,0.5710416666666667,0.7116875,0.29193620068359377,urban_street,car;traffic light,76.919362,"[""A curly haired man standing on the side of the street."", ""A guy in a tie stands on the side of the street."", ""Smiling man standing on the street in front of business buildings"", ""A necktie wearing man with an Afro stands by the street and poses for a picture."", ""A man in a dark coat and blue tie stands near a street down the way from several large buildings.""]","[""A curly haired man standing on the side of the street."", ""A guy in a tie stands on the side of the street."", ""Smiling man standing on the street in front of business buildings"", ""A necktie wearing man with an Afro stands by the street and poses for a picture."", ""A man in a dark coat and blue tie stands near a street down the way from several large buildings.""]"
5535,000000005535.jpg,http://images.cocodataset.org/train2017/000000005535.jpg,http://farm1.staticflickr.com/34/72260071_37542ca850_z.jpg,http://creativecommons.org/licenses/by-nc-nd/2.0/,640,480,0.7517031249999999,0.46031249999999996,0.2415,0.5396875,0.08418800146484375,urban_street,bus;traffic light,76.84188,"[""A man walking down the street beside a big bus."", ""A red white and blue Rapid bus crossing the intersection"", ""A man walks through a crosswalk next to a passing bus."", ""A city bus drives down a street as a man walks across a crosswalk."", ""A colorful bus passes under a light on a city street.""]","[""A man walking down the street beside a big bus."", ""A red white and blue Rapid bus crossing the intersection"", ""A man walks through a crosswalk next to a passing bus."", ""A city bus drives down a street as a man walks across a crosswalk."", ""A colorful bus passes under a light on a city street.""]"
338317,000000338317.jpg,http://images.cocodataset.org/train2017/000000338317.jpg,http://farm6.staticflickr.com/5168/5240583301_5cd725d2b4_z.jpg,http://creativecommons.org/licenses/by-nc-nd/2.0/,600,600,0.6478499999999999,0.018616666666666667,0.2934666666666667,0.93455,0.1548721734722222,urban_street,traffic light;truck,76.548722,"[""an image of a person walking down the street on her phone"", ""A street with various people walking by a building."", ""People walking down a sidewalk near a road and a building."", ""There is a lot of foot traffic on this street during the day."", ""There are people that are walking on the street""]","[""an image of a person walking down the street on her phone"", ""A street with various people walking by a building."", ""People walking down a sidewalk near a road and a building."", ""There is a lot of foot traffic on this street during the day."", ""There are people that are walking on the street""]"
471927,000000471927.jpg,http://images.cocodataset.org/train2017/000000471927.jpg,http://farm5.staticflickr.com/4112/5202466595_1b4af5a072_z.jpg,http://creativecommons.org/licenses/by-nc-nd/2.0/,600,600,0.28935,0.02018333333333333,0.25925000000000004,0.6656,0.08465934944444443,urban_street,traffic light;truck,75.846593,"[""A man wheeling two suite cases along a city sidewalk."", ""A man carrying two bags down a sidewalk."", ""a man is pulling a couple of bags down the street"", ""A man carrying two bags of luggage down the street."", ""A man pulls two luggage down a sidewalk""]","[""A man wheeling two suite cases along a city sidewalk."", ""A man carrying two bags down a sidewalk."", ""a man is pulling a couple of bags down the street"", ""A man carrying two bags of luggage down the street."", ""A man pulls two luggage down a sidewalk""]"
552092,000000552092.jpg,http://images.cocodataset.org/train2017/000000552092.jpg,http://farm6.staticflickr.com/5100/5517027925_ed7b895f9f_z.jpg,http://creativecommons.org/licenses/by-nc-nd/2.0/,640,640,0.1100625,0.040546874999999996,0.405203125,0.85021875,0.15402705383300783,urban_street,car;traffic light,75.540271,"[""A woman crossing the street in a city"", ""A street scene with people walking and vehicles on the road."", ""A woman walking across a rain covered crosswalk."", ""a person walking on the sidewalk wearing a hood and carrying a bag."", ""A hooded woman in black walking in winter down a street""]","[""A woman crossing the street in a city"", ""A street scene with people walking and vehicles on the road."", ""A woman walking across a rain covered crosswalk."", ""a person walking on the sidewalk wearing a hood and carrying a bag."", ""A hooded woman in black walking in winter down a street""]"
50161,000000050161.jpg,http://images.cocodataset.org/train2017/000000050161.jpg,http://farm3.staticflickr.com/2694/4396605539_0462a3dbf1_z.jpg,http://creativecommons.org/licenses/by-sa/2.0/,640,428,0.0,0.14651869158878505,0.20387499999999997,0.8529439252336448,0.11906657911068926,urban_street,car;traffic light,75.190666,"[""A man in a black coat and black hat walks down a rainy street with luggage."", ""A man crossing the street dressed in a suit and pulling a suitcase."", ""some people on the street cars and buildings"", ""Two men are crossing the street, both of them carrying bags."", ""Pedestrians with luggage on wet city street in a business district.""]","[""A man in a black coat and black hat walks down a rainy street with luggage."", ""A man crossing the street dressed in a suit and pulling a suitcase."", ""some people on the street cars and buildings"", ""Two men are crossing the street, both of them carrying bags."", ""Pedestrians with luggage on wet city street in a business district.""]"
227825,000000227825.jpg,http://images.cocodataset.org/train2017/000000227825.jpg,http://farm6.staticflickr.com/5304/5850726718_d23d3c3d23_z.jpg,http://creativecommons.org/licenses/by-nc/2.0/,640,480,0.47021875,0.40225000000000005,0.27135937499999996,0.5865208333333333,0.10703880045572921,urban_street,car;traffic light,75.070388,"[""A man walking down a street with a bag of luggage."", ""A man walking with a rolling case on the street."", ""A   young man walking down the street with his suitcase."", ""A man pulls a wheeled suitcase along a city street."", ""a man carrying a luggage bag down the street""]","[""A man walking down a street with a bag of luggage."", ""A man walking with a rolling case on the street."", ""A   young man walking down the street with his suitcase."", ""A man pulls a wheeled suitcase along a city street."", ""a man carrying a luggage bag down the street""]"
341027,000000341027.jpg,http://images.cocodataset.org/train2017/000000341027.jpg,http://farm3.staticflickr.com/2734/4441592056_52f5c6d3bd_z.jpg,http://creativecommons.org/licenses/by-nc-nd/2.0/,640,427,0.268671875,0.367096018735363,0.24478125,0.632903981264637,0.10468069251317332,urban_street,car;traffic light,75.046807,"[""A woman stands on the sidewalk and talks on her phone."", ""A woman walking on her cellphone in the street."", ""A woman talking on a cell phone while walking down a street."", ""A woman in a black coat standing on the street while holding a phone to her head with a postman walking u the street next to her."", ""A woman is on a cell phone on a city street.""]","[""A woman stands on the sidewalk and talks on her phone."", ""A woman walking on her cellphone in the street."", ""A woman talking on a cell phone while walking down a street."", ""A woman in a black coat standing on the street while holding a phone to her head with a postman walking u the street next to her."", ""A woman is on a cell phone on a city street.""]"
281512,000000281512.jpg,http://images.cocodataset.org/train2017/000000281512.jpg,http://farm8.staticflickr.com/7316/8748393699_ecfb2683ed_z.jpg,http://creativecommons.org/licenses/by-nd/2.0/,427,640,0.1894847775175644,0.367609375,0.38208430913348945,0.53471875,0.10324657805181503,urban_street,car;stop sign,75.032466,"[""A man walking towards a stop sign on the sidewalk."", ""A police officer is walking down the sidewalk."", ""A police officer walking down a busy street."", ""A police officer walking down a city street with a stop sign, buildings, and parked cars in the background."", ""A policeman walks down the street by the stop sign.""]","[""A man walking towards a stop sign on the sidewalk."", ""A police officer is walking down the sidewalk."", ""A police officer walking down a busy street."", ""A police officer walking down a city street with a stop sign, buildings, and parked cars in the background."", ""A policeman walks down the street by the stop sign.""]"
112096,000000112096.jpg,http://images.cocodataset.org/train2017/000000112096.jpg,http://farm6.staticflickr.com/5058/5479323199_12c7b25456_z.jpg,http://creativecommons.org/licenses/by-nc-sa/2.0/,479,640,0.5086847599164926,0.38403125,0.361294363256785,0.34978125000000004,0.10236291427453029,urban_street,car;traffic light,75.023629,"[""a group of signs sitting outside a building on a sidewalk"", ""A lipstick advertisement is posted on the side of a city street."", ""An advertisement next to a bus stop on the side of a street."", ""A street view with a poster advertising lipstick."", ""A bus stop on a street with a billboard on the side.""]","[""a group of signs sitting outside a building on a sidewalk"", ""A lipstick advertisement is posted on the side of a city street."", ""An advertisement next to a bus stop on the side of a street."", ""A street view with a poster advertising lipstick."", ""A bus stop on a street with a billboard on the side.""]"
98502,000000098502.jpg,http://images.cocodataset.org/train2017/000000098502.jpg,http://farm4.staticflickr.com/3404/3213385796_a37cf8fbcb_z.jpg,http://creativecommons.org/licenses/by-nc-sa/2.0/,333,500,0.3113513513513514,0.4009,0.35234234234234235,0.5991,0.1008266735735736,urban_street,car;traffic light,75.008267,"[""A person posing for a photo under an Obama street sign."", ""a man standing on a street corner looking up at a sign"", ""A smiling young man stands beneath an Obama street sign."", ""A smiling young man leaning against a street post."", ""A man standing under a street sign that reads, \""OBAMA.\""""]","[""A person posing for a photo under an Obama street sign."", ""a man standing on a street corner looking up at a sign"", ""A smiling young man stands beneath an Obama street sign."", ""A smiling young man leaning against a street post."", ""A man standing under a street sign that reads, \""OBAMA.\""""]"
164572,000000164572.jpg,http://images.cocodataset.org/train2017/000000164572.jpg,http://farm1.staticflickr.com/55/112162042_dbd1f2ba9e_z.jpg,http://creativecommons.org/licenses/by-nc-nd/2.0/,640,480,0.659390625,0.2866666666666667,0.20806249999999998,0.7002291666666667,0.08479186555989582,urban_street,car;traffic light,74.847919,"[""A man walking down a street next to a woman."", ""People walking downtown near a bunch of buildings ."", ""A woman walks down the sidewalk while on her mobile phone."", ""A couple of people standing on a city sidewalk."", ""A street scene with people walking on the sidewalk and a car on the road.""]","[""A man walking down a street next to a woman."", ""People walking downtown near a bunch of buildings ."", ""A woman walks down the sidewalk while on her mobile phone."", ""A couple of people standing on a city sidewalk."", ""A street scene with people walking on the sidewalk and a car on the road.""]"
565500,000000565500.jpg,http://images.cocodataset.org/train2017/000000565500.jpg,http://farm8.staticflickr.com/7007/6800921081_6ee594792a_z.jpg,http://creativecommons.org/licenses/by-nc-nd/2.0/,640,483,0.268859375,0.3349689440993789,0.21371875,0.5989648033126295,0.08287352403597305,urban_street,bus;car;traffic light;truck,73.828735,"[""a woman in a big red coat gets out of a car onto a street"", ""A woman in red jacket and black hat by car on a street."", ""A woman standing outside a car on a busy street"", ""A woman is getting in her car on a busy street.""]","[""a woman in a big red coat gets out of a car onto a street"", ""A woman in red jacket and black hat by car on a street."", ""A woman standing outside a car on a busy street"", ""A woman is getting in her car on a busy street."", ""A woman getting inside of the passenger door of a silver car.""]"
411238,000000411238.jpg,http://images.cocodataset.org/train2017/000000411238.jpg,http://farm5.staticflickr.com/4005/4472138085_dd31cc3a47_z.jpg,http://creativecommons.org/licenses/by-sa/2.0/,640,480,0.7264062499999999,0.22022916666666664,0.27359374999999997,0.7662916666666667,0.16418600309244794,urban_street,bicycle;bus;car,73.64186,"[""People walking and riding bikes on a city street."", ""Pedestrians walking down a busy street next to a bus.."", ""A street scene has a colorful bus with advertising on it."", ""A street scene of people walking, cyclists, and motor vehicles."", ""Crowded city street with pedestrians, cyclists, and buses.""]","[""People walking and riding bikes on a city street."", ""Pedestrians walking down a busy street next to a bus.."", ""A street scene has a colorful bus with advertising on it."", ""A street scene of people walking, cyclists, and motor vehicles."", ""Crowded city street with pedestrians, cyclists, and buses.""]"
260040,000000260040.jpg,http://images.cocodataset.org/train2017/000000260040.jpg,http://farm9.staticflickr.com/8272/8699740337_8704605617_z.jpg,http://creativecommons.org/licenses/by/2.0/,640,427,0.37015625,0.151943793911007,0.270171875,0.7919437939110071,0.09639960022687355,urban_street,bicycle;traffic light,72.963996,"[""A man and a woman walking down a street together."", ""A man in white jumpsuit walking with sidewalk."", ""A woman has a red flag walking down the street."", ""A man and woman wearing a mask walking down the street"", ""Two adults protest in the middle of the street.""]","[""A man and a woman walking down a street together."", ""A man in white jumpsuit walking with sidewalk."", ""A woman has a red flag walking down the street."", ""A man and woman wearing a mask walking down the street"", ""Two adults protest in the middle of the street.""]"
276768,000000276768.jpg,http://images.cocodataset.org/train2017/000000276768.jpg,http://farm8.staticflickr.com/7064/6861667931_9079d91379_z.jpg,http://creativecommons.org/licenses/by-nc-sa/2.0/,640,489,0.37092187499999996,0.10887525562372188,0.21025,0.7830061349693251,0.08221265976482618,urban_street,bicycle;bus;car,72.822127,"[""A woman riding a bike in the street and other people walking around."", ""A woman riding a bike down a street."", ""A woman riding on a bike past a busy intersection."", ""A girl peddling a bike down a street corner near a bus."", ""A woman in boots rides a bike down the street.""]","[""A woman riding a bike in the street and other people walking around."", ""A woman riding a bike down a street."", ""A woman riding on a bike past a busy intersection."", ""A girl peddling a bike down a street corner near a bus."", ""A woman in boots rides a bike down the street.""]"
60387,000000060387.jpg,http://images.cocodataset.org/train2017/000000060387.jpg,http://farm2.staticflickr.com/1121/1201040276_1082169f51_z.jpg,http://creativecommons.org/licenses/by-nc/2.0/,640,427,0.46928125,0.17714285714285716,0.311859375,0.8089929742388758,0.17226404255708433,urban_street,car;parking meter,72.72264,"[""People are walking and standing on a sidewalk."", ""A man carrying a bag walking down a street."", ""People are on a sidewalk with parking meters."", ""Group of people walking on a city street during the daytime."", ""A man talking on a cellphone on a busy street.""]","[""People are walking and standing on a sidewalk."", ""A man carrying a bag walking down a street."", ""People are on a sidewalk with parking meters."", ""Group of people walking on a city street during the daytime."", ""A man talking on a cellphone on a busy street.""]"
395289,000000395289.jpg,http://images.cocodataset.org/train2017/000000395289.jpg,http://farm1.staticflickr.com/54/127252567_5b7d732791_z.jpg,http://creativecommons.org/licenses/by-nc-sa/2.0/,500,375,0.30168,0.24045333333333332,0.41798,0.6876266666666667,0.17831648799999997,urban_street,traffic light,71.783165,"[""Guy sitting on ground in the middle of the street with traffic light behind him"", ""The man is sitting down in the middle of the intersection."", ""A man in purple jacket and khakis sitting on a street."", ""A man sits in the street in front of a stop light."", ""A man sits on a pebbled street in front of a red light""]","[""Guy sitting on ground in the middle of the street with traffic light behind him"", ""The man is sitting down in the middle of the intersection."", ""A man in purple jacket and khakis sitting on a street."", ""A man sits in the street in front of a stop light."", ""A man sits on a pebbled street in front of a red light""]"
80231,000000080231.jpg,http://images.cocodataset.org/train2017/000000080231.jpg,http://farm3.staticflickr.com/2572/3742388669_433bc69b76_z.jpg,http://creativecommons.org/licenses/by-nc/2.0/,375,500,0.22770666666666667,0.103,0.4314666666666667,0.88538,0.2596813202666667,urban_street,car;parking meter;traffic light,71.596813,"[""A man in a black suit and red tie standing on a street corner."", ""A man in suit and sunglasses standing on the corner of a street."", ""A man in a suit standing on the corner of a street."", ""a person standing on a street side walk wearing a suit and tie""]","[""A man in a black suit and red tie standing on a street corner."", ""A man in suit and sunglasses standing on the corner of a street."", ""A man in a business suit standing on a curb."", ""A man in a suit standing on the corner of a street."", ""a person standing on a street side walk wearing a suit and tie""]"
400175,000000400175.jpg,http://images.cocodataset.org/train2017/000000400175.jpg,http://farm5.staticflickr.com/4034/4410971090_0a2dea562d_z.jpg,http://creativecommons.org/licenses/by-nc-sa/2.0/,640,459,0.007078125,0.0049455337690631805,0.279796875,0.9777777777777779,0.14580738204656868,urban_street,traffic light,71.458074,"[""A few people walking down a sidewalk, two talking on the phone."", ""A man and woman wearing a bright yellow jacket walking down the street."", ""A group of people walking down a street on a sidewalk."", ""A group of people walking down the sidewalk."", ""A man and woman on cellphones and a couple with matching coats walking down the street.""]","[""A few people walking down a sidewalk, two talking on the phone."", ""A man and woman wearing a bright yellow jacket walking down the street."", ""A group of people walking down a street on a sidewalk."", ""A group of people walking down the sidewalk."", ""A man and woman on cellphones and a couple with matching coats walking down the street.""]"
455350,000000455350.jpg,http://images.cocodataset.org/train2017/000000455350.jpg,http://farm5.staticflickr.com/4051/5132818027_dbef0c7b5d_z.jpg,http://creativecommons.org/licenses/by-nc/2.0/,640,640,0.22071875,0.102484375,0.27928125000000004,0.79278125,0.11705562805175783,urban_street,bus;car,71.170556,"[""A woman crossing a street at a crosswalk while holding an umbrella."", ""A woman with a clear umbrella crosses the street."", ""Girl walking down the street in the rain."", ""A woman crossing the street in the rain with a clear umbrella."", ""A girl crossing the street wearing cowboy boots and carrying an umbrella.""]","[""A woman crossing a street at a crosswalk while holding an umbrella."", ""A woman with a clear umbrella crosses the street."", ""Girl walking down the street in the rain."", ""A woman crossing the street in the rain with a clear umbrella."", ""A girl crossing the street wearing cowboy boots and carrying an umbrella.""]"
398246,000000398246.jpg,http://images.cocodataset.org/train2017/000000398246.jpg,http://farm8.staticflickr.com/7265/8151250528_e43a66ca50_z.jpg,http://creativecommons.org/licenses/by/2.0/,640,478,0.7569375,0.32583682008368203,0.21315625,0.662928870292887,0.10295525284388081,urban_street,bicycle;bus;car;traffic light,71.029553,"[""A picture of some people walking across the street."", ""A busy urban street with various pedestrians and traffic."", ""Busy commuters in a city walking down the street."", ""People walk across an intersection while buses drive by.""]","[""A picture of some people walking across the street."", ""A busy urban street with various pedestrians and traffic."", ""Busy commuters in a city walking down the street."", ""A woman with a red scarf and black leather jacket walking in the city."", ""People walk across an intersection while buses drive by.""]"
453496,000000453496.jpg,http://images.cocodataset.org/train2017/000000453496.jpg,http://farm1.staticflickr.com/196/483672155_877e967ffe_z.jpg,http://creativecommons.org/licenses/by-sa/2.0/,500,357,0.52466,0.6044817927170869,0.41718,0.3842857142857143,0.08751204285714285,urban_street,bicycle;bus;car;traffic light,70.87512,"[""A group of people in street below traffic lights by buildings."", ""A group of people walking down a street with tall buildings."", ""A group of pedestrians waiting to cross the street at a traffic light."", ""Some people crossing a city street near some traffic signals.""]","[""A group of people in street below traffic lights by buildings."", ""A group of people walking down a street with tall buildings."", ""A group of pedestrians waiting to cross the street at a traffic light."", ""Some people crossing a city street near some traffic signals."", ""group of people on bicycles waiting at a stop light""]"
410239,000000410239.jpg,http://images.cocodataset.org/train2017/000000410239.jpg,http://farm5.staticflickr.com/4058/4306792877_a5473fdc21_z.jpg,http://creativecommons.org/licenses/by-nc-nd/2.0/,640,427,0.15075,0.25524590163934424,0.235828125,0.7293208430913349,0.11837367809572599,urban_street,car;truck,70.183737,"[""a woman walking down a city street with her hand on her face"", ""A bunch of people and cars on a very busy city street."", ""A woman walking down a busy street with a sun umbrella talking on her phone."", ""a lady walking on a street carring an umbrella holding a cell phone to her ear"", ""A woman talking on a cell phone while shopping at a street vendor.""]","[""a woman walking down a city street with her hand on her face"", ""A bunch of people and cars on a very busy city street."", ""A woman walking down a busy street with a sun umbrella talking on her phone."", ""a lady walking on a street carring an umbrella holding a cell phone to her ear"", ""A woman talking on a cell phone while shopping at a street vendor.""]"
213276,000000213276.jpg,http://images.cocodataset.org/train2017/000000213276.jpg,http://farm3.staticflickr.com/2418/2269420124_3eaffa13c6_z.jpg,http://creativecommons.org/licenses/by-nc-sa/2.0/,640,427,0.0045156250000000005,0.01297423887587822,0.509046875,0.9729274004683841,0.31230697581235367,urban_street,car;traffic light;truck,70.12307,"[""A man standing near an intersection with street lights."", ""A man is looking mad out on the street"", ""A man in a striped pink shirt is standing beside a street."", ""a man in a pink shirt looks off into the distance in front of an empty street""]","[""A man standing near an intersection with street lights."", ""A man is looking mad out on the street"", ""A man seems to be taken a selfie of himself."", ""A man in a striped pink shirt is standing beside a street."", ""a man in a pink shirt looks off into the distance in front of an empty street""]"
219558,000000219558.jpg,http://images.cocodataset.org/train2017/000000219558.jpg,http://farm4.staticflickr.com/3257/2344092671_14d781d40c_z.jpg,http://creativecommons.org/licenses/by-nc-nd/2.0/,500,375,0.54944,0.33482666666666666,0.21236000000000002,0.6539466666666667,0.10100701066666667,urban_street,bus;traffic light;truck,70.01007,"[""A woman walking on a sidewalk on her phone near people."", ""A woman walks down the busy street with coffee talking on her phone."", ""People are crossing in the crosswalk on a city street."", ""A woman walks down the street while talking on the phone and holding a cup of coffee.""]","[""A woman walking on a sidewalk on her phone near people."", ""A woman walks down the busy street with coffee talking on her phone."", ""People are crossing in the crosswalk on a city street."", ""A woman walks down the street while talking on the phone and holding a cup of coffee."", ""Woman with shades on and a cup in hand walks along talking on the phone.""]"
352065,000000352065.jpg,http://images.cocodataset.org/train2017/000000352065.jpg,http://farm7.staticflickr.com/6220/6265940460_d2f049a0c7_z.jpg,http://creativecommons.org/licenses/by-nc-sa/2.0/,640,425,0.43723437499999995,0.10988235294117647,0.20634375,0.8901176470588236,0.09207918400735295,urban_street,car;truck,69.920792,"[""A man in a wetsuit carrying a surfboard on the street."", ""A man in surf gear walking down a crowded street."", ""a man with a surfboard on a crowded street"", ""A man holding a surfboard is wearing a wetsuit on a public street."", ""a man in a surfer suit walks down a street""]","[""A man in a wetsuit carrying a surfboard on the street."", ""A man in surf gear walking down a crowded street."", ""a man with a surfboard on a crowded street"", ""A man holding a surfboard is wearing a wetsuit on a public street."", ""a man in a surfer suit walks down a street""]"
17364,000000017364.jpg,http://images.cocodataset.org/train2017/000000017364.jpg,http://farm4.staticflickr.com/3414/3476798249_0a354468f7_z.jpg,http://creativecommons.org/licenses/by-nc-nd/2.0/,640,428,0.46528125,0.1480607476635514,0.193,0.7964252336448598,0.09124404899240655,urban_street,car;truck,69.91244,"[""A woman and a man walking down a street carrying luggage."", ""Several people are walking with luggage down a crowded city street."", ""A man and woman walking down a city street with luggage."", ""People walking near a city street carrying luggage."", ""People walking with suitcases on a city sidewalk.""]","[""A woman and a man walking down a street carrying luggage."", ""Several people are walking with luggage down a crowded city street."", ""A man and woman walking down a city street with luggage."", ""People walking near a city street carrying luggage."", ""People walking with suitcases on a city sidewalk.""]"
528729,000000528729.jpg,http://images.cocodataset.org/train2017/000000528729.jpg,http://farm4.staticflickr.com/3240/5858166375_b1e21e013c_z.jpg,http://creativecommons.org/licenses/by-nd/2.0/,640,480,0.262921875,0.192875,0.22078125,0.7797916666666667,0.0909053974609375,urban_street,bicycle;car;traffic light;truck,69.909054,"[""A man talking on a cell phone walking an orange bike across a street."", ""A man walking across a street dragging a bike."", ""A man crossing the street with a bike while talking on a mobile phone."", ""A man on a cell phone walking across he street with his orange bike.""]","[""A man talking on a cell phone walking an orange bike across a street."", ""A man walking across a street dragging a bike."", ""The man is walking a bicycle while talking on a cell phone."", ""A man crossing the street with a bike while talking on a mobile phone."", ""A man on a cell phone walking across he street with his orange bike.""]"
200668,000000200668.jpg,http://images.cocodataset.org/train2017/000000200668.jpg,http://farm1.staticflickr.com/53/114800849_83b5e9ab34_z.jpg,http://creativecommons.org/licenses/by-nc/2.0/,640,427,0.32234375000000004,0.05843091334894614,0.281875,0.9078688524590165,0.12822115284689709,urban_street,bus;car;traffic light,69.282212,"[""A tall man with a beard and fanny pack carrying luggage across a street."", ""A man that is standing in the street holding two bags."", ""A man walking across a street holding bags of luggage."", ""Man walking across a street with baggage and other pedestrians.""]","[""An individual is in the open view in the picture."", ""A tall man with a beard and fanny pack carrying luggage across a street."", ""A man that is standing in the street holding two bags."", ""A man walking across a street holding bags of luggage."", ""Man walking across a street with baggage and other pedestrians.""]"
15110,000000015110.jpg,http://images.cocodataset.org/train2017/000000015110.jpg,http://farm3.staticflickr.com/2364/5730265794_7c5b95fbb1_z.jpg,http://creativecommons.org/licenses/by-sa/2.0/,640,480,0.367421875,0.26516666666666666,0.23931249999999998,0.7213541666666666,0.10555354020182288,urban_street,bus;car;traffic light,69.055535,"[""Three people walking on the sidewalk with one of them carrying and using an umbrella."", ""A group of pedestrians are walking on a sidewalk in the rain."", ""A group of people walking on rainy street next to stairs."", ""People walking down the sidewalk in the rain.""]","[""Three people walking on the sidewalk with one of them carrying and using an umbrella."", ""A group of pedestrians are walking on a sidewalk in the rain."", ""A group of people walking on rainy street next to stairs."", ""Three persons,one of which is carrying umbrella are walking between the parks."", ""People walking down the sidewalk in the rain.""]"
357291,000000357291.jpg,http://images.cocodataset.org/train2017/000000357291.jpg,http://farm3.staticflickr.com/2888/8752818735_f3fdf6b8bd_z.jpg,http://creativecommons.org/licenses/by-nc-nd/2.0/,640,427,0.59221875,0.4988758782201405,0.233890625,0.48538641686182665,0.0828420155152225,urban_street,bus;car;traffic light,68.82842,"[""A woman in white blazer with black umbrella on street."", ""A woman with an umbrella standing in the street."", ""A young person that has an umbrella and is trying to cross the street."", ""A woman watches the street as many cars streak past.""]","[""A woman in white blazer with black umbrella on street."", ""A woman with an umbrella standing in the street."", ""A young person that has an umbrella and is trying to cross the street."", ""Woman in a white jacket holding up a black umbrella."", ""A woman watches the street as many cars streak past.""]"
44625,000000044625.jpg,http://images.cocodataset.org/train2017/000000044625.jpg,http://farm6.staticflickr.com/5304/5629286179_7aa399e8b5_z.jpg,http://creativecommons.org/licenses/by-nc-nd/2.0/,640,427,0.0,0.28088992974238874,0.268375,0.7078688524590163,0.14236262496340749,urban_street,car;traffic light;truck,68.423626,"[""Pedestrians walking along a sidewalk near a large number of buildings."", ""people walking on a busy sidewalk with umbrellas in the rain."", ""Several women with umbrellas walk down the sidewalk."", ""a group of people walking on a city street""]","[""Pedestrians walking along a sidewalk near a large number of buildings."", ""people walking on a busy sidewalk with umbrellas in the rain."", ""Several women with umbrellas walk down the sidewalk."", ""Black and white photograph of woman with umbrella."", ""a group of people walking on a city street""]"
565946,000000565946.jpg,http://images.cocodataset.org/train2017/000000565946.jpg,http://farm4.staticflickr.com/3107/2533004253_f63796cbf7_z.jpg,http://creativecommons.org/licenses/by-nc-sa/2.0/,365,640,0.0019726027397260273,0.600484375,0.5115616438356164,0.399515625,0.1326041523972603,urban_street,car;traffic light;truck,68.326042,"[""A group of people crossing a street in a city."", ""People crossing a street under street signs at an intersection."", ""people walking on the sidewalk and crossing the street in a city setting."", ""People standing on a street next to a building.""]","[""A group of people crossing a street in a city."", ""People crossing a street under street signs at an intersection."", ""people walking on the sidewalk and crossing the street in a city setting."", ""People standing on a street next to a building."", ""There is a lot of foot traffic going down Broadway.""]"
483952,000000483952.jpg,http://images.cocodataset.org/train2017/000000483952.jpg,http://farm1.staticflickr.com/51/144327242_8e24ebc259_z.jpg,http://creativecommons.org/licenses/by-nc-sa/2.0/,375,500,0.4284533333333333,0.5304800000000001,0.4884,0.45394,0.1308104168,urban_street,car;traffic light;truck,68.308104,"[""A group of people that are standing in the street."", ""A group of people crossing a crosswalk in the rain."", ""A black and white photo of people crossing at a crosswalk."", ""People walking across a street on the crosswalk.""]","[""A group of people that are standing in the street."", ""A group of people crossing a crosswalk in the rain."", ""A black and white photo of people crossing at a crosswalk."", ""a black and white photo of people and an umbrella"", ""People walking across a street on the crosswalk.""]"
12946,000000012946.jpg,http://images.cocodataset.org/train2017/000000012946.jpg,http://farm8.staticflickr.com/7442/9424419058_5a4535fc22_z.jpg,http://creativecommons.org/licenses/by-nc-sa/2.0/,640,426,0.07029687500000001,0.2292018779342723,0.22137500000000002,0.7550704225352113,0.10413840228873236,urban_street,bicycle;car;motorcycle;traffic light,68.041384,"[""People walking around downtown and a man riding his bike."", ""A street scene with people walking and a man on a moped."", ""A man riding a scooter down a sidewalk in a green shirt."", ""A man rides a motorcycle on the sidewalk.""]","[""People walking around downtown and a man riding his bike."", ""A street scene with people walking and a man on a moped."", ""A large group of people and a man on a motor bike."", ""A man riding a scooter down a sidewalk in a green shirt."", ""A man rides a motorcycle on the sidewalk.""]"
536145,000000536145.jpg,http://images.cocodataset.org/train2017/000000536145.jpg,http://farm5.staticflickr.com/4004/4699214859_77b78c7cbc_z.jpg,http://creativecommons.org/licenses/by-nc-sa/2.0/,640,480,0.6524687499999999,0.2301875,0.34753124999999996,0.7556041666666666,0.17224782324218754,urban_street,bicycle;bus;traffic light,67.722478,"[""A group of naked men and woman riding bikes down a street."", ""A group of naked people riding bicycles down a street."", ""Nude and partially nude bike riders in city near intersection."", ""A large group of people on bikes on a street.""]","[""A group of naked men and woman riding bikes down a street."", ""A group of bicyclists ride with little or no clothes on."", ""A group of naked people riding bicycles down a street."", ""Nude and partially nude bike riders in city near intersection."", ""A large group of people on bikes on a street.""]"
7104,000000007104.jpg,http://images.cocodataset.org/train2017/000000007104.jpg,http://farm2.staticflickr.com/1246/983223771_1d16a79693_z.jpg,http://creativecommons.org/licenses/by-nc-nd/2.0/,333,500,0.35090090090090087,0.45324000000000003,0.40828828828828834,0.53034,0.143628406006006,urban_street,bicycle;car,67.436284,"[""A man in a crowded street eating a very long hot dog."", ""Man wearing a red shirt and shorts eating on a busy street."", ""A man is eating beside a busy street."", ""Man eating long hot dog on street corner in city."", ""A man is eating a large hot dog in the street.""]","[""A man in a crowded street eating a very long hot dog."", ""Man wearing a red shirt and shorts eating on a busy street."", ""A man is eating beside a busy street."", ""Man eating long hot dog on street corner in city."", ""A man is eating a large hot dog in the street.""]"
269588,000000269588.jpg,http://images.cocodataset.org/train2017/000000269588.jpg,http://farm6.staticflickr.com/5110/5605612750_d52614c2b4_z.jpg,http://creativecommons.org/licenses/by-nc/2.0/,640,635,0.1685625,0.14462992125984253,0.305125,0.821496062992126,0.13593762450787394,urban_street,bicycle;car,67.359376,"[""a man is walking down the street with an umbrella"", ""A man is walking on a sidewalk and talking on his phone."", ""A black and white picture of a man wearing a turban walking down a street."", ""A man with an umbrella walking down the street while talking on a cell phone."", ""Man in warm clothes walking on a sidewalk talking on a cell phone.""]","[""a man is walking down the street with an umbrella"", ""A man is walking on a sidewalk and talking on his phone."", ""A black and white picture of a man wearing a turban walking down a street."", ""A man with an umbrella walking down the street while talking on a cell phone."", ""Man in warm clothes walking on a sidewalk talking on a cell phone.""]"
53335,000000053335.jpg,http://images.cocodataset.org/train2017/000000053335.jpg,http://farm8.staticflickr.com/7044/8688779244_cde520ed3e_z.jpg,http://creativecommons.org/licenses/by-nc-sa/2.0/,640,427,0.042078125,0.02927400468384075,0.29903124999999997,0.9144262295081966,0.11786621267564401,urban_street,bicycle;car,67.178662,"[""Two beautiful red haired women walking a bike across a street."", ""two people walking across a street with a bicycle"", ""two women with a yellow bicycle are walking across a street"", ""Two females one with a bicycle crossing a city street"", ""Two girls crossing a city street wheeling a bicycle""]","[""Two beautiful red haired women walking a bike across a street."", ""two people walking across a street with a bicycle"", ""two women with a yellow bicycle are walking across a street"", ""Two females one with a bicycle crossing a city street"", ""Two girls crossing a city street wheeling a bicycle""]"
524420,000000524420.jpg,http://images.cocodataset.org/train2017/000000524420.jpg,http://farm9.staticflickr.com/8031/7889908522_ddda4bc57b_z.jpg,http://creativecommons.org/licenses/by-nc-sa/2.0/,640,465,0.109390625,0.03109677419354839,0.220421875,0.9415698924731183,0.11147380393145162,urban_street,bicycle;car,67.114738,"[""A person walking a dog down a city street."", ""People and a dog walking on a city street."", ""a person walking on a city street with a dog"", ""a woman walks a down on a sidewalk as people walk by"", ""A woman in a dress has a white dog on a leash on a city street.""]","[""A person walking a dog down a city street."", ""People and a dog walking on a city street."", ""a person walking on a city street with a dog"", ""a woman walks a down on a sidewalk as people walk by"", ""A woman in a dress has a white dog on a leash on a city street.""]"
41085,000000041085.jpg,http://images.cocodataset.org/train2017/000000041085.jpg,http://farm1.staticflickr.com/89/229526058_1e9595cd17_z.jpg,http://creativecommons.org/licenses/by-nc-nd/2.0/,480,640,0.0029791666666666664,0.275390625,0.31022916666666667,0.50334375,0.09683723616536458,urban_street,bicycle;car,66.968372,"[""Two horse drawn carriages travel down an old looking street."", ""Horse-drawn carriages travel down a cobblestone street in a small town."", ""A man riding a horse drawn carriage down a street."", ""They are riding in a horse and carriage down the street."", ""Horse drawn carriages traveling down a narrow street.""]","[""Two horse drawn carriages travel down an old looking street."", ""Horse-drawn carriages travel down a cobblestone street in a small town."", ""A man riding a horse drawn carriage down a street."", ""They are riding in a horse and carriage down the street."", ""Horse drawn carriages traveling down a narrow street.""]"
361480,000000361480.jpg,http://images.cocodataset.org/train2017/000000361480.jpg,http://farm9.staticflickr.com/8380/8638686560_82ce32c551_z.jpg,http://creativecommons.org/licenses/by/2.0/,458,640,0.7542139737991267,0.514921875,0.2450873362445415,0.48507812499999997,0.08559285599754364,urban_street,bus,66.855929,"[""Two double decker busses are on a narrow street."", ""two double deckered buses on a city street"", ""Double decker buses traveling down a busy city street."", ""Trolleys in England drive by a crowded sidewalk."", ""A bus that is sitting on the side of the street.""]","[""Two double decker busses are on a narrow street."", ""two double deckered buses on a city street"", ""Double decker buses traveling down a busy city street."", ""Trolleys in England drive by a crowded sidewalk."", ""A bus that is sitting on the side of the street.""]"
536827,000000536827.jpg,http://images.cocodataset.org/train2017/000000536827.jpg,http://farm3.staticflickr.com/2544/4134436587_7bea374a78_z.jpg,http://creativecommons.org/licenses/by-nc/2.0/,627,640,0.0045773524720893145,0.002921875,0.34558213716108455,0.9842968750000001,0.2720992247308613,urban_street,bicycle;car;stop sign,66.720992,"[""a person riding a bike on a city street"", ""A person riding a bike down the street."", ""a very pregnant woman standing next to a crosswalk"", ""A pregnant lady standing at a street crosswalk.""]","[""a person riding a bike on a city street"", ""A person riding a bike down the street."", ""a very pregnant woman standing next to a crosswalk"", ""A woman standing on the side of a road next to a woman riding a bike."", ""A pregnant lady standing at a street crosswalk.""]"
418535,000000418535.jpg,http://images.cocodataset.org/train2017/000000418535.jpg,http://farm9.staticflickr.com/8366/8481273142_e3683af7b4_z.jpg,http://creativecommons.org/licenses/by-nc/2.0/,640,443,0.3894375,0.08266365688487584,0.23395312499999998,0.885801354401806,0.12749195735750563,urban_street,bicycle;motorcycle,66.27492,"[""A man wearing a suit and tie and carrying something walkling down the street."", ""A person with a hat and a tie on a street."", ""an older man is walking down the side of a street"", ""An old man holding a bag walks down a street."", ""An older man walking down the street near stairs.""]","[""A man wearing a suit and tie and carrying something walkling down the street."", ""A person with a hat and a tie on a street."", ""an older man is walking down the side of a street"", ""An old man holding a bag walks down a street."", ""An older man walking down the street near stairs.""]"
451767,000000451767.jpg,http://images.cocodataset.org/train2017/000000451767.jpg,http://farm4.staticflickr.com/3712/10166706333_f3b2031ea7_z.jpg,http://creativecommons.org/licenses/by-nc-nd/2.0/,640,426,0.67459375,0.006737089201877934,0.32309375,0.993262910798122,0.22227420517899055,urban_street,car,66.222742,"[""People are walking down a sidewalk with closed umbrellas."", ""Black and white photograph of people walking on a sidewalk."", ""People walking up and down a wet sidewalk."", ""People are walking down the street with their umbrellas in hand."", ""People walking down city sidewalk carrying umbrellas at night.""]","[""People are walking down a sidewalk with closed umbrellas."", ""Black and white photograph of people walking on a sidewalk."", ""People walking up and down a wet sidewalk."", ""People are walking down the street with their umbrellas in hand."", ""People walking down city sidewalk carrying umbrellas at night.""]"
551907,000000551907.jpg,http://images.cocodataset.org/train2017/000000551907.jpg,http://farm4.staticflickr.com/3661/3394111149_bcab9525b8_z.jpg,http://creativecommons.org/licenses/by/2.0/,480,640,0.03647916666666667,0.599890625,0.5191666666666667,0.400109375,0.12171794824218753,urban_street,truck,66.217179,"[""A person flying a kite on a busy city street"", ""A group of pedestrians walk down a city street next to a floating kite sign."", ""People walking down a street on a cold day"", ""A group of people walking down a street under a flying kite."", ""One person flies a kite near a crowded sidewalk.""]","[""A person flying a kite on a busy city street"", ""A group of pedestrians walk down a city street next to a floating kite sign."", ""People walking down a street on a cold day"", ""A group of people walking down a street under a flying kite."", ""One person flies a kite near a crowded sidewalk.""]"
198169,000000198169.jpg,http://images.cocodataset.org/train2017/000000198169.jpg,http://farm9.staticflickr.com/8062/8214585126_57490a1ef0_z.jpg,http://creativecommons.org/licenses/by/2.0/,426,640,0.0,0.032015625,0.8507746478873239,0.9595625,0.31984430842869704,urban_street,bus;car;truck,66.198443,"[""Two women on the sidewalk passing each other."", ""Two women are walking by each other on a sidewalk."", ""A couple of women are walking down a city street."", ""two women walking past each other on a sidewalk.""]","[""Two women on the sidewalk passing each other."", ""Two women are walking by each other on a sidewalk."", ""A couple of women are walking down a city street."", ""Two hot ladies outside near a truck during the day."", ""two women walking past each other on a sidewalk.""]"
311076,000000311076.jpg,http://images.cocodataset.org/train2017/000000311076.jpg,http://farm5.staticflickr.com/4021/4692845557_8b2caa2f94_z.jpg,http://creativecommons.org/licenses/by-sa/2.0/,640,457,0.030578125,0.3663676148796499,0.273703125,0.620984682713348,0.10078339801012033,urban_street,car;motorcycle;traffic light,66.007834,"[""People walking on a busy city sidewalk below a do not enter sign."", ""Large group of people walking across the street."", ""The hockey fans are gqthered in the street."", ""A large group of people walking down the street.""]","[""People walking on a busy city sidewalk below a do not enter sign."", ""a huge group of people are walking down a pathway"", ""Large group of people walking across the street."", ""The hockey fans are gqthered in the street."", ""A large group of people walking down the street.""]"
461996,000000461996.jpg,http://images.cocodataset.org/train2017/000000461996.jpg,http://farm9.staticflickr.com/8439/7906216972_70f49d39cd_z.jpg,http://creativecommons.org/licenses/by-nc/2.0/,490,640,0.048591836734693875,0.069203125,0.39308163265306123,0.90196875,0.16191513871173463,urban_street,bicycle;car;stop sign,65.619151,"[""Woman and child walking down the sidewalk followed by lady."", ""A mother and daughter are walking down a sidewalk."", ""an elderly woman holding hands with a young child walking on a street"", ""A mother and daughter walking down the street.""]","[""Woman and child walking down the sidewalk followed by lady."", ""A mother and daughter are walking down a sidewalk."", ""an elderly woman holding hands with a young child walking on a street"", ""A woman on her phone is holding a little girls hand."", ""A mother and daughter walking down the street.""]"
375200,000000375200.jpg,http://images.cocodataset.org/train2017/000000375200.jpg,http://farm1.staticflickr.com/140/361760441_6d78e541f8_z.jpg,http://creativecommons.org/licenses/by-nc/2.0/,330,500,0.6264848484848485,0.19326,0.37351515151515147,0.73482,0.1548703496969697,urban_street,car,65.548703,"[""A man riding a skateboard across a city street."", ""A man roller blades down a busy street."", ""a man skating on the street and  looking around"", ""A man in a green jacket skateboarding on the street"", ""A man riding down the street on a skateboard""]","[""A man riding a skateboard across a city street."", ""A man roller blades down a busy street."", ""a man skating on the street and  looking around"", ""A man in a green jacket skateboarding on the street"", ""A man riding down the street on a skateboard""]"
264197,000000264197.jpg,http://images.cocodataset.org/train2017/000000264197.jpg,http://farm9.staticflickr.com/8378/8543967621_920b643bcb_z.jpg,http://creativecommons.org/licenses/by-sa/2.0/,640,426,0.43624999999999997,0.2432394366197183,0.314828125,0.75,0.1484338317928404,urban_street,car,65.484338,"[""Two girls walk down the street carrying pink umbrellas"", ""Two people walk down an city sidewalk carrying umbrellas."", ""A couple of women crossing a street holding pink umbrellas."", ""Two women are carrying pink umbrellas on the sidewalk."", ""A couple of women carrying pink umbrellas down a sidewalk.""]","[""Two girls walk down the street carrying pink umbrellas"", ""Two people walk down an city sidewalk carrying umbrellas."", ""A couple of women crossing a street holding pink umbrellas."", ""Two women are carrying pink umbrellas on the sidewalk."", ""A couple of women carrying pink umbrellas down a sidewalk.""]"
521689,000000521689.jpg,http://images.cocodataset.org/train2017/000000521689.jpg,http://farm3.staticflickr.com/2091/1741980909_818fb0612c_z.jpg,http://creativecommons.org/licenses/by-nc-sa/2.0/,480,640,0.2708541666666667,0.127765625,0.34675,0.638234375,0.11468279345703128,urban_street,bicycle;car;stop sign,65.146828,"[""A man is pulling a suitcase in the street."", ""Man walking across a crosswalk with rolling luggage"", ""A street scene with a man crossing the crosswalk with a suitcase."", ""A man with a suitcase on wheels crossing the street.""]","[""A man is pulling a suitcase in the street."", ""Man walking across a crosswalk with rolling luggage"", ""A street scene with a man crossing the crosswalk with a suitcase."", ""A man drags a rolling suitcase behind him."", ""A man with a suitcase on wheels crossing the street.""]"
479361,000000479361.jpg,http://images.cocodataset.org/train2017/000000479361.jpg,http://farm8.staticflickr.com/7025/6392767853_8f7f58f4ec_z.jpg,http://creativecommons.org/licenses/by-nc/2.0/,640,427,0.003,0.4887353629976581,0.281,0.5,0.10924331143881733,urban_street,bus;traffic light,65.092433,"[""A group of people walking down the city street in the rain."", ""A group of people walking under umbrellas down the street"", ""Many people walk on the sidewalk with umbrellas on the rainy day."", ""some people with umbrellas are walking down the street""]","[""A group of people walking down the city street in the rain."", ""A group of people walking under umbrellas down the street"", ""Many people walk on the sidewalk with umbrellas on the rainy day."", ""A group of people with umbrellas at night in a rainy city."", ""some people with umbrellas are walking down the street""]"
382715,000000382715.jpg,http://images.cocodataset.org/train2017/000000382715.jpg,http://farm3.staticflickr.com/2726/4488927130_fa7cc6caec_z.jpg,http://creativecommons.org/licenses/by-nc-nd/2.0/,425,640,0.30456470588235296,0.26742187500000003,0.2876470588235294,0.588765625,0.10879812536764706,urban_street,bicycle;car;traffic light,65.087981,"[""A man riding a skateboard down a busy city street."", ""Man dressed in black skateboarding down a street."", ""a guy walking down the street bagging his pants."", ""A picture of a man in black skate boarding down a city street.""]","[""A man riding a skateboard down a busy city street."", ""a guy riding a skateboard  down a somehwat busy road"", ""Man dressed in black skateboarding down a street."", ""a guy walking down the street bagging his pants."", ""A picture of a man in black skate boarding down a city street.""]"
170950,000000170950.jpg,http://images.cocodataset.org/train2017/000000170950.jpg,http://farm2.staticflickr.com/1140/623562579_1fdf0a7de1_z.jpg,http://creativecommons.org/licenses/by-nd/2.0/,480,640,0.23970833333333333,0.112359375,0.37452083333333336,0.768546875,0.10555558284505207,urban_street,car,65.055556,"[""A man carrying apiece of luggage on a sidewalk."", ""A man on the sidewalk pulling a suitcase."", ""Man carrying satchel and pulling suitcase down sidewalk in a city."", ""Man carrying a flowered suitcase down the sidewalk."", ""A man pulls a suitcase on wheels down a sidewalk.""]","[""A man carrying apiece of luggage on a sidewalk."", ""A man on the sidewalk pulling a suitcase."", ""Man carrying satchel and pulling suitcase down sidewalk in a city."", ""Man carrying a flowered suitcase down the sidewalk."", ""A man pulls a suitcase on wheels down a sidewalk.""]"
487957,000000487957.jpg,http://images.cocodataset.org/train2017/000000487957.jpg,http://farm9.staticflickr.com/8054/8365176711_dc85f7d20d_z.jpg,http://creativecommons.org/licenses/by-nc/2.0/,640,640,0.303375,0.339328125,0.2516875,0.5797656250000001,0.10141296813964845,urban_street,car,65.01413,"[""Man walking down street with an umbrella over his head."", ""A man in suit with umbrella crossing a street."", ""A man is walking across the street holding an umbrella."", ""A man walking across a street with an umbrella."", ""A man in a black suit carries a checkered umbrella as he walks on a crosswalk.""]","[""Man walking down street with an umbrella over his head."", ""A man in suit with umbrella crossing a street."", ""A man is walking across the street holding an umbrella."", ""A man walking across a street with an umbrella."", ""A man in a black suit carries a checkered umbrella as he walks on a crosswalk.""]"
119815,000000119815.jpg,http://images.cocodataset.org/train2017/000000119815.jpg,http://farm4.staticflickr.com/3334/3248738773_d9b51384ea_z.jpg,http://creativecommons.org/licenses/by-sa/2.0/,640,424,0.44490625,0.008985849056603774,0.1779375,0.8632075471698113,0.10001623175854951,urban_street,car,65.000162,"[""Two females are walking down the street wearing boots."", ""Two women walking and talking on a busy city street."", ""Two women crossing the street looking at a cellphone."", ""Two women looking at an electronic device while crossing the street."", ""two women looking at a cellphone as they walk down a sidewalk""]","[""Two females are walking down the street wearing boots."", ""Two women walking and talking on a busy city street."", ""Two women crossing the street looking at a cellphone."", ""Two women looking at an electronic device while crossing the street."", ""two women looking at a cellphone as they walk down a sidewalk""]"
197057,000000197057.jpg,http://images.cocodataset.org/train2017/000000197057.jpg,http://farm3.staticflickr.com/2614/3997055832_757648e5f2_z.jpg,http://creativecommons.org/licenses/by-nc-sa/2.0/,480,640,0.5291458333333333,0.40384374999999995,0.2959583333333333,0.540359375,0.09387905940755208,urban_street,car,64.938791,"[""a male in a black jacket and a white and black street sign and cars"", ""Woman standing at roadway intersection in urban setting."", ""A person waves while standing beneath a street sign."", ""A woman is standing next to a street sign that reads \""Anza\""."", ""A man standing next to a parked car on a street.""]","[""a male in a black jacket and a white and black street sign and cars"", ""Woman standing at roadway intersection in urban setting."", ""A person waves while standing beneath a street sign."", ""A woman is standing next to a street sign that reads \""Anza\""."", ""A man standing next to a parked car on a street.""]"
386888,000000386888.jpg,http://images.cocodataset.org/train2017/000000386888.jpg,http://farm3.staticflickr.com/2527/4010559278_30c6ffa3b8_z.jpg,http://creativecommons.org/licenses/by-nc-nd/2.0/,500,375,0.46118000000000003,0.35632,0.26183999999999996,0.5653333333333334,0.09385675466666665,urban_street,car,64.938568,"[""a small group of elephants walking down the street at night"", ""A line of elephants walking in the street."", ""A line of elephants marching down a street."", ""The elephants are walking down the street by the bridge."", ""A nigh time elephant parade or show in a street""]","[""a small group of elephants walking down the street at night"", ""A line of elephants walking in the street."", ""A line of elephants marching down a street."", ""The elephants are walking down the street by the bridge."", ""A nigh time elephant parade or show in a street""]"
534395,000000534395.jpg,http://images.cocodataset.org/train2017/000000534395.jpg,http://farm3.staticflickr.com/2154/2158466803_6b0aedbf6c_z.jpg,http://creativecommons.org/licenses/by-nc-nd/2.0/,500,375,0.08258,0.00224,0.42810000000000004,0.9797866666666667,0.09370562426666668,urban_street,car,64.937056,"[""A woman carrying a briefcase walking on a crosswalk."", ""A woman walking across the street with a suitcase."", ""A woman walks on the street with a suitcase."", ""A woman carrying a suitcase across the street."", ""Woman with great posture crosses street carrying a suitcase.""]","[""A woman carrying a briefcase walking on a crosswalk."", ""A woman walking across the street with a suitcase."", ""A woman walks on the street with a suitcase."", ""A woman carrying a suitcase across the street."", ""Woman with great posture crosses street carrying a suitcase.""]"
204279,000000204279.jpg,http://images.cocodataset.org/train2017/000000204279.jpg,http://farm3.staticflickr.com/2579/3830143871_7758971d53_z.jpg,http://creativecommons.org/licenses/by-nc-sa/2.0/,640,418,0.195203125,0.48988038277511964,0.280328125,0.5101196172248803,0.08914995570424643,urban_street,bicycle;car;traffic light,64.8915,"[""Some people are walking down the big street."", ""A woman is crossing at a street crosswalk."", ""Woman walking in street with car and bicycle in background."", ""A woman walks across the street as a biker rides by on the sidewalk.""]","[""Some people are walking down the big street."", ""A woman stands in front of a London cab while a second woman walks with her bike in the background"", ""A woman is crossing at a street crosswalk."", ""Woman walking in street with car and bicycle in background."", ""A woman walks across the street as a biker rides by on the sidewalk.""]"
444956,000000444956.jpg,http://images.cocodataset.org/train2017/000000444956.jpg,http://farm1.staticflickr.com/44/109448469_f6d4b3138f_z.jpg,http://creativecommons.org/licenses/by-nc-nd/2.0/,500,375,0.31854000000000005,0.14381333333333332,0.1854,0.7887733333333334,0.08894302159999999,urban_street,car,64.88943,"[""A group of villagers walkong down a street"", ""A woman walking down a street with a basket."", ""A lady with a broad brimmed hat is carrying a basket of greenery on a city street."", ""a woman holding a basket of greens walking down a street."", ""an image of people walking down the street""]","[""A group of villagers walkong down a street"", ""A woman walking down a street with a basket."", ""A lady with a broad brimmed hat is carrying a basket of greenery on a city street."", ""a woman holding a basket of greens walking down a street."", ""an image of people walking down the street""]"
479593,000000479593.jpg,http://images.cocodataset.org/train2017/000000479593.jpg,http://farm8.staticflickr.com/7166/6587781387_2d7f1c6a16_z.jpg,http://creativecommons.org/licenses/by-nc-nd/2.0/,640,427,0.56396875,0.30744730679156906,0.221390625,0.6434894613583138,0.08668576185597188,urban_street,car,64.866858,"[""A woman that is standing in the street with a purple umbrella."", ""A person on a street with a umbrella."", ""a female in a green coat a wet street and purple umbrella"", ""A person crosses a rainy street carrying an umbrella."", ""Woman with umbrella crossing street on a rainy day.""]","[""A woman that is standing in the street with a purple umbrella."", ""A person on a street with a umbrella."", ""a female in a green coat a wet street and purple umbrella"", ""A person crosses a rainy street carrying an umbrella."", ""Woman with umbrella crossing street on a rainy day.""]"
361265,000000361265.jpg,http://images.cocodataset.org/train2017/000000361265.jpg,http://farm8.staticflickr.com/7230/7287952600_534edd9135_z.jpg,http://creativecommons.org/licenses/by-nc-sa/2.0/,640,427,0.481125,0.31960187353629976,0.287015625,0.6634660421545667,0.08132385154420375,urban_street,car,64.813239,"[""A woman walking across a street holding a camera."", ""A woman dances across a brick street while holding an umbrella."", ""A woman crossing a street holding an umbrella"", ""a woman posing on the street for a photo"", ""The ladies dancing happily in the street with an umbrella.""]","[""A woman walking across a street holding a camera."", ""A woman dances across a brick street while holding an umbrella."", ""A woman crossing a street holding an umbrella"", ""a woman posing on the street for a photo"", ""The ladies dancing happily in the street with an umbrella.""]"
117321,000000117321.jpg,http://images.cocodataset.org/train2017/000000117321.jpg,http://farm3.staticflickr.com/2029/2082235013_67eca51b94_z.jpg,http://creativecommons.org/licenses/by-nc/2.0/,640,426,0.5531406249999999,0.21960093896713614,0.3686875,0.7803990610328638,0.18121699842282868,urban_street,bus;car;truck,64.81217,"[""A woman walking down a street talking on a cell phone."", ""A woman is talking on her phone while walking down a crowded street."", ""A woman is walking down a city street holding a cell phone."", ""A woman walking down a busy street on the phone.""]","[""A woman walking down a street talking on a cell phone."", ""A woman is talking on her phone while walking down a crowded street."", ""A woman is walking down a city street holding a cell phone."", ""A woman is on a cell phone in the city."", ""A woman walking down a busy street on the phone.""]"
238808,000000238808.jpg,http://images.cocodataset.org/train2017/000000238808.jpg,http://farm1.staticflickr.com/44/142787744_fcf2093c41_z.jpg,http://creativecommons.org/licenses/by-nc-nd/2.0/,500,375,0.38772,0.17744000000000001,0.26618,0.6250933333333333,0.08019889946666668,urban_street,bicycle;car;stop sign,64.801989,"[""A man in a black robe riding a bicycle down a street."", ""A smiling guy riding a bike in the street."", ""A man riding a bike down a street next to a red stop sign."", ""Male cyclist riding on a street, looking backward.""]","[""A man in a black robe riding a bicycle down a street."", ""A smiling guy riding a bike in the street."", ""A man riding a bike down a street next to a red stop sign."", ""Male cyclist riding on a street, looking backward."", ""A man in graduation robes riding a bicycle""]"
106463,000000106463.jpg,http://images.cocodataset.org/train2017/000000106463.jpg,http://farm9.staticflickr.com/8290/7526433748_763c297f93_z.jpg,http://creativecommons.org/licenses/by/2.0/,640,427,0.0,0.11866510538641686,0.296875,0.8805620608899297,0.1656579332552693,urban_street,motorcycle,64.656579,"[""A gang of motorcycle cops riding down a brick street."", ""A couple of police officers in the middle of a street."", ""A procession of police motorbikes down a crowd-lined narrow street in Europe"", ""Police motorcycles are lined up and coming down the street as a crowd watches."", ""A line of police are riding motorcycles down the street.""]","[""A gang of motorcycle cops riding down a brick street."", ""A couple of police officers in the middle of a street."", ""A procession of police motorbikes down a crowd-lined narrow street in Europe"", ""Police motorcycles are lined up and coming down the street as a crowd watches."", ""A line of police are riding motorcycles down the street.""]"
110392,000000110392.jpg,http://images.cocodataset.org/train2017/000000110392.jpg,http://farm3.staticflickr.com/2580/3691729150_d96ce9f8cc_z.jpg,http://creativecommons.org/licenses/by/2.0/,640,426,0.059703125,0.11434272300469484,0.543234375,0.8744366197183099,0.26336067048122064,urban_street,car;traffic light,64.633607,"[""A woman walking on a city sidewalk, talking on a cell phone."", ""A woman walking down a street while wearing a dress."", ""A woman walking down the street with a cell phone."", ""A woman talking on her cell phone on the sidewalk.""]","[""A woman walking on a city sidewalk, talking on a cell phone."", ""A woman talking on a cellphone near a road with cars on it."", ""A woman walking down a street while wearing a dress."", ""A woman walking down the street with a cell phone."", ""A woman talking on her cell phone on the sidewalk.""]"
191869,000000191869.jpg,http://images.cocodataset.org/train2017/000000191869.jpg,http://farm5.staticflickr.com/4053/4385951284_030faa7e83_z.jpg,http://creativecommons.org/licenses/by-nc-sa/2.0/,640,423,0.37,0.007895981087470449,0.3834375,0.9921040189125295,0.23515589298906617,urban_street,car;traffic light,64.351559,"[""People walking on a street in wind and rain using jackets and umbrellas"", ""Man in rain coat and others on a rainy city street."", ""A picture of several people walking on a sidewalk on a rainy day."", ""People are walking down the sidewalk in a storm,""]","[""People walking on a street in wind and rain using jackets and umbrellas"", ""Man in rain coat and others on a rainy city street."", ""A picture of several people walking on a sidewalk on a rainy day."", ""A man is walking in the rain with hood on his head."", ""People are walking down the sidewalk in a storm,""]"
279882,000000279882.jpg,http://images.cocodataset.org/train2017/000000279882.jpg,http://farm5.staticflickr.com/4138/4882648616_05e207ce53_z.jpg,http://creativecommons.org/licenses/by/2.0/,640,484,0.287203125,0.017975206611570246,0.220921875,0.9325826446280991,0.11012786576704543,urban_street,bicycle;bus;car;traffic light;truck,64.101279,"[""A man riding a skateboard down a street without a shirt."", ""A shirtless man rides a skateboard in the bike lane of a city street."", ""a man skateboarding without a shirt down a street""]","[""A shirtless young man is riding his skateboard."", ""A half dressed man on a skateboard in the bike lane of a road with vehicles."", ""A man riding a skateboard down a street without a shirt."", ""A shirtless man rides a skateboard in the bike lane of a city street."", ""a man skateboarding without a shirt down a street""]"
299207,000000299207.jpg,http://images.cocodataset.org/train2017/000000299207.jpg,http://farm1.staticflickr.com/45/156249885_c4617d249b_z.jpg,http://creativecommons.org/licenses/by-nc-sa/2.0/,640,480,0.11460937499999999,0.024729166666666667,0.35729687499999996,0.9640416666666667,0.20126976057942705,urban_street,car;stop sign,64.012698,"[""Man dressed in jeans standing in the street holding luggage."", ""A man contemplates crossing a street with several bags of luggage."", ""A man standing in the street with his luggage."", ""A man standing in the street with a red bag and other luggage.""]","[""Man dressed in jeans standing in the street holding luggage."", ""A man contemplates crossing a street with several bags of luggage."", ""A man standing in the street with his luggage."", ""A man standing in the street with a red bag and other luggage."", ""man standing in the middle of the road with three bags.""]"
345172,000000345172.jpg,http://images.cocodataset.org/train2017/000000345172.jpg,http://farm7.staticflickr.com/6210/6048770052_d67d99b003_z.jpg,http://creativecommons.org/licenses/by-nc-nd/2.0/,640,616,0.12250000000000001,0.33506493506493507,0.2525,0.6519480519480519,0.09835714285714285,urban_street,motorcycle,63.983571,"[""Woman walking on a city street with a black mask over her mouth"", ""a young woman with a black bandana covering her face is walking down the street"", ""a woman walking in a busy street with a black face mask on"", ""A person is wearing a mask as they walk down the street"", ""A woman standing on a sidewalk near a motorcycle""]","[""Woman walking on a city street with a black mask over her mouth"", ""a young woman with a black bandana covering her face is walking down the street"", ""a woman walking in a busy street with a black face mask on"", ""A person is wearing a mask as they walk down the street"", ""A woman standing on a sidewalk near a motorcycle""]"
143490,000000143490.jpg,http://images.cocodataset.org/train2017/000000143490.jpg,http://farm3.staticflickr.com/2567/4204754945_6f98a82ef7_z.jpg,http://creativecommons.org/licenses/by-nc-sa/2.0/,640,426,0.0,0.3831924882629108,0.44175000000000003,0.6049530516431925,0.19215127219043426,urban_street,car;traffic light,63.921513,"[""A bunch of people are walking down the street in a snow storm."", ""a woman with a yellow umbrella walking down a sidewalk full of people on a snowy day"", ""People walking on a sidewalk during a snowstorm."", ""The sidewalk is crowded with people on a snowy day.""]","[""A bunch of people are walking down the street in a snow storm."", ""a woman with a yellow umbrella walking down a sidewalk full of people on a snowy day"", ""People walking on a sidewalk during a snowstorm."", ""The sidewalk is crowded with people on a snowy day."", ""lots of people walking in a snow storm some are carrying umbrellas""]"
321209,000000321209.jpg,http://images.cocodataset.org/train2017/000000321209.jpg,http://farm3.staticflickr.com/2354/2088022281_db1ed5b2c1_z.jpg,http://creativecommons.org/licenses/by-nc/2.0/,500,326,0.0,0.18819018404907975,0.15978,0.8118098159509202,0.08465402638036809,urban_street,car;motorcycle;stop sign;traffic light,63.84654,"[""Older men sitting on wooden benches on a sidewalk together, with scooters parked in the street and stores across the street."", ""People sit on benches near a street and shops."", ""Many geriatric men sitting on park benches on the sidewalk of a busy street.""]","[""LOTS OF MEN ALL DRESSED UP, MOST SITTING ON BENCHES"", ""Older men sitting on wooden benches on a sidewalk together, with scooters parked in the street and stores across the street."", ""People sit on benches near a street and shops."", ""Many geriatric men sitting on park benches on the sidewalk of a busy street."", ""A group of old men sit on public benches.""]"
524830,000000524830.jpg,http://images.cocodataset.org/train2017/000000524830.jpg,http://farm4.staticflickr.com/3258/2871423411_130d9caf4d_z.jpg,http://creativecommons.org/licenses/by-nc/2.0/,333,500,0.2915015015015015,0.42607999999999996,0.4982282282282282,0.5620599999999999,0.1787323861861862,urban_street,car;traffic light,63.787324,"[""a person standing on a sidewalk waiting for the traffic light to change"", ""A man with a backpack at a street corner."", ""A man in brown jacket with backpack walking on a street."", ""A man with a backpack is crossing the street.""]","[""a person standing on a sidewalk waiting for the traffic light to change"", ""A man with a backpack at a street corner."", ""A man in brown jacket with backpack walking on a street."", ""A man with a backpack is crossing the street."", ""A man wearing a backpack waits for the crossing signal.""]"
186906,000000186906.jpg,http://images.cocodataset.org/train2017/000000186906.jpg,http://farm4.staticflickr.com/3502/3916298731_1f2244a392_z.jpg,http://creativecommons.org/licenses/by-nc-sa/2.0/,640,480,0.522578125,0.16708333333333333,0.477421875,0.8193541666666667,0.2500522980143229,urban_street,bus;car;motorcycle,63.500523,"[""A man with a bald head standing next to a street."", ""A man posing on the side of a busy street."", ""a man stands beside a busy street and takes a picture"", ""Selfie of a man on a traffic congested city street""]","[""A man with a bald head standing next to a street."", ""A man posing on the side of a busy street."", ""A man stands next to a road of cars."", ""a man stands beside a busy street and takes a picture"", ""Selfie of a man on a traffic congested city street""]"
324316,000000324316.jpg,http://images.cocodataset.org/train2017/000000324316.jpg,http://farm8.staticflickr.com/7451/9092061854_6b10d4b45f_z.jpg,http://creativecommons.org/licenses/by-sa/2.0/,640,478,0.42798437500000003,0.25393305439330544,0.28028125,0.725836820083682,0.13733091380099371,urban_street,car;traffic light,63.373309,"[""two peope stand near one another on a street"", ""Two men are seen eating something standing on the street"", ""Two men on the street putting something in their mouths"", ""Two men on a sidewalk with cars in the background""]","[""two peope stand near one another on a street"", ""Two men are seen eating something standing on the street"", ""Two men on the street putting something in their mouths"", ""Two men on a sidewalk with cars in the background"", ""A couple of men standing next to each other.""]"
404852,000000404852.jpg,http://images.cocodataset.org/train2017/000000404852.jpg,http://farm6.staticflickr.com/5098/5538263534_7a303b3d2a_z.jpg,http://creativecommons.org/licenses/by-sa/2.0/,640,427,0.21440625,0.34156908665105384,0.295359375,0.6471896955503513,0.13181739479654567,urban_street,car;traffic light,63.318174,"[""A group of people walking down a sidewalk."", ""Women with umbrellas walking down a crowded sidewalk."", ""Two women share a red umbrella walking down the street."", ""Pedestrians with umbrellas walking on sidewalk on bright sunny day.""]","[""A group of people walking down a sidewalk."", ""Women with umbrellas walking down a crowded sidewalk."", ""Two women share a red umbrella walking down the street."", ""A bunch of people that are underneath umbrellas."", ""Pedestrians with umbrellas walking on sidewalk on bright sunny day.""]"
506463,000000506463.jpg,http://images.cocodataset.org/train2017/000000506463.jpg,http://farm7.staticflickr.com/6072/6130768161_e8d57526bc_z.jpg,http://creativecommons.org/licenses/by-nc-sa/2.0/,612,612,0.28413398692810454,0.031160130718954248,0.34784313725490196,0.946062091503268,0.12990478021273863,urban_street,car;traffic light,63.299048,"[""Young Kid Skateboarding on a sidewalk while listening to his headphones."", ""A boy with a backpack skating on a skateboard on a sidewalk."", ""A boy rides a skateboard on the sidewalk."", ""A boy getting ready to skateboard on the sidewalk.""]","[""Young Kid Skateboarding on a sidewalk while listening to his headphones."", ""A boy with a backpack skating on a skateboard on a sidewalk."", ""A boy rides a skateboard on the sidewalk."", ""A boy skate boarding on the side walk."", ""A boy getting ready to skateboard on the sidewalk.""]"
463467,000000463467.jpg,http://images.cocodataset.org/train2017/000000463467.jpg,http://farm9.staticflickr.com/8296/7901929054_fc2946dbc0_z.jpg,http://creativecommons.org/licenses/by-nc-sa/2.0/,627,640,0.4768102073365231,0.050265625,0.2996650717703349,0.8073281250000001,0.1226807604415869,urban_street,bicycle,63.226808,"[""The man in a suit walks down the street using his cell phone."", ""Two men walk down the street, one is well dressed."", ""A man in a business suit and a man in jeans and sweatshirt walk along a sidewalk."", ""Two men that are standing on a sidewalk."", ""two men walking down the street in front of a building""]","[""The man in a suit walks down the street using his cell phone."", ""Two men walk down the street, one is well dressed."", ""A man in a business suit and a man in jeans and sweatshirt walk along a sidewalk."", ""Two men that are standing on a sidewalk."", ""two men walking down the street in front of a building""]"
371114,000000371114.jpg,http://images.cocodataset.org/train2017/000000371114.jpg,http://farm1.staticflickr.com/60/157794643_5f4a3ea598_z.jpg,http://creativecommons.org/licenses/by-nc-sa/2.0/,640,480,0.50984375,0.13958333333333334,0.231828125,0.8589375,0.12015404817708329,urban_street,car;traffic light,63.20154,"[""A woman standing on a street corner near a cross walk."", ""A woman standing at a street corner as traffic is caught in motion."", ""She stands on the street corner as traffic goes by"", ""A woman is standing on the side of a street""]","[""A woman standing on a street corner near a cross walk."", ""A woman standing at a street corner as traffic is caught in motion."", ""She stands on the street corner as traffic goes by"", ""A woman is standing on the side of a street"", ""a woman is standing by herself out on the curb""]"
349006,000000349006.jpg,http://images.cocodataset.org/train2017/000000349006.jpg,http://farm9.staticflickr.com/8001/7435679024_e3a8415636_z.jpg,http://creativecommons.org/licenses/by/2.0/,640,480,0.0038906250000000004,0.0,0.25520312500000003,0.916875,0.11905871647135417,urban_street,car;traffic light,63.190587,"[""A person riding a skateboard down a street lined with parked cars"", ""A person is riding a skateboard down the street."", ""Person riding their skateboard on the street with the cars."", ""a person skating down the street next to traffic""]","[""A person riding a skateboard down a street lined with parked cars"", ""A person is riding a skateboard down the street."", ""Person riding their skateboard on the street with the cars."", ""A closeup of a skateboarder riding on asphalt"", ""a person skating down the street next to traffic""]"
338807,000000338807.jpg,http://images.cocodataset.org/train2017/000000338807.jpg,http://farm8.staticflickr.com/7016/6595457467_084b9c7462_z.jpg,http://creativecommons.org/licenses/by-nc-nd/2.0/,640,425,0.5446875,0.27348235294117645,0.20890625,0.7078588235294117,0.10318634595588233,urban_street,bicycle,63.031863,"[""A man walking down a street dressed in black."", ""A man in black trench coat carrying an umbrella on street."", ""A man walks down a busy street while holding an umbrella."", ""A man walking on a crowded wet street, holding an umbrella."", ""a male in a black coat is holding a black umbrella and people on a street""]","[""A man walking down a street dressed in black."", ""A man in black trench coat carrying an umbrella on street."", ""A man walks down a busy street while holding an umbrella."", ""A man walking on a crowded wet street, holding an umbrella."", ""a male in a black coat is holding a black umbrella and people on a street""]"
502678,000000502678.jpg,http://images.cocodataset.org/train2017/000000502678.jpg,http://farm4.staticflickr.com/3204/2613598779_3177596546_z.jpg,http://creativecommons.org/licenses/by-nc-nd/2.0/,426,640,0.35448356807511733,0.49214062500000005,0.2802112676056338,0.49437499999999995,0.09926054174002347,urban_street,car;traffic light,62.992605,"[""Two women on street next to cars and traffic signs."", ""Two young ladies standing on the sidewalk under a street sign."", ""Two women standing on a sidewalk next to a street sign at night while cars drive on the street next to them and behind them."", ""two people standing on a street with a street sign""]","[""Two women on street next to cars and traffic signs."", ""Two woman near the Interstate 15 sign in Las Vegas."", ""Two young ladies standing on the sidewalk under a street sign."", ""Two women standing on a sidewalk next to a street sign at night while cars drive on the street next to them and behind them."", ""two people standing on a street with a street sign""]"
107233,000000107233.jpg,http://images.cocodataset.org/train2017/000000107233.jpg,http://farm3.staticflickr.com/2337/2455222745_62b8ca6dbd_z.jpg,http://creativecommons.org/licenses/by-nc-sa/2.0/,640,400,0.11070312499999999,0.44645,0.25225,0.54035,0.09784344257812501,urban_street,car;traffic light,62.978434,"[""People on street passing restaurant or bar serving Trappist Biere (beer)."", ""People walking down the sidewalk in a city"", ""Several pedestrians walk down a sidewalk next to a restaurant."", ""People walk down the sidewalk and across the street.""]","[""People on street passing restaurant or bar serving Trappist Biere (beer)."", ""Pedestrians walking past a bar with an outdoor seating area"", ""People walking down the sidewalk in a city"", ""Several pedestrians walk down a sidewalk next to a restaurant."", ""People walk down the sidewalk and across the street.""]"
122164,000000122164.jpg,http://images.cocodataset.org/train2017/000000122164.jpg,http://farm5.staticflickr.com/4120/4914155139_8418552738_z.jpg,http://creativecommons.org/licenses/by-nc/2.0/,428,640,0.37025700934579436,0.629265625,0.5181542056074767,0.37073437499999995,0.08538936130987147,urban_street,car;traffic light,62.853894,"[""a male with a black shirt and a black and white street sign"", ""Man standing on a street corner pointing to the sign."", ""A young man is pointing to a street sign that reads \""Homer\""."", ""A man pointing at a street sign above his head.""]","[""a male with a black shirt and a black and white street sign"", ""Man standing on a street corner pointing to the sign."", ""A young man is pointing to a street sign that reads \""Homer\""."", ""A man pointing at a street sign above his head."", ""A man in black pointing at a homer st. sign.""]"
345848,000000345848.jpg,http://images.cocodataset.org/train2017/000000345848.jpg,http://farm4.staticflickr.com/3152/2918626312_6a684ed01e_z.jpg,http://creativecommons.org/licenses/by-nc-sa/2.0/,426,640,0.5536854460093897,0.53034375,0.2599530516431925,0.458421875,0.08479196376173707,urban_street,bicycle;car;motorcycle;truck,62.84792,"[""A group of people are on bikes on a busy street."", ""Motorcycles and cars are causing heavy traffic in the street."", ""Cow going against traffic on a very crowded street."", ""Congested traffic, motor scooters, cows and people on a city street""]","[""A group of people are on bikes on a busy street."", ""Motorcycles and cars are causing heavy traffic in the street."", ""a large group of people on motorcycles"", ""Cow going against traffic on a very crowded street."", ""Congested traffic, motor scooters, cows and people on a city street""]"
456149,000000456149.jpg,http://images.cocodataset.org/train2017/000000456149.jpg,http://farm4.staticflickr.com/3233/3032871066_e7346cb2f1_z.jpg,http://creativecommons.org/licenses/by-nc-sa/2.0/,441,640,0.255328798185941,0.223875,0.4817233560090703,0.49978125,0.08363744065334466,urban_street,car;traffic light,62.836374,"[""There is a boy on a skate board in the street"", ""This man is riding his skateboard on the edge of a sidewalk."", ""Man on a skateboard riding on the line of a city street."", ""A person wearing jeans and sneakers skateboarding on a sidewalk""]","[""A person on a skateboard on a road."", ""There is a boy on a skate board in the street"", ""This man is riding his skateboard on the edge of a sidewalk."", ""Man on a skateboard riding on the line of a city street."", ""A person wearing jeans and sneakers skateboarding on a sidewalk""]"
310649,000000310649.jpg,http://images.cocodataset.org/train2017/000000310649.jpg,http://farm5.staticflickr.com/4048/4397372608_8cb31bbb51_z.jpg,http://creativecommons.org/licenses/by-sa/2.0/,640,428,0.30415625,0.17301401869158878,0.195859375,0.8231074766355141,0.08347752482476631,urban_street,car;traffic light,62.834775,"[""A man in a hat and long coat looking down a street."", ""A group of people on street in snow next to cars."", ""People walking down a sidewalk in the snow."", ""A group of people walking down a sidewalk near a street.""]","[""A man walking in the snow with a dumb looking hat."", ""A man in a hat and long coat looking down a street."", ""A group of people on street in snow next to cars."", ""People walking down a sidewalk in the snow."", ""A group of people walking down a sidewalk near a street.""]"
221787,000000221787.jpg,http://images.cocodataset.org/train2017/000000221787.jpg,http://farm1.staticflickr.com/121/271057648_f5b7f9edc9_z.jpg,http://creativecommons.org/licenses/by-nc-nd/2.0/,427,640,0.0,0.5552343750000001,0.28501170960187355,0.44476562499999994,0.08054140332259954,urban_street,car;traffic light,62.805414,"[""A few people wait on the sidewalk before crossing the street."", ""A couple of men standing near a crosswalk."", ""A street scene with people crossing in a crosswalk."", ""Pedestrians crossing a street in a large city""]","[""A few people wait on the sidewalk before crossing the street."", ""Two men stand in front of a cross walk."", ""A couple of men standing near a crosswalk."", ""A street scene with people crossing in a crosswalk."", ""Pedestrians crossing a street in a large city""]"
227439,000000227439.jpg,http://images.cocodataset.org/train2017/000000227439.jpg,http://farm1.staticflickr.com/101/292253122_8645bd2bec_z.jpg,http://creativecommons.org/licenses/by-nc/2.0/,379,640,0.3187598944591029,0.25407812500000004,0.5046965699208443,0.73259375,0.20852441643304753,urban_street,bicycle;traffic light,62.085244,"[""A woman walking down a street at night."", ""A woman is on the sidewalk while holding a lot of things."", ""A woman on a cell phone on the side of the street."", ""The woman is waiting on the sidewalk while on her phone.""]","[""A woman walking down a street at night."", ""A woman is on the sidewalk while holding a lot of things."", ""A woman on a cell phone on the side of the street."", ""A woman in white coat looking at a cellphone."", ""The woman is waiting on the sidewalk while on her phone.""]"
529715,000000529715.jpg,http://images.cocodataset.org/train2017/000000529715.jpg,http://farm1.staticflickr.com/52/120139288_6d4c7e80f8_z.jpg,http://creativecommons.org/licenses/by-nc-nd/2.0/,320,240,0.2904375,0.018416666666666668,0.332875,0.9815833333333334,0.191143208984375,urban_street,,61.911432,"[""A woman on a city street talking on a cell phone."", ""Two women stand on the sidewalk talking on the phone."", ""A picture of some people on the street."", ""a person standing on a city street talking on a cell phone"", ""A woman carrying a purse and talking on the phone on the side of the street.""]","[""A woman on a city street talking on a cell phone."", ""Two women stand on the sidewalk talking on the phone."", ""A picture of some people on the street."", ""a person standing on a city street talking on a cell phone"", ""A woman carrying a purse and talking on the phone on the side of the street.""]"
161610,000000161610.jpg,http://images.cocodataset.org/train2017/000000161610.jpg,http://farm9.staticflickr.com/8013/7429390994_5a94453d6a_z.jpg,http://creativecommons.org/licenses/by-nc-sa/2.0/,453,640,0.2092935982339956,0.132578125,0.5023399558498897,0.8518593750000001,0.1600719557119205,urban_street,,61.60072,"[""A woman hanging from a blue street sign."", ""A woman holds on to the Jonathan Avenue street sign."", ""She appears to be hanging on the street sign."", ""A young lady is holding on to a street sign and smiling."", ""A woman poses with her chin resting on a street sign.""]","[""A woman hanging from a blue street sign."", ""A woman holds on to the Jonathan Avenue street sign."", ""She appears to be hanging on the street sign."", ""A young lady is holding on to a street sign and smiling."", ""A woman poses with her chin resting on a street sign.""]"
193359,000000193359.jpg,http://images.cocodataset.org/train2017/000000193359.jpg,http://farm1.staticflickr.com/103/251881305_06156d2789_z.jpg,http://creativecommons.org/licenses/by/2.0/,427,640,0.30651053864168615,0.1438125,0.3401639344262295,0.773046875,0.15435726965017565,urban_street,,61.543573,"[""A man wearing an Italy shirt is standing in the street."", ""A man standing in the middle of a crowded street"", ""A man stopping to drink in the middle of the street."", ""Man standing drinking in a busy pedestrianised street"", ""A man is in the street drinking a glass""]","[""A man wearing an Italy shirt is standing in the street."", ""A man standing in the middle of a crowded street"", ""A man stopping to drink in the middle of the street."", ""Man standing drinking in a busy pedestrianised street"", ""A man is in the street drinking a glass""]"
68812,000000068812.jpg,http://images.cocodataset.org/train2017/000000068812.jpg,http://farm9.staticflickr.com/8025/7229629972_a3bd112b0d_z.jpg,http://creativecommons.org/licenses/by-nc-nd/2.0/,640,427,0.1364375,0.24718969555035128,0.37482812499999996,0.737072599531616,0.15267040160275178,urban_street,,61.526704,"[""A group of suited men walking down a city street."", ""A man and other pedestrians are walking on the sidewalk."", ""there are several walking on a downtown sidewalk"", ""A man in a suit is walking down the street"", ""a person walking on a street with a suit""]","[""A group of suited men walking down a city street."", ""A man and other pedestrians are walking on the sidewalk."", ""there are several walking on a downtown sidewalk"", ""A man in a suit is walking down the street"", ""a person walking on a street with a suit""]"
445214,000000445214.jpg,http://images.cocodataset.org/train2017/000000445214.jpg,http://farm1.staticflickr.com/12/19116828_e61055cfd6_z.jpg,http://creativecommons.org/licenses/by-nd/2.0/,380,500,0.051657894736842104,0.06092,0.32660526315789473,0.91412,0.14955941657894742,urban_street,,61.495594,"[""Two women walking on a sidewalk carrying purses"", ""Two women walking down a city street together"", ""two people walking on a street talking on a cell phone"", ""Two young women walk smiling down a sidewalk."", ""Two women are walking down the sidewalk with luggage.""]","[""Two women walking on a sidewalk carrying purses"", ""Two women walking down a city street together"", ""two people walking on a street talking on a cell phone"", ""Two young women walk smiling down a sidewalk."", ""Two women are walking down the sidewalk with luggage.""]"
214454,000000214454.jpg,http://images.cocodataset.org/train2017/000000214454.jpg,http://farm4.staticflickr.com/3128/2776768329_87097ffce2_z.jpg,http://creativecommons.org/licenses/by-nc-sa/2.0/,640,428,0.3005625,0.0764018691588785,0.327609375,0.8044859813084112,0.14909957268545562,urban_street,,61.490996,"[""A woman kneeling down over a storm drain near a street."", ""A girl holding a cellphone squatting down on the corner of a street."", ""a lady on the street holding a phone"", ""A woman in a black hoodie crouched on street corner with a cellphone."", ""A woman crouched on the corner sidewalk using a cell phone""]","[""A woman kneeling down over a storm drain near a street."", ""A girl holding a cellphone squatting down on the corner of a street."", ""a lady on the street holding a phone"", ""A woman in a black hoodie crouched on street corner with a cellphone."", ""A woman crouched on the corner sidewalk using a cell phone""]"
330124,000000330124.jpg,http://images.cocodataset.org/train2017/000000330124.jpg,http://farm7.staticflickr.com/6163/6142038311_216aebb153_z.jpg,http://creativecommons.org/licenses/by-nc-sa/2.0/,612,612,0.1557516339869281,0.02877450980392157,0.32053921568627447,0.7629901960784313,0.14426765226515442,urban_street,,61.442677,"[""Skateboard and feet in sandals on a sidewalk."", ""A man riding a skateboard down a street."", ""A boy on a skateboard on the sidewalk"", ""Person in flip flops riding on a skateboard out towards the street"", ""a boy is standing on a skate board on a sidewalk""]","[""Skateboard and feet in sandals on a sidewalk."", ""A man riding a skateboard down a street."", ""A boy on a skateboard on the sidewalk"", ""Person in flip flops riding on a skateboard out towards the street"", ""a boy is standing on a skate board on a sidewalk""]"
109316,000000109316.jpg,http://images.cocodataset.org/train2017/000000109316.jpg,http://farm9.staticflickr.com/8421/7751660930_d99aaa2f4e_z.jpg,http://creativecommons.org/licenses/by-sa/2.0/,425,640,0.46698823529411765,0.46965625,0.4399294117647059,0.43820312499999997,0.1435119169117647,urban_street,,61.435119,"[""A woman walking down a street holding a gray umbrella."", ""A woman carrying a umbrella walking down a street."", ""A women walking down the street holding a unbrella ."", ""a woman holding an umbrella on a city street"", ""The woman's face is concealed under her umbrella as she walks down the street.""]","[""A woman walking down a street holding a gray umbrella."", ""A woman carrying a umbrella walking down a street."", ""A women walking down the street holding a unbrella ."", ""a woman holding an umbrella on a city street"", ""The woman's face is concealed under her umbrella as she walks down the street.""]"
6935,000000006935.jpg,http://images.cocodataset.org/train2017/000000006935.jpg,http://farm7.staticflickr.com/6206/6123723223_4113967b1e_z.jpg,http://creativecommons.org/licenses/by-nc-sa/2.0/,640,426,0.0,0.14830985915492959,0.282703125,0.8516901408450704,0.13996642899061035,urban_street,car;motorcycle;truck,61.399664,"[""Travelers with bags, backpacks and luggage walking down a street."", ""Street scene of an adult and two  children walking down sidewalk with luggage."", ""Group of people pulling different pieces of luggage down a city street."", ""kids and a man walking down the sidewalk with suitcases""]","[""A group of people pulling bags behind them"", ""Travelers with bags, backpacks and luggage walking down a street."", ""Street scene of an adult and two  children walking down sidewalk with luggage."", ""Group of people pulling different pieces of luggage down a city street."", ""kids and a man walking down the sidewalk with suitcases""]"
315476,000000315476.jpg,http://images.cocodataset.org/train2017/000000315476.jpg,http://farm1.staticflickr.com/94/245461444_97126e6a91_z.jpg,http://creativecommons.org/licenses/by-nc-nd/2.0/,500,360,0.35925999999999997,0.08255555555555555,0.23072,0.8668611111111111,0.12194783694444446,urban_street,,61.219478,"[""A group of friends waering skirts and dressing are walking down the street."", ""A group of women walking along a sidewalk."", ""A group of women that are standing on the sidewalk."", ""A group of women walking down a busy sidewalk."", ""A group of women standing beside each other walking down the sidewalk.""]","[""A group of friends waering skirts and dressing are walking down the street."", ""A group of women walking along a sidewalk."", ""A group of women that are standing on the sidewalk."", ""A group of women walking down a busy sidewalk."", ""A group of women standing beside each other walking down the sidewalk.""]"
516249,000000516249.jpg,http://images.cocodataset.org/train2017/000000516249.jpg,http://farm9.staticflickr.com/8444/7871349706_38125896df_z.jpg,http://creativecommons.org/licenses/by-nc-nd/2.0/,640,400,0.00421875,0.37685,0.358140625,0.55955,0.1218116751953125,urban_street,,61.218117,"[""A group of people outside playing street hockey."", ""A group of street hockey players fight for the ball in front of the goal."", ""A group of men playing street hockey against each other."", ""men playing street hockey with sticks and a ball"", ""A group of men playing street hockey in action near the goal.""]","[""A group of people outside playing street hockey."", ""A group of street hockey players fight for the ball in front of the goal."", ""A group of men playing street hockey against each other."", ""men playing street hockey with sticks and a ball"", ""A group of men playing street hockey in action near the goal.""]"
334609,000000334609.jpg,http://images.cocodataset.org/train2017/000000334609.jpg,http://farm5.staticflickr.com/4073/4893128315_a3384e6ddc_z.jpg,http://creativecommons.org/licenses/by-nc-sa/2.0/,480,640,0.238625,0.18590625,0.30722916666666666,0.6935,0.11821390218098958,urban_street,,61.182139,"[""A woman dressed in black standing on a sidewalk."", ""A sexy young lady with red hair walking on a sidewalk."", ""A woman holding a cell phone walks down a city street."", ""A person looking down a street while she is walking."", ""The red-haired woman wearing glasses is walking down the street holding a cell phone.""]","[""A woman dressed in black standing on a sidewalk."", ""A sexy young lady with red hair walking on a sidewalk."", ""A woman holding a cell phone walks down a city street."", ""A person looking down a street while she is walking."", ""The red-haired woman wearing glasses is walking down the street holding a cell phone.""]"
202990,000000202990.jpg,http://images.cocodataset.org/train2017/000000202990.jpg,http://farm9.staticflickr.com/8494/8287528644_d46f0a8586_z.jpg,http://creativecommons.org/licenses/by-nc-sa/2.0/,612,612,0.21797385620915033,0.1415686274509804,0.40225490196078434,0.768545751633987,0.11013339514182581,urban_street,bicycle;traffic light,61.101334,"[""a man stands in the middle of a street holding a wire"", ""A street scene where a vendor is standing and some ladies are doing window shopping."", ""a man standing in the gutter by the sidewalk next to some boxes and a bicycle."", ""A man standing on the side of the street.""]","[""a man stands in the middle of a street holding a wire"", ""A street scene where a vendor is standing and some ladies are doing window shopping."", ""The man is standing in the road waiting to cross."", ""a man standing in the gutter by the sidewalk next to some boxes and a bicycle."", ""A man standing on the side of the street.""]"
320467,000000320467.jpg,http://images.cocodataset.org/train2017/000000320467.jpg,http://farm1.staticflickr.com/89/247156571_8ac121c763_z.jpg,http://creativecommons.org/licenses/by-sa/2.0/,375,500,0.0,0.30106,0.6083733333333333,0.6073,0.10887314746666671,urban_street,bicycle;stop sign,61.088731,"[""The woman lunges forward on the sidewalk with patterned umbrella in hand."", ""A woman in a multicolor umbrella by the street"", ""A girl standing on a sidewalk holding an umbrella."", ""A woman standing on a sidewalk making an ugly face.""]","[""Lady plays with her umbrella in the wind"", ""The woman lunges forward on the sidewalk with patterned umbrella in hand."", ""A woman in a multicolor umbrella by the street"", ""A girl standing on a sidewalk holding an umbrella."", ""A woman standing on a sidewalk making an ugly face.""]"
114185,000000114185.jpg,http://images.cocodataset.org/train2017/000000114185.jpg,http://farm4.staticflickr.com/3546/3844823947_ba5dd8ac48_z.jpg,http://creativecommons.org/licenses/by-nc/2.0/,500,458,0.44668,0.22209606986899563,0.24906,0.7573144104803494,0.10579738973799127,urban_street,,61.057974,"[""Two men in trench coats and ties walk down a sidewalk."", ""Two men walking down a sidewalk in the city."", ""an image of two men that are walking down the street"", ""Black and white photograph of men walking on a street."", ""an old black and white photo of two people walking down a street""]","[""Two men in trench coats and ties walk down a sidewalk."", ""Two men walking down a sidewalk in the city."", ""an image of two men that are walking down the street"", ""Black and white photograph of men walking on a street."", ""an old black and white photo of two people walking down a street""]"
324280,000000324280.jpg,http://images.cocodataset.org/train2017/000000324280.jpg,http://farm1.staticflickr.com/22/26611608_f1ec7fd12b_z.jpg,http://creativecommons.org/licenses/by-nc/2.0/,640,411,0.5160625,0.02878345498783455,0.19424999999999998,0.9367883211678831,0.10214670658454988,urban_street,,61.021467,"[""A woman is walking down the city street."", ""A woman about to talk a walk across a street."", ""A woman wearing a tan coat walking down the sidewalk approaching a cross walk in the city."", ""a woman in heels crosses a street"", ""A woman on the sidewalk with her back to us.""]","[""A woman is walking down the city street."", ""A woman about to talk a walk across a street."", ""A woman wearing a tan coat walking down the sidewalk approaching a cross walk in the city."", ""a woman in heels crosses a street"", ""A woman on the sidewalk with her back to us.""]"
413956,000000413956.jpg,http://images.cocodataset.org/train2017/000000413956.jpg,http://farm4.staticflickr.com/3451/3777863376_6736daf382_z.jpg,http://creativecommons.org/licenses/by-sa/2.0/,640,514,0.4683125,0.03988326848249027,0.32465625,0.8097665369649806,0.09269150565418291,urban_street,bicycle;bus;car,60.926915,"[""A woman on a bicycle crossing a street of traffic."", ""a woman riding a bike across the street"", ""A woman wearing blue crosses the street on a bike."", ""A woman is riding her bike across the street.""]","[""A woman on a bicycle crossing a street of traffic."", ""a woman riding a bike across the street"", ""A woman wearing blue crosses the street on a bike."", ""A woman in shorts is riding a bike in the city."", ""A woman is riding her bike across the street.""]"
277912,000000277912.jpg,http://images.cocodataset.org/train2017/000000277912.jpg,http://farm1.staticflickr.com/76/156740129_fed936a603_z.jpg,http://creativecommons.org/licenses/by-nc-nd/2.0/,393,500,0.6931806615776082,0.26906,0.25104325699745544,0.6210800000000001,0.09023799872773536,urban_street,,60.90238,"[""A street scene with a man on a skateboard on the road."", ""a man with unique hair is skateboarding down the street"", ""A man is skateboarding down a street past a roadside tattoo shop."", ""A man in a tye-dye shirt riding a skatebaord on a street with no vehicles."", ""A man in a tie dyed shirt riding a skateboard down a busy street.""]","[""A street scene with a man on a skateboard on the road."", ""a man with unique hair is skateboarding down the street"", ""A man is skateboarding down a street past a roadside tattoo shop."", ""A man in a tye-dye shirt riding a skatebaord on a street with no vehicles."", ""A man in a tie dyed shirt riding a skateboard down a busy street.""]"
497125,000000497125.jpg,http://images.cocodataset.org/train2017/000000497125.jpg,http://farm8.staticflickr.com/7413/9740933655_309da55110_z.jpg,http://creativecommons.org/licenses/by-nc/2.0/,640,360,0.28828125,0.1961111111111111,0.174125,0.8038888888888889,0.08748616080729171,urban_street,,60.874862,"[""A man walking down a rain soaked street holding a green umbrella."", ""A man walks under an umbrella on a raining city street."", ""A man walking down a street with an umbrella."", ""A man walking down a rain covered sidewalk with a green umbrella."", ""A man walking down a street with an umbrella in the rain.""]","[""A man walking down a rain soaked street holding a green umbrella."", ""A man walks under an umbrella on a raining city street."", ""A man walking down a street with an umbrella."", ""A man walking down a rain covered sidewalk with a green umbrella."", ""A man walking down a street with an umbrella in the rain.""]"
397815,000000397815.jpg,http://images.cocodataset.org/train2017/000000397815.jpg,http://farm7.staticflickr.com/6181/6125396925_2c7568e490_z.jpg,http://creativecommons.org/licenses/by-nc-sa/2.0/,640,427,0.5605,0.16201405152224826,0.16228125,0.8153161592505854,0.08564032933255271,urban_street,,60.856403,"[""a group of people standing on the sidewalk holding umbrellas above their heads"", ""People standing on a sidewalk with umbrellas open to keep dry."", ""three people are waiting on the street with an umbrella"", ""People on the sidewalk with umbrellas in the rain"", ""People with umbrellas are standing on a sidewalk outside a shop.""]","[""a group of people standing on the sidewalk holding umbrellas above their heads"", ""People standing on a sidewalk with umbrellas open to keep dry."", ""three people are waiting on the street with an umbrella"", ""People on the sidewalk with umbrellas in the rain"", ""People with umbrellas are standing on a sidewalk outside a shop.""]"
395899,000000395899.jpg,http://images.cocodataset.org/train2017/000000395899.jpg,http://farm8.staticflickr.com/7175/6725404201_e5ddbbb3bc_z.jpg,http://creativecommons.org/licenses/by-nc-nd/2.0/,640,426,0.082953125,0.13368544600938967,0.25775000000000003,0.8294835680751174,0.08079941791373231,urban_street,,60.807994,"[""A woman walking on the street with a purse on her arm and an umbrella in her hand."", ""a woman holding an umbrella and walking down the street"", ""A woman walking down a sidewalk carrying an umbrella."", ""A woman walking down a sidewalk holding an umbrella."", ""A woman carries an umbrella as she walks down the sidewalk.""]","[""A woman walking on the street with a purse on her arm and an umbrella in her hand."", ""a woman holding an umbrella and walking down the street"", ""A woman walking down a sidewalk carrying an umbrella."", ""A woman walking down a sidewalk holding an umbrella."", ""A woman carries an umbrella as she walks down the sidewalk.""]"
219909,000000219909.jpg,http://images.cocodataset.org/train2017/000000219909.jpg,http://farm8.staticflickr.com/7077/7358096158_3d1c656fd8_z.jpg,http://creativecommons.org/licenses/by-nc/2.0/,640,480,0.065734375,0.08927083333333334,0.24715625000000002,0.8172499999999999,0.11819849658203126,urban_street,bicycle;car;truck,60.181985,"[""A couple walks down the street under and umbrella embracing."", ""A couple of women walking down a street under a pink umbrella."", ""Two people embrace while walking down the street under a pink umbrella"", ""Two people with their hands on each others' back walk under the same umbrella on a city sidewalk next to a man.""]","[""two people walking on a side walk with an umbrella"", ""A couple walks down the street under and umbrella embracing."", ""A couple of women walking down a street under a pink umbrella."", ""Two people embrace while walking down the street under a pink umbrella"", ""Two people with their hands on each others' back walk under the same umbrella on a city sidewalk next to a man.""]"
43719,000000043719.jpg,http://images.cocodataset.org/train2017/000000043719.jpg,http://farm6.staticflickr.com/5265/5612170744_408cc3aa8a_z.jpg,http://creativecommons.org/licenses/by/2.0/,633,640,0.5498262243285941,0.37303125000000004,0.27265402843601894,0.615734375,0.10242945040975514,urban_street,car;parking meter,60.024295,"[""A woman with an umbrella stands on a busy city sidewalk on a rainy evening."", ""A woman walking down a street holding an umbrella."", ""A woman standing on a rainy sidewalk with a clear umbrella."", ""A woman walking in the rain on a sidewalk with an umbrella.""]","[""a woman  walking down the road while holding an umbrella"", ""A woman with an umbrella stands on a busy city sidewalk on a rainy evening."", ""A woman walking down a street holding an umbrella."", ""A woman standing on a rainy sidewalk with a clear umbrella."", ""A woman walking in the rain on a sidewalk with an umbrella.""]"
438600,000000438600.jpg,http://images.cocodataset.org/train2017/000000438600.jpg,http://farm4.staticflickr.com/3499/3909369136_89753cc184_z.jpg,http://creativecommons.org/licenses/by-nc/2.0/,640,427,0.305859375,0.038196721311475404,0.32834375,0.9618032786885246,0.19683229233752925,urban_street,bus;car,59.968323,"[""A woman walking down a street while talking on a cell phone."", ""a lady in glasses walking on the street on phone"", ""A group of people walk down the street talking on cell phones."", ""A woman walks down the street while talking on a cell phone""]","[""A woman walking down a street while talking on a cell phone."", ""a lady in glasses walking on the street on phone"", ""a few people walking down the road with a cell phone"", ""A group of people walk down the street talking on cell phones."", ""A woman walks down the street while talking on a cell phone""]"
273503,000000273503.jpg,http://images.cocodataset.org/train2017/000000273503.jpg,http://farm1.staticflickr.com/153/437917700_f8764af836_z.jpg,http://creativecommons.org/licenses/by-nc-nd/2.0/,500,399,0.26002,0.024711779448621553,0.5595,0.9595488721804512,0.19654486942355895,urban_street,car;motorcycle;traffic light;truck,59.965449,"[""A Woman on a motor scooter waiting at an intersection."", ""A woman with a helmet is riding her motorcycle on a busy street."", ""A woman riding a motorcycle down a busy city street.""]","[""A Woman on a motor scooter waiting at an intersection."", ""A woman with a helmet is riding her motorcycle on a busy street."", ""A woman riding a motorcycle down a busy city street."", ""A woman waiting at a red light on a motorcycle."", ""A woman in a helmet is riding a motor bike.""]"
45059,000000045059.jpg,http://images.cocodataset.org/train2017/000000045059.jpg,http://farm6.staticflickr.com/5210/5238812941_5f15bd4ca7_z.jpg,http://creativecommons.org/licenses/by-nc-sa/2.0/,640,512,0.007171874999999999,0.1119921875,0.18834375,0.80044921875,0.09049957107543942,urban_street,bicycle;bus;motorcycle,59.904996,"[""A red double decker bus driving down a crowded street."", ""A street scene with people and a double decker bus."", ""A street scene with a double decker bus and cyclist wearing a luminous vest."", ""A busy street in the middle of a city.""]","[""A red double decker bus driving down a crowded street."", ""A street scene with people and a double decker bus."", ""blurry shot of a city at night with pedestrians, bikers and a bus"", ""A street scene with a double decker bus and cyclist wearing a luminous vest."", ""A busy street in the middle of a city.""]"
335200,000000335200.jpg,http://images.cocodataset.org/train2017/000000335200.jpg,http://farm8.staticflickr.com/7012/6394573711_9d76db85cc_z.jpg,http://creativecommons.org/licenses/by-nc-nd/2.0/,640,480,0.70740625,0.0024791666666666664,0.29259375,0.9777708333333333,0.18121647591145834,urban_street,traffic light,59.812165,"[""a street sign next to a traffic light with trees in the background"", ""A street sign slightly bent toward the right."", ""A photograph of a street sign next to a traffic light."", ""A street sign and traffic light on a pole.""]","[""a street sign next to a traffic light with trees in the background"", ""A picture from a vehicle of East highway 50"", ""A street sign slightly bent toward the right."", ""A photograph of a street sign next to a traffic light."", ""A street sign and traffic light on a pole.""]"
73141,000000073141.jpg,http://images.cocodataset.org/train2017/000000073141.jpg,http://farm4.staticflickr.com/3613/3682314936_488fa729eb_z.jpg,http://creativecommons.org/licenses/by-nc-nd/2.0/,375,500,0.0,0.24222,0.3586666666666667,0.68988,0.1609179533333334,urban_street,traffic light,59.60918,"[""This black and white photo shows several people walking down the sidewalk with luggage."", ""People are walking down the street with their luggage"", ""People carry their luggage down a city street"", ""People coming and going on a busy sidewalk street with pull-along luggage.""]","[""This black and white photo shows several people walking down the sidewalk with luggage."", ""People are walking down the street with their luggage"", ""a lot of people walking either carrying suitcases or pulling them"", ""People carry their luggage down a city street"", ""People coming and going on a busy sidewalk street with pull-along luggage.""]"
92974,000000092974.jpg,http://images.cocodataset.org/train2017/000000092974.jpg,http://farm5.staticflickr.com/4078/4774863967_49102c21b3_z.jpg,http://creativecommons.org/licenses/by/2.0/,360,640,0.19925,0.482125,0.4605,0.517875,0.15727935742187488,urban_street,traffic light,59.572794,"[""A man walking down a street holding onto an bag."", ""A man in glasses and a tie is walking down a city street."", ""A man is walking down the street looking at his surroundings."", ""Black and white photograph of a man walking on a street.""]","[""A man walking down a street holding onto an bag."", ""A man in glasses and a tie is walking down a city street."", ""A black and white picture of people walking in a city."", ""A man is walking down the street looking at his surroundings."", ""Black and white photograph of a man walking on a street.""]"
403489,000000403489.jpg,http://images.cocodataset.org/train2017/000000403489.jpg,http://farm3.staticflickr.com/2648/3689200993_2e14c43dc2_z.jpg,http://creativecommons.org/licenses/by-nc-sa/2.0/,640,425,0.43775000000000003,0.26682352941176474,0.518140625,0.7219764705882352,0.2275623295955882,urban_street,bicycle;car;stop sign;truck,59.275623,"[""A person on their phone walks down the street."", ""A man is walking down the sidewalk with a cellphone to his ear."", ""A man standing on a street with a cell phone.""]","[""A person on their phone walks down the street."", ""A person with his hat on backwards, talking on the phone while walking away."", ""A man walks as he speaks to someone on his phone"", ""A man is walking down the sidewalk with a cellphone to his ear."", ""A man standing on a street with a cell phone.""]"
524507,000000524507.jpg,http://images.cocodataset.org/train2017/000000524507.jpg,http://farm7.staticflickr.com/6131/5946937967_525be6ec88_z.jpg,http://creativecommons.org/licenses/by-nd/2.0/,640,431,0.44173437499999996,0.324245939675174,0.290046875,0.6633874709976798,0.1237111211209397,urban_street,traffic light,59.237111,"[""A bald man holding a blue umbrella on a street."", ""A man looks to his left while holding a blue umbrella on a rainy day in the street."", ""A man waits by the street with an open umbrella in his hand."", ""A man standing on the sidewalk with a blue umbrella.""]","[""A bald man holding a blue umbrella on a street."", ""a man protecting himself from rain and watching"", ""A man looks to his left while holding a blue umbrella on a rainy day in the street."", ""A man waits by the street with an open umbrella in his hand."", ""A man standing on the sidewalk with a blue umbrella.""]"
564276,000000564276.jpg,http://images.cocodataset.org/train2017/000000564276.jpg,http://farm4.staticflickr.com/3127/3169135238_474b2015ba_z.jpg,http://creativecommons.org/licenses/by-nc-sa/2.0/,500,375,0.048979999999999996,0.2758933333333333,0.24156,0.7117066666666666,0.11753416293333332,urban_street,bicycle;bus;car;traffic light,59.175342,"[""A man standing next to a parked bus and various people riding bicycles down a street together and one person holding a sign."", ""a number of people riding bikes on a city street"", ""people bicycling down a city street in daylight""]","[""A man standing next to a parked bus and various people riding bicycles down a street together and one person holding a sign."", ""A man in a uniform standing beside a bus"", ""a number of people riding bikes on a city street"", ""people bicycling down a city street in daylight"", ""A man standing near a bus watching cyclists ride by.""]"
217327,000000217327.jpg,http://images.cocodataset.org/train2017/000000217327.jpg,http://farm4.staticflickr.com/3102/3213385560_cea2f454be_z.jpg,http://creativecommons.org/licenses/by-nc-sa/2.0/,333,500,0.16195195195195194,0.47866000000000003,0.40828828828828834,0.50336,0.11120980360360358,urban_street,traffic light,59.112098,"[""A woman posing in front of a street sign called \""Obama\"""", ""a woman in a black top and a black and white street sign"", ""A woman is standing at a street corner under a street sign."", ""A woman standing below a street sign at night.""]","[""A woman posing in front of a street sign called \""Obama\"""", ""a woman standing at a sign is underneath it"", ""a woman in a black top and a black and white street sign"", ""A woman is standing at a street corner under a street sign."", ""a person that is standing up holding a coat"", ""A woman standing below a street sign at night.""]"
198263,000000198263.jpg,http://images.cocodataset.org/train2017/000000198263.jpg,http://farm9.staticflickr.com/8412/8707663834_f570bc7211_z.jpg,http://creativecommons.org/licenses/by-nc-sa/2.0/,480,640,0.0,0.570640625,0.39008333333333334,0.429359375,0.10701693798828128,urban_street,traffic light,59.070169,"[""A properly dressed bicyclist is riding his bime down the street."", ""A cyclist peruses a building on a city street.."", ""A bicyclist looks across the street to a store called Eden."", ""A man on the side of a city street.""]","[""A man in a yellow safety vest standing outside of a tall building."", ""A properly dressed bicyclist is riding his bime down the street."", ""A cyclist peruses a building on a city street.."", ""A bicyclist looks across the street to a store called Eden."", ""A man on the side of a city street.""]"
537097,000000537097.jpg,http://images.cocodataset.org/train2017/000000537097.jpg,http://farm6.staticflickr.com/5186/5847791560_84f9db5717_z.jpg,http://creativecommons.org/licenses/by-nc-nd/2.0/,543,640,0.4587476979742173,0.3091875,0.2404051565377532,0.690375,0.09902458592311243,urban_street,traffic light,58.990246,"[""A group of guys playing basketball on a city street"", ""Some men are playing basketball on the street."", ""People playing basketball on a street with spectators."", ""Three guys with a basketball in the middle of a street.""]","[""A group of guys playing basketball on a city street"", ""Some men reaching up to get a basketball"", ""Some men are playing basketball on the street."", ""People playing basketball on a street with spectators."", ""Three guys with a basketball in the middle of a street.""]"
82225,000000082225.jpg,http://images.cocodataset.org/train2017/000000082225.jpg,http://farm4.staticflickr.com/3519/3213385682_b077452c84_z.jpg,http://creativecommons.org/licenses/by-nc-sa/2.0/,333,500,0.5155555555555555,0.44468,0.3981681681681682,0.55532,0.09649665375375376,urban_street,traffic light,58.964967,"[""A couple is standing on the street corner of Obama and nothing, leaving the couple looking confused"", ""two people standing under a street sign with the name Obama on it"", ""Two people standing under a street sign named after the current president."", ""A young couple at night poses underneath a street sign displaying the name Obama.""]","[""A couple is standing on the street corner of Obama and nothing, leaving the couple looking confused"", ""two people standing under a street sign with the name Obama on it"", ""A man and woman posing on the corner of Obama ST."", ""Two people standing under a street sign named after the current president."", ""A young couple at night poses underneath a street sign displaying the name Obama.""]"
