image_id,file_name,coco_url,flickr_url,license_url,width,height,person_x,person_y,person_width,person_height,person_box_area,scene,context_objects,context_score,caption_hits_json,captions_json
231991,000000231991.jpg,http://images.cocodataset.org/train2017/000000231991.jpg,http://farm2.staticflickr.com/1134/557280905_6979335c8c_z.jpg,http://creativecommons.org/licenses/by/2.0/,500,375,0.20394,0.2809066666666667,0.49886,0.7078666666666666,0.15879235866666666,office,book;chair;keyboard;laptop;mouse,89.587924,"[""A young man using his laptop at a desk"", ""A man siting at a desk using a laptop computer."", ""Guy sitting at desk working on his laptop."", ""Man sitting at a computer desk holding a microphone to his mouth."", ""A man sits at a desk looking at a laptop.""]","[""A young man using his laptop at a desk"", ""A man siting at a desk using a laptop computer."", ""Guy sitting at desk working on his laptop."", ""Man sitting at a computer desk holding a microphone to his mouth."", ""A man sits at a desk looking at a laptop.""]"
501242,000000501242.jpg,http://images.cocodataset.org/train2017/000000501242.jpg,http://farm3.staticflickr.com/2032/2038875500_6ad82d93f3_z.jpg,http://creativecommons.org/licenses/by-sa/2.0/,640,600,0.378453125,0.0010166666666666666,0.6215468749999999,0.9672166666666667,0.3481345341145832,office,chair;keyboard;laptop;mouse,89.481345,"[""A woman with good posture sits at a wooden desk with an open laptop."", ""A woman sitting at her desk working on a laptop."", ""a woman sitting at her computer desk working with her computer."", ""A young woman sitting at a wooden desk watching Youtube on a laptop computer at home"", ""The girl posing for the photo is sitting at a desk with a laptop.""]","[""A woman with good posture sits at a wooden desk with an open laptop."", ""A woman sitting at her desk working on a laptop."", ""a woman sitting at her computer desk working with her computer."", ""A young woman sitting at a wooden desk watching Youtube on a laptop computer at home"", ""The girl posing for the photo is sitting at a desk with a laptop.""]"
161190,000000161190.jpg,http://images.cocodataset.org/train2017/000000161190.jpg,http://farm4.staticflickr.com/3045/2968392376_872c750b68_z.jpg,http://creativecommons.org/licenses/by-nc-nd/2.0/,640,406,0.032718750000000005,0.06411330049261084,0.470796875,0.9358866995073891,0.25530256157635467,office,cell phone;keyboard;laptop;mouse,87.553026,"[""A person sitting down on the computer desk."", ""a person sitting in front of a desk with a laptop and monitor"", ""A man is smiling in front of his desk with multiple computers."", ""A man sitting at a desk containing a laptop, computer screen, mouse, and three types of phones."", ""A pleased man sitting in front of his desk.""]","[""A person sitting down on the computer desk."", ""a person sitting in front of a desk with a laptop and monitor"", ""A man is smiling in front of his desk with multiple computers."", ""A man sitting at a desk containing a laptop, computer screen, mouse, and three types of phones."", ""A pleased man sitting in front of his desk.""]"
57481,000000057481.jpg,http://images.cocodataset.org/train2017/000000057481.jpg,http://farm1.staticflickr.com/71/157902230_86777d9d17_z.jpg,http://creativecommons.org/licenses/by/2.0/,640,480,0.0080625,0.4903125,0.33871875,0.49893750000000003,0.08729276692708332,office,chair;keyboard;laptop;mouse,86.872928,"[""A woman sitting at a desk with a laptop and desktop computer."", ""A woman is at a computer desk next to a big window."", ""a lady in a office looking at a computer"", ""A lady is working in an office with a window view of a construction mess in the next office."", ""A woman sitting at a desk with her computer.""]","[""A woman sitting at a desk with a laptop and desktop computer."", ""A woman is at a computer desk next to a big window."", ""a lady in a office looking at a computer"", ""A lady is working in an office with a window view of a construction mess in the next office."", ""A woman sitting at a desk with her computer.""]"
108301,000000108301.jpg,http://images.cocodataset.org/train2017/000000108301.jpg,http://farm1.staticflickr.com/99/310848733_cfa401daf8_z.jpg,http://creativecommons.org/licenses/by-nc-sa/2.0/,640,480,0.111234375,0.18877083333333333,0.6,0.7685416666666666,0.2224602737630208,office,book;chair;keyboard;mouse,82.224603,"[""A woman in a pink shirt sitting near a desk"", ""a person sitting at a desk with a keyboard nad monitor"", ""A woman in a pink sweater at an office desk with computer and business paperwork."", ""A woman sitting at a computer desk, with an old style CRT monitor on her desk."", ""The woman smiles at her office computer desk.""]","[""A woman in a pink shirt sitting near a desk"", ""a person sitting at a desk with a keyboard nad monitor"", ""A woman in a pink sweater at an office desk with computer and business paperwork."", ""A woman sitting at a computer desk, with an old style CRT monitor on her desk."", ""The woman smiles at her office computer desk.""]"
17877,000000017877.jpg,http://images.cocodataset.org/train2017/000000017877.jpg,http://farm2.staticflickr.com/1107/4725954066_161afc9669_z.jpg,http://creativecommons.org/licenses/by-nc-sa/2.0/,480,640,0.20960416666666667,0.299421875,0.5622916666666666,0.495046875,0.14570823258463544,office,chair;keyboard;mouse,79.457082,"[""A man is sitting at his desk and eating lunch."", ""A man sitting at a desk, eating something from a container."", ""a man eating at his work desk"", ""a man in a tie eats some food on a desk"", ""A businessman eats lunch at his office desk.""]","[""A man is sitting at his desk and eating lunch."", ""A man sitting at a desk, eating something from a container."", ""a man eating at his work desk"", ""a man in a tie eats some food on a desk"", ""A businessman eats lunch at his office desk.""]"
11720,000000011720.jpg,http://images.cocodataset.org/train2017/000000011720.jpg,http://farm3.staticflickr.com/2446/3887379427_08bf38dbdc_z.jpg,http://creativecommons.org/licenses/by-nc-sa/2.0/,640,480,0.0033750000000000004,0.24493749999999997,0.613484375,0.7550625,0.164446359375,office,keyboard;laptop,78.644464,"[""A man sitting with a laptop computer in his lap and feet on his desk."", ""A person is sitting with his feet on a desk while using  a computer."", ""A person sitting at a desk with their feet on top with a laptop in their lap"", ""a person with their feet up on a desk and holding a laptop in their lap."", ""A man sitting at his desk with his laptop on his lap and feet up on the backside of his desk.""]","[""A man sitting with a laptop computer in his lap and feet on his desk."", ""A person is sitting with his feet on a desk while using  a computer."", ""A person sitting at a desk with their feet on top with a laptop in their lap"", ""a person with their feet up on a desk and holding a laptop in their lap."", ""A man sitting at his desk with his laptop on his lap and feet up on the backside of his desk.""]"
419159,000000419159.jpg,http://images.cocodataset.org/train2017/000000419159.jpg,http://farm4.staticflickr.com/3013/2610162837_f347b74879_z.jpg,http://creativecommons.org/licenses/by-nc-nd/2.0/,500,375,0.45483999999999997,0.3376266666666667,0.29194,0.6516266666666667,0.13037652373333333,office,book;cell phone;chair;keyboard;laptop;mouse,78.303765,"[""A young woman sitting at a desk working on a computer."", ""A woman in black shirt sitting at desk with electronic pad and computer monitor."", ""A woman is sitting at a desk using a computer."", ""A young woman sitting at her desk looking at the monitor.""]","[""A young woman sitting at a desk working on a computer."", ""A woman in black shirt sitting at desk with electronic pad and computer monitor."", ""A woman is sitting at a desk using a computer."", ""A young woman sitting at her desk looking at the monitor."", ""a woman in a black shirt a black chair and a keyboard and monitor""]"
175600,000000175600.jpg,http://images.cocodataset.org/train2017/000000175600.jpg,http://farm7.staticflickr.com/6098/7029960845_0e797622c3_z.jpg,http://creativecommons.org/licenses/by-nc-sa/2.0/,480,640,0.10622916666666667,0.39540625,0.7527708333333333,0.60459375,0.21890330908203126,office,keyboard;mouse,78.189033,"[""Man with his feet up on a personal computer desk or office."", ""A messy cubicle with feet up on the desk."", ""The man is putting his feet up on the desk."", ""A man who has propped up his feet on his desk."", ""A person has their feet on a desk.""]","[""Man with his feet up on a personal computer desk or office."", ""A messy cubicle with feet up on the desk."", ""The man is putting his feet up on the desk."", ""A man who has propped up his feet on his desk."", ""A person has their feet on a desk.""]"
405225,000000405225.jpg,http://images.cocodataset.org/train2017/000000405225.jpg,http://farm3.staticflickr.com/2064/1589156955_a36399e721_z.jpg,http://creativecommons.org/licenses/by-nc/2.0/,640,480,0.001953125,0.6979166666666666,0.7421875,0.2890625,0.08904012044270833,office,keyboard;laptop,77.890401,"[""A cat taking a nap on the top of a desk in front of a computer monitor."", ""a close up of a cat on a desk"", ""A cat is laying on the computer desk next to the monitor."", ""A cat is laying on a lap top on a desk."", ""A cat sleeping on a desk near a laptop.""]","[""A cat taking a nap on the top of a desk in front of a computer monitor."", ""a close up of a cat on a desk"", ""A cat is laying on the computer desk next to the monitor."", ""A cat is laying on a lap top on a desk."", ""A cat sleeping on a desk near a laptop.""]"
179770,000000179770.jpg,http://images.cocodataset.org/train2017/000000179770.jpg,http://farm1.staticflickr.com/2/1734865_6356593421_z.jpg,http://creativecommons.org/licenses/by-nc-nd/2.0/,640,480,0.18034375,0.32135416666666666,0.687640625,0.4134791666666667,0.15234398974609376,office,keyboard;mouse,77.52344,"[""A child hides on a shelf beneath a work desk."", ""A small child playing hide and seek underneath a computer desk."", ""A small child is sitting under the computer desk"", ""A child is crouched down in the middle of a desk."", ""A small child is hiding on a shelf of a computer desk.""]","[""A child hides on a shelf beneath a work desk."", ""A small child playing hide and seek underneath a computer desk."", ""A small child is sitting under the computer desk"", ""A child is crouched down in the middle of a desk."", ""A small child is hiding on a shelf of a computer desk.""]"
483205,000000483205.jpg,http://images.cocodataset.org/train2017/000000483205.jpg,http://farm5.staticflickr.com/4036/4452050065_b950b88851_z.jpg,http://creativecommons.org/licenses/by/2.0/,640,480,0.0,0.0,0.35562499999999997,0.9887708333333334,0.22386777327473956,office,laptop;mouse,77.238678,"[""A person is sitting at their desk with their feet up and their computer on."", ""A person with their feet on a desk next to a laptop."", ""The camera person has their feet up on the desk next to a laptop."", ""a persons feet sitting on a desk by a laptop"", ""A person has their feet on a desk next to a computer.""]","[""A person is sitting at their desk with their feet up and their computer on."", ""A person with their feet on a desk next to a laptop."", ""The camera person has their feet up on the desk next to a laptop."", ""a persons feet sitting on a desk by a laptop"", ""A person has their feet on a desk next to a computer.""]"
210471,000000210471.jpg,http://images.cocodataset.org/train2017/000000210471.jpg,http://farm3.staticflickr.com/2064/2207939623_4b7164c9b6_z.jpg,http://creativecommons.org/licenses/by-sa/2.0/,640,480,0.288203125,0.12583333333333332,0.567984375,0.8584375000000001,0.32052463671875003,office,chair;keyboard;laptop;mouse,77.205246,"[""A woman is sitting in an office and holding a plastic carrot."", ""A woman sitting at an office desk with a picture of a dog on her computer monitor"", ""A woman sitting at a desk in a room."", ""a person holding an orange tube with a green top wile sitting at desk in front of a computer""]","[""A woman is sitting in an office and holding a plastic carrot."", ""A woman sitting at an office desk with a picture of a dog on her computer monitor"", ""A woman sitting at a desk in a room."", ""A woman in grey and white sweater holding a ceramic carrot."", ""a person holding an orange tube with a green top wile sitting at desk in front of a computer""]"
263687,000000263687.jpg,http://images.cocodataset.org/train2017/000000263687.jpg,http://farm3.staticflickr.com/2034/2324009312_a9377246be_z.jpg,http://creativecommons.org/licenses/by-nc-nd/2.0/,640,356,0.42309374999999994,0.19612359550561795,0.5724375,0.7852247191011237,0.23569478581460673,office,chair;keyboard;laptop;mouse,76.356948,"[""a person in an office setting sitting in a chair"", ""A man in a blue shirt sits in his office chair."", ""An Asian gentleman sitting in a blue chair at an open office area."", ""Young Japanese man smiling in his chair possibly in his office.""]","[""a person in an office setting sitting in a chair"", ""Man sitting in blue chair smiling while another stands in the back."", ""A man in a blue shirt sits in his office chair."", ""An Asian gentleman sitting in a blue chair at an open office area."", ""Young Japanese man smiling in his chair possibly in his office.""]"
156323,000000156323.jpg,http://images.cocodataset.org/train2017/000000156323.jpg,http://farm3.staticflickr.com/2084/2440554635_0665ea0d3a_z.jpg,http://creativecommons.org/licenses/by-nc/2.0/,500,333,0.00298,0.5989189189189189,0.99702,0.3901201201201201,0.09315256396396397,office,book;cell phone;keyboard;laptop;mouse,75.931526,"[""Some on had their feet on the desk where  the computer is."", ""A persons feet resting on a desk either side of an open laptop with a second screen behind it, two desk lamps and some books"", ""A man puts his feet on a desk with a laptop, a PC, books, and work papers."", ""a person with his feet up on a desk""]","[""Some on had their feet on the desk where  the computer is."", ""A laptop that is sitting in front of a monitor."", ""A persons feet resting on a desk either side of an open laptop with a second screen behind it, two desk lamps and some books"", ""A man puts his feet on a desk with a laptop, a PC, books, and work papers."", ""a person with his feet up on a desk""]"
315603,000000315603.jpg,http://images.cocodataset.org/train2017/000000315603.jpg,http://farm9.staticflickr.com/8525/8549201098_c8f441eb4c_z.jpg,http://creativecommons.org/licenses/by-nc/2.0/,640,427,0.007484375,0.2689461358313817,0.553484375,0.7152459016393443,0.18679899242535125,office,chair;keyboard;laptop;mouse,75.86799,"[""A man with a laptop on his desk is sitting in front of a computer desk."", ""A man is sitting at a desk with a desktop computer on it while he uses a laptop."", ""a man and his laptop at a desk in an office"", ""A man in a chair holding a laptop in his lap at a desk with a standard compute on it.""]","[""A man with a laptop on his desk is sitting in front of a computer desk."", ""A man is sitting at a desk with a desktop computer on it while he uses a laptop."", ""He must need two computers for his job."", ""a man and his laptop at a desk in an office"", ""A man in a chair holding a laptop in his lap at a desk with a standard compute on it.""]"
189224,000000189224.jpg,http://images.cocodataset.org/train2017/000000189224.jpg,http://farm1.staticflickr.com/174/412810409_ae9b4fdb24_z.jpg,http://creativecommons.org/licenses/by-nc-sa/2.0/,500,375,0.4736,0.08538666666666668,0.5258400000000001,0.9033866666666667,0.32796462666666665,office,book;laptop,73.279646,"[""A man smiling for the camera at his desk."", ""A man sitting at a desk with a laptop computer."", ""A man leans against his desk in a cluttered cubicle."", ""A man sitting at a desk with a laptop in view."", ""a male in a blue shirt a laptop a pen and a desk""]","[""A man smiling for the camera at his desk."", ""A man sitting at a desk with a laptop computer."", ""A man leans against his desk in a cluttered cubicle."", ""A man sitting at a desk with a laptop in view."", ""a male in a blue shirt a laptop a pen and a desk""]"
561630,000000561630.jpg,http://images.cocodataset.org/train2017/000000561630.jpg,http://farm1.staticflickr.com/124/319594387_b1eb63beb3_z.jpg,http://creativecommons.org/licenses/by-sa/2.0/,640,480,0.576671875,0.1373541666666667,0.38715625,0.8405,0.1464698263346354,office,chair;keyboard,72.464698,"[""A man sitting in front of a laptop computer at a desk."", ""A man sitting at a desk using a computer"", ""A man sits at a desk doing work on a computer."", ""A man is using a computer inside of an office."", ""A man sitting at a desk working on a computer""]","[""A man sitting in front of a laptop computer at a desk."", ""A man sitting at a desk using a computer"", ""A man sits at a desk doing work on a computer."", ""A man is using a computer inside of an office."", ""A man sitting at a desk working on a computer""]"
516895,000000516895.jpg,http://images.cocodataset.org/train2017/000000516895.jpg,http://farm4.staticflickr.com/3485/3768600081_9f91b6c25b_z.jpg,http://creativecommons.org/licenses/by-nc-nd/2.0/,480,640,0.0025833333333333333,0.529921875,0.5113541666666667,0.470078125,0.13979667171223953,office,chair;keyboard,72.397967,"[""Someone holding a banana up in front of the camera next to a sad looking man at a an office desk."", ""A man is seated at his computer desk and looks at the camera."", ""A man holding up a banana in an office"", ""a person sitting at a desk in front of a powered on computer monitor."", ""A closeup of a man and a banana at his desk at work.""]","[""Someone holding a banana up in front of the camera next to a sad looking man at a an office desk."", ""A man is seated at his computer desk and looks at the camera."", ""A man holding up a banana in an office"", ""a person sitting at a desk in front of a powered on computer monitor."", ""A closeup of a man and a banana at his desk at work.""]"
545226,000000545226.jpg,http://images.cocodataset.org/train2017/000000545226.jpg,http://farm7.staticflickr.com/6066/6060968102_d1242a5a8f_z.jpg,http://creativecommons.org/licenses/by-nc-sa/2.0/,640,427,0.027265624999999998,0.3313348946135831,0.398875,0.658056206088993,0.09580555913348948,office,book;cell phone;chair;keyboard;laptop,70.958056,"[""A woman sitting at an office desk, working on a laptop."", ""A woman sitting at a computer desk in front of a computer."", ""The woman is working on one of her laptops on the desk."", ""A woman at a desk in an office with large windows.""]","[""A woman sitting at an office desk, working on a laptop."", ""A woman at a table with a laptop in a room."", ""A woman sitting at a computer desk in front of a computer."", ""The woman is working on one of her laptops on the desk."", ""A woman at a desk in an office with large windows.""]"
444409,000000444409.jpg,http://images.cocodataset.org/train2017/000000444409.jpg,http://farm3.staticflickr.com/2451/3601994100_63f1ab9436_z.jpg,http://creativecommons.org/licenses/by-nc-sa/2.0/,640,480,0.0,0.33708333333333335,0.412921875,0.6629166666666666,0.14921582128906252,office,keyboard,70.492158,"[""a person with their feet up on a desk"", ""Person with their feet on a work desk with a plate of pizza near."", ""A man eating pizza at the computer with his legs on the desk."", ""A cubicle worker with his feet up and a slice of pizza on his desk"", ""A guy props his feet on a desk next to pizza and a computer.""]","[""a person with their feet up on a desk"", ""Person with their feet on a work desk with a plate of pizza near."", ""A man eating pizza at the computer with his legs on the desk."", ""A cubicle worker with his feet up and a slice of pizza on his desk"", ""A guy props his feet on a desk next to pizza and a computer.""]"
267555,000000267555.jpg,http://images.cocodataset.org/train2017/000000267555.jpg,http://farm3.staticflickr.com/2476/4010140869_f0b89dfccc_z.jpg,http://creativecommons.org/licenses/by-nc-sa/2.0/,500,375,0.57304,0.4653066666666667,0.42472000000000004,0.5168533333333333,0.14226633200000002,office,cell phone;laptop,70.422663,"[""A cell phone being charged on a small office desk"", ""A wooden desk with a laptop computer sitting on top of it."", ""A desk witgmh a telephone, laptop, cell phone and a book on it."", ""A desk with laptop, cell phone, landline phone and soda can."", ""A desk with a computer and phones plugged in""]","[""A cell phone being charged on a small office desk"", ""A wooden desk with a laptop computer sitting on top of it."", ""A desk witgmh a telephone, laptop, cell phone and a book on it."", ""A desk with laptop, cell phone, landline phone and soda can."", ""A desk with a computer and phones plugged in""]"
98922,000000098922.jpg,http://images.cocodataset.org/train2017/000000098922.jpg,http://farm4.staticflickr.com/3538/3308784433_6e9eb90776_z.jpg,http://creativecommons.org/licenses/by-sa/2.0/,500,375,0.0033599999999999997,0.14125333333333334,0.61212,0.8453066666666667,0.33173942533333345,office,chair;keyboard;laptop,70.317394,"[""A man sitting at a desk with an open laptop computer."", ""A young man in a blue shirt sitting at a desk"", ""A well dressed man sitting at his work station."", ""A man in an office sitting at a desk with a laptop turned on.""]","[""A man sitting at a desk with an open laptop computer."", ""An Asian man sitting in front of his computer."", ""A young man in a blue shirt sitting at a desk"", ""A well dressed man sitting at his work station."", ""A man in an office sitting at a desk with a laptop turned on.""]"
457449,000000457449.jpg,http://images.cocodataset.org/train2017/000000457449.jpg,http://farm3.staticflickr.com/2187/2396909997_bd49fbeb1c_z.jpg,http://creativecommons.org/licenses/by-nc-nd/2.0/,640,480,0.39775,0.23977083333333335,0.6016874999999999,0.7460625000000001,0.3257249065755208,office,book;cell phone;keyboard;mouse,70.257249,"[""The top of the head of a man sitting in front of disorganized computer desk"", ""A man sitting in front of a wooden desk, filled with papers and a desk top computer."", ""A man with blonde hair sitting at a computer desk with a desktop computer."", ""A man looks away from the camera as he sits at his messy desk.""]","[""The top of the head of a man sitting in front of disorganized computer desk"", ""A man sitting in front of a wooden desk, filled with papers and a desk top computer."", ""A man with blonde hair in front of his computer."", ""A man with blonde hair sitting at a computer desk with a desktop computer."", ""A man looks away from the camera as he sits at his messy desk.""]"
71989,000000071989.jpg,http://images.cocodataset.org/train2017/000000071989.jpg,http://farm1.staticflickr.com/99/314205330_6c267b524f_z.jpg,http://creativecommons.org/licenses/by-nc-sa/2.0/,640,480,0.04203125,0.15954166666666666,0.24874999999999997,0.8353125,0.10309966194661456,office,chair;mouse,70.030997,"[""Two men holding Nintendo Wii game controllers near a desk."", ""Two people playing with a Wii in an office setting."", ""guys playing wii in an office building together"", ""Two guys play with a Wii in an office."", ""Two men standing up playing a video game in an office.""]","[""Two men holding Nintendo Wii game controllers near a desk."", ""Two people playing with a Wii in an office setting."", ""guys playing wii in an office building together"", ""Two guys play with a Wii in an office."", ""Two men standing up playing a video game in an office.""]"
541117,000000541117.jpg,http://images.cocodataset.org/train2017/000000541117.jpg,http://farm4.staticflickr.com/3419/3968000394_343bd72354_z.jpg,http://creativecommons.org/licenses/by/2.0/,480,640,0.003,0.0015625,0.5183541666666667,0.8898906249999999,0.2904949544270833,office,book;cell phone;keyboard;mouse,69.90495,"[""A man starring into the camera beside his desk."", ""A man posing in an office setting with his mail."", ""THERE IS AN IMAGE OF A DESK TOP COMPUTER AND A MOUSE ON THE DESK"", ""The man is at the desk on his computer.""]","[""A man starring into the camera beside his desk."", ""A man posing in an office setting with his mail."", ""THERE IS AN IMAGE OF A DESK TOP COMPUTER AND A MOUSE ON THE DESK"", ""The man is at the desk on his computer."", ""An angry looking man sitting at the computer""]"
391794,000000391794.jpg,http://images.cocodataset.org/train2017/000000391794.jpg,http://farm5.staticflickr.com/4106/5067049463_17ff213422_z.jpg,http://creativecommons.org/licenses/by-sa/2.0/,640,360,0.307859375,0.0,0.692140625,0.99775,0.473962011501736,office,cell phone;keyboard;mouse,69.73962,"[""A person sits at a desk in front of a computer and keyboard."", ""A person sits in front of a desk with a keyboard tray and mouse."", ""A man sitting at a computer desk using the mouse."", ""A person sits at a computer workstation with a keyboard tray.""]","[""A person sits at a desk in front of a computer and keyboard."", ""A man seated with a mouse, a keyboard and cell phone in front"", ""A person sits in front of a desk with a keyboard tray and mouse."", ""A man sitting at a computer desk using the mouse."", ""A person sits at a computer workstation with a keyboard tray.""]"
70809,000000070809.jpg,http://images.cocodataset.org/train2017/000000070809.jpg,http://farm1.staticflickr.com/108/310142483_f5d2dfb22d_z.jpg,http://creativecommons.org/licenses/by-nc-sa/2.0/,375,500,0.027093333333333334,0.09564,0.9691466666666667,0.88938,0.47197010933333333,office,keyboard;laptop,69.719701,"[""A person with feet propped on top of a desk."", ""a person with his feet up on a desk"", ""Person putting their feet in between a phone any computer on desk."", ""Office workstation with a persons feet up on the desk""]","[""A person with feet propped on top of a desk."", ""a person with his feet up on a desk"", ""Person putting their feet in between a phone any computer on desk."", ""Office workstation with a persons feet up on the desk"", ""The individual has their feet on the table near the telephone.""]"
213003,000000213003.jpg,http://images.cocodataset.org/train2017/000000213003.jpg,http://farm5.staticflickr.com/4149/5014957925_31e3510df3_z.jpg,http://creativecommons.org/licenses/by-nc-sa/2.0/,640,482,0.0,0.09369294605809128,0.739578125,0.8921369294605809,0.16907265949170125,office,cell phone;chair;keyboard;laptop,69.690727,"[""a person props his feet up on the desk with a laptop on his lap"", ""A man his laptop placed on his lap with his feet up on the desk."", ""He is working on his laptop with his legs on the desk."", ""A man with his feet up on a desk, using a laptop""]","[""a person props his feet up on the desk with a laptop on his lap"", ""A man his laptop placed on his lap with his feet up on the desk."", ""A boy sitting in his chair with his laptop in his lap."", ""He is working on his laptop with his legs on the desk."", ""A man with his feet up on a desk, using a laptop""]"
438762,000000438762.jpg,http://images.cocodataset.org/train2017/000000438762.jpg,http://farm5.staticflickr.com/4009/5105770626_3a5144cbd0_z.jpg,http://creativecommons.org/licenses/by-nd/2.0/,640,478,0.32487499999999997,0.22,0.37009375,0.48878661087866104,0.08599070639382846,office,book;chair;keyboard;mouse,68.859907,"[""A baby sitting at a chair by a computer desk."", ""The baby is sitting at his mother/father's desk touching some of the technological equipment."", ""A baby sits in front of a keyboard in an office chair and plays with a mouse."", ""A young child sits in an office chair at a work station.""]","[""A young boy with his hand on a computer mouse."", ""A baby sitting at a chair by a computer desk."", ""The baby is sitting at his mother/father's desk touching some of the technological equipment."", ""A baby sits in front of a keyboard in an office chair and plays with a mouse."", ""A young child sits in an office chair at a work station.""]"
64310,000000064310.jpg,http://images.cocodataset.org/train2017/000000064310.jpg,http://farm3.staticflickr.com/2046/2104054031_b9b27ea2cc_z.jpg,http://creativecommons.org/licenses/by-nc-nd/2.0/,500,333,0.40238,0.2185885885885886,0.5602,0.710930930930931,0.1811111351351353,office,cell phone;chair;keyboard;mouse,68.811111,"[""A man sitting at a desk with two computer monitors, typing."", ""A man is using a computer in an office."", ""a man sitting at a desk with two computers"", ""man working at 2 computers in his office""]","[""A man sitting at a desk with two computer monitors, typing."", ""A man is using a computer in an office."", ""A man smiles while working at his computer."", ""a man sitting at a desk with two computers"", ""man working at 2 computers in his office""]"
208995,000000208995.jpg,http://images.cocodataset.org/train2017/000000208995.jpg,http://farm1.staticflickr.com/129/384375793_db2c02036c_z.jpg,http://creativecommons.org/licenses/by/2.0/,480,640,0.15629166666666666,0.12242187499999999,0.5129583333333333,0.5422343749999999,0.11191131168619786,office,book;chair;laptop;mouse,68.119113,"[""A man is working at a desk on his laptop."", ""A man in a black tank top sits at a desk with a laptop."", ""A man sitting at a desk working with a laptop computer."", ""A man in a black tank top sits at a large wooden desk while looking at an open keyboard.""]","[""A man is working at a desk on his laptop."", ""a man wearing a black wife beater using a laptop."", ""A man in a black tank top sits at a desk with a laptop."", ""A man sitting at a desk working with a laptop computer."", ""A man in a black tank top sits at a large wooden desk while looking at an open keyboard.""]"
65329,000000065329.jpg,http://images.cocodataset.org/train2017/000000065329.jpg,http://farm4.staticflickr.com/3701/9315960150_eaa1a7b777_z.jpg,http://creativecommons.org/licenses/by-nc-sa/2.0/,640,480,0.25392187499999996,0.677125,0.5465312499999999,0.31166666666666665,0.1113414586588542,office,chair;keyboard;laptop,68.113415,"[""A wooden desk with a laptop computer and two monitors."", ""A man with a laptop in front of a desk with more computers"", ""A person is on a laptop with their feet up on a desk."", ""A man lounging in a computer room with a laptop on his lap.""]","[""A wooden desk with a laptop computer and two monitors."", ""A person sitting in a chair with a laptop and other computers in the background."", ""A man with a laptop in front of a desk with more computers"", ""A person is on a laptop with their feet up on a desk."", ""A man lounging in a computer room with a laptop on his lap.""]"
507459,000000507459.jpg,http://images.cocodataset.org/train2017/000000507459.jpg,http://farm6.staticflickr.com/5064/5589853059_8ac4a410d3_z.jpg,http://creativecommons.org/licenses/by/2.0/,220,293,0.06586363636363636,0.1820136518771331,0.6793636363636364,0.5842662116040955,0.10654413434688174,office,chair;keyboard;laptop,68.065441,"[""An attractive young woman sits at a desk with a notebook computer."", ""A woman is shown sitting at a computer desk"", ""A woman is sitting in a chair, at a desk with a laptop and TV."", ""A woman is sitting at a desk with her legs crossed.""]","[""Avery cute looking girl sitting in a chair."", ""An attractive young woman sits at a desk with a notebook computer."", ""A woman is shown sitting at a computer desk"", ""A woman is sitting in a chair, at a desk with a laptop and TV."", ""A woman is sitting at a desk with her legs crossed.""]"
288872,000000288872.jpg,http://images.cocodataset.org/train2017/000000288872.jpg,http://farm3.staticflickr.com/2255/2050071261_1076ef87db_z.jpg,http://creativecommons.org/licenses/by-nc-sa/2.0/,500,375,0.08648,0.1741066666666667,0.7570399999999999,0.8117866666666667,0.33993320693333334,office,book;chair,67.399332,"[""A man sitting at a desk covered with papers."", ""A man wearing a tie sitting near a messy desk."", ""A man wearing a tie sitting at a desk."", ""A man is sitting at his messy work desk."", ""This man works in a small office space.""]","[""A man sitting at a desk covered with papers."", ""A man wearing a tie sitting near a messy desk."", ""A man wearing a tie sitting at a desk."", ""A man is sitting at his messy work desk."", ""This man works in a small office space.""]"
3008,000000003008.jpg,http://images.cocodataset.org/train2017/000000003008.jpg,http://farm8.staticflickr.com/7030/6673498911_996e832cee_z.jpg,http://creativecommons.org/licenses/by-nc/2.0/,640,427,0.18740625,0.09437939110070256,0.565234375,0.8876346604215456,0.3391502504757025,office,book;chair,67.391503,"[""A woman sitting at a desk rubbing her hands together."", ""A woman is raising her hands at her desk."", ""Lady clapping hands while sitting at a desk with lots of books."", ""an image of a girl that sitting on the desk area"", ""a woman sitting in her desk clapping her hands.""]","[""A woman sitting at a desk rubbing her hands together."", ""A woman is raising her hands at her desk."", ""Lady clapping hands while sitting at a desk with lots of books."", ""an image of a girl that sitting on the desk area"", ""a woman sitting in her desk clapping her hands.""]"
557321,000000557321.jpg,http://images.cocodataset.org/train2017/000000557321.jpg,http://farm4.staticflickr.com/3195/2958683461_12fc97ca1a_z.jpg,http://creativecommons.org/licenses/by-nc-nd/2.0/,640,359,0.345390625,0.3640389972144847,0.6516875,0.6314763231197771,0.1991829102106546,office,cell phone;keyboard;mouse,66.991829,"[""A woman using a desktop computer mouse on top of a desk."", ""a view from overhead of a person using a mouse at a computer on a desk covered with various electronics"", ""A person at a desk with a keyboard, cell phone, mouse and mp3 player."", ""A computer user sits at a desk, surrounded b various forms of technology.""]","[""A woman using a desktop computer mouse on top of a desk."", ""a view from overhead of a person using a mouse at a computer on a desk covered with various electronics"", ""A person controlling a mouse at a computer."", ""A person at a desk with a keyboard, cell phone, mouse and mp3 player."", ""A computer user sits at a desk, surrounded b various forms of technology.""]"
524459,000000524459.jpg,http://images.cocodataset.org/train2017/000000524459.jpg,http://farm4.staticflickr.com/3424/3209007686_ede584d86f_z.jpg,http://creativecommons.org/licenses/by-sa/2.0/,640,427,0.41231249999999997,0.25843091334894613,0.437796875,0.7235831381733022,0.16230859320111243,office,chair;laptop;mouse,66.623086,"[""A man using his laptop at his desk"", ""A man sitting at a desk on a laptop computer."", ""a man sitting at a desk using his laptop"", ""A man is looking slyly at the camera while sitting at his laptop at a desk.""]","[""A man using his laptop at his desk"", ""A man sitting at a desk on a laptop computer."", ""a man sitting at a desk using his laptop"", ""an image  of a man working on his laptop"", ""A man is looking slyly at the camera while sitting at his laptop at a desk.""]"
132573,000000132573.jpg,http://images.cocodataset.org/train2017/000000132573.jpg,http://farm1.staticflickr.com/77/173354292_5b684db56d_z.jpg,http://creativecommons.org/licenses/by-nc-sa/2.0/,375,500,0.0,0.05894,0.43290666666666666,0.92208,0.2503033210666667,office,keyboard;mouse,66.503033,"[""A young man's legs resting on top of a desk in front of a computer."", ""Guy in shorts with his feet up on his desk in front of a computer."", ""A person's legs and feet up on a computer desk by the keyboard."", ""A man with his feet on a desk in front of a computer.""]","[""A young man's legs resting on top of a desk in front of a computer."", ""Guy in shorts with his feet up on his desk in front of a computer."", ""A person's legs and feet up on a computer desk by the keyboard."", ""A man with his feet on a desk in front of a computer."", ""Two feet that are in front of a desktop.""]"
89248,000000089248.jpg,http://images.cocodataset.org/train2017/000000089248.jpg,http://farm9.staticflickr.com/8295/7891699330_bc34f63e08_z.jpg,http://creativecommons.org/licenses/by-nc/2.0/,640,427,0.59071875,0.015737704918032787,0.40928125,0.9820140515222482,0.24130013941744724,office,cell phone;chair;keyboard;laptop;mouse,65.413001,"[""A couple of people sitting at a desk with a laptop computer."", ""Two office workers engaged in a computer task."", ""Two people seated in front of two computers in an office""]","[""A couple of people sitting at a desk with a laptop computer."", ""Two people are watching and interacting with a laptop."", ""Two people working on a laptop in a computer lab."", ""Two office workers engaged in a computer task."", ""Two people seated in front of two computers in an office""]"
402109,000000402109.jpg,http://images.cocodataset.org/train2017/000000402109.jpg,http://farm9.staticflickr.com/8233/8471600250_d2ab877363_z.jpg,http://creativecommons.org/licenses/by-sa/2.0/,478,640,0.002280334728033473,0.07728125,0.6751673640167365,0.9227187499999999,0.24048617857609828,office,chair;dining table;keyboard;laptop;mouse,65.404862,"[""a young person at a desk operating a computer"", ""A boy uses a mouse and looks at a laptop on a wooden desk."", ""A little child sitting at a desk using a computer.""]","[""a young person at a desk operating a computer"", ""a person in a gray shirt a mouse keyboard and laptop"", ""A boy uses a mouse and looks at a laptop on a wooden desk."", ""A child sitting at a table on a computer."", ""A little child sitting at a desk using a computer.""]"
228013,000000228013.jpg,http://images.cocodataset.org/train2017/000000228013.jpg,http://farm4.staticflickr.com/3416/3550649176_d9c87de8db_z.jpg,http://creativecommons.org/licenses/by/2.0/,640,480,0.443953125,0.0037291666666666667,0.556046875,0.9843125,0.18714686783854165,office,laptop;mouse,64.871469,"[""The laptop is on the wooden desk near the man"", ""There are two people sitting down at a desk with a computer on it."", ""A man sitting in front of a laptop computer on a desk."", ""A man and girl sitting at a computer desk with a white laptop.""]","[""The laptop is on the wooden desk near the man"", ""A woman looks at a computer and a man stares at the camera."", ""There are two people sitting down at a desk with a computer on it."", ""A man sitting in front of a laptop computer on a desk."", ""A man and girl sitting at a computer desk with a white laptop.""]"
222430,000000222430.jpg,http://images.cocodataset.org/train2017/000000222430.jpg,http://farm4.staticflickr.com/3316/3657493703_ab50361ddc_z.jpg,http://creativecommons.org/licenses/by-sa/2.0/,640,428,0.386859375,0.2547196261682243,0.58328125,0.733177570093458,0.2505843558338201,office,chair;keyboard;laptop;mouse,64.505844,"[""A man looks straight ahead sitting at a desk."", ""A man with long hair sits at a desk."", ""A person sitting a desk inside of a office""]","[""A man looks straight ahead sitting at a desk."", ""A man with long hair sits at a desk."", ""A man with long hair and a blue shirt sitting in front of a computer."", ""A long haired technology professional is posing for a picture."", ""A person sitting a desk inside of a office""]"
120070,000000120070.jpg,http://images.cocodataset.org/train2017/000000120070.jpg,http://farm3.staticflickr.com/2706/4030810066_d19422d3f0_z.jpg,http://creativecommons.org/licenses/by-nc/2.0/,640,427,0.0015,0.0022482435597189696,0.45728125000000003,0.5685480093676816,0.1064975300058548,office,laptop;mouse,64.064975,"[""A man sits at a desk with two computers."", ""A man types on a laptop computer at a desk."", ""A person is using one of the two laptops on the desk."", ""a person is typing on a laptop on a desk""]","[""A man sits at a desk with two computers."", ""A man types on a laptop computer at a desk."", ""A person is using one of the two laptops on the desk."", ""A person using a laptop computer on top of a table."", ""a person is typing on a laptop on a desk""]"
278315,000000278315.jpg,http://images.cocodataset.org/train2017/000000278315.jpg,http://farm3.staticflickr.com/2083/2494559341_dab710ea20_z.jpg,http://creativecommons.org/licenses/by-nc/2.0/,640,409,0.492578125,0.2028117359413203,0.41071875,0.7820293398533008,0.19659124446057455,office,book;keyboard;laptop;mouse,63.965912,"[""A girl sitting and smiling at a desk with a computer."", ""The woman is sitting at her desk with the computer on."", ""someone sitting at their desk doing some work on a computer""]","[""A woman sitting in front of a desktop computer."", ""A girl sitting and smiling at a desk with a computer."", ""The woman is sitting at her desk with the computer on."", ""someone sitting at their desk doing some work on a computer"", ""Black and white photo of girl at a computer.""]"
85160,000000085160.jpg,http://images.cocodataset.org/train2017/000000085160.jpg,http://farm6.staticflickr.com/5246/5321173112_675e10fb7f_z.jpg,http://creativecommons.org/licenses/by-nc-nd/2.0/,640,425,0.3268125,0.3925882352941176,0.490953125,0.5932470588235293,0.14249801636029408,office,chair;keyboard;laptop;mouse,63.42498,"[""A few people working on various computers in an office."", ""A man works on a laptop placed on a table in a busy office."", ""A man is working on a laptop computer at a desk.""]","[""A few people working on various computers in an office."", ""A man works on a laptop placed on a table in a busy office."", ""A man is working on a laptop computer at a desk."", ""A man in blue works on a laptop computer."", ""A man sitting in front of a laptop computer.""]"
203948,000000203948.jpg,http://images.cocodataset.org/train2017/000000203948.jpg,http://farm8.staticflickr.com/7280/7629059210_2bc957c234_z.jpg,http://creativecommons.org/licenses/by-nc-nd/2.0/,427,640,0.1505854800936768,0.323890625,0.692903981264637,0.57140625,0.2225437944598947,office,book;cell phone;chair;laptop,63.225438,"[""a teenage girl sits at a desk while looking at a laptop"", ""A girl at a desk studying with her laptop computer"", ""Young girl looking bored at a desk working on a laptop"", ""A woman sitting at a desk working on a laptop.""]","[""a teenage girl sits at a desk while looking at a laptop"", ""A woman at a table with a laptop."", ""A girl at a desk studying with her laptop computer"", ""Young girl looking bored at a desk working on a laptop"", ""A woman sitting at a desk working on a laptop.""]"
200680,000000200680.jpg,http://images.cocodataset.org/train2017/000000200680.jpg,http://farm3.staticflickr.com/2715/4177691510_1d62c1fb16_z.jpg,http://creativecommons.org/licenses/by/2.0/,640,480,0.27273437500000003,0.22597916666666668,0.315578125,0.5688333333333334,0.11151269726562502,office,chair;keyboard;laptop;mouse,63.115127,"[""A person sitting at a desk working on a laptop."", ""A person seated at a cluttered desk with a laptop and a glass of wine."", ""A man in an office chair looking at a laptop next to a glass of wine.""]","[""A person sitting at a desk working on a laptop."", ""A person seated at a cluttered desk with a laptop and a glass of wine."", ""A man in an office chair looking at a laptop next to a glass of wine."", ""A man works on his laptop with a glass of wine."", ""a male wearing a blue shirt  a glass of wine and a laptop""]"
577762,000000577762.jpg,http://images.cocodataset.org/train2017/000000577762.jpg,http://farm3.staticflickr.com/2439/3820194961_978c6060ee_z.jpg,http://creativecommons.org/licenses/by-nc-sa/2.0/,640,360,0.0,0.0033888888888888888,0.304046875,0.45944444444444443,0.10547034830729168,office,book;keyboard;laptop;mouse,63.054703,"[""A very long work station with a bunch of computer equipment."", ""A group of desktop computers sitting on top of a desk."", ""a desk with many laptops a monitor and a mouse""]","[""There is a lot of electrical equipment sitting on the table."", ""A very long work station with a bunch of computer equipment."", ""A group of desktop computers sitting on top of a desk."", ""Group of table and desktop laptops sitting on a workbench."", ""a desk with many laptops a monitor and a mouse""]"
531784,000000531784.jpg,http://images.cocodataset.org/train2017/000000531784.jpg,http://farm3.staticflickr.com/2616/3818973448_f59b4c9994_z.jpg,http://creativecommons.org/licenses/by-sa/2.0/,640,480,0.0,0.0,0.383359375,1.0,0.1755978627929688,office,cell phone;keyboard;laptop;mouse,62.755979,"[""a woman is typing on a laptop on a desk"", ""A woman using her lap top computer on top of a stack of boxes on a desk."", ""a woman a laptop some boxes on a desk""]","[""a woman is typing on a laptop on a desk"", ""A woman using her lap top computer on top of a stack of boxes on a desk."", ""A laptop computer sitting on top of a set of three boxes."", ""a woman a laptop some boxes on a desk"", ""The laptop computer is on top of a stack of boxes.""]"
435492,000000435492.jpg,http://images.cocodataset.org/train2017/000000435492.jpg,http://farm3.staticflickr.com/2134/2313033897_d49b6a4a4b_z.jpg,http://creativecommons.org/licenses/by-nc-sa/2.0/,500,400,0.0,0.295975,0.9973,0.704025,0.37287881024999986,office,book;keyboard,62.728788,"[""A person relaxing with his feet on his computer desk next to a computer."", ""A man laying his legs on top of a computer desk."", ""A man resting his legs on a desk next to a computer keyboard."", ""A person's legs propped on a computer desk.""]","[""A person relaxing with his feet on his computer desk next to a computer."", ""A man laying his legs on top of a computer desk."", ""A man resting his legs on a desk next to a computer keyboard."", ""A person's legs propped on a computer desk."", ""A man puts his legs on a table near a computer and lava lamp.""]"
509020,000000509020.jpg,http://images.cocodataset.org/train2017/000000509020.jpg,http://farm9.staticflickr.com/8463/8150488526_461f34af6c_z.jpg,http://creativecommons.org/licenses/by-nc-nd/2.0/,640,480,0.11629687500000001,0.02695833333333333,0.541,0.8404583333333334,0.2472665968424479,office,book;chair;laptop,62.472666,"[""A man with glasses sitting at a desk pushing buttons on a laptop."", ""The man is looking into the screen of a laptop on the desk."", ""Young man typing on a laptop computer that is on a cluttered desk."", ""A young man wearing glasses typing on a laptop on a desk.""]","[""A man wearing glasses on the lap top."", ""A man with glasses sitting at a desk pushing buttons on a laptop."", ""The man is looking into the screen of a laptop on the desk."", ""Young man typing on a laptop computer that is on a cluttered desk."", ""A young man wearing glasses typing on a laptop on a desk.""]"
535278,000000535278.jpg,http://images.cocodataset.org/train2017/000000535278.jpg,http://farm4.staticflickr.com/3296/3125783435_7d9024c8a5_z.jpg,http://creativecommons.org/licenses/by-nc-sa/2.0/,640,426,0.25578124999999996,0.3101173708920188,0.44425,0.6764084507042253,0.1816449420481221,office,cell phone;chair;keyboard,61.816449,"[""this is a woman clipping her nails at a desk"", ""A women who is sitting at a computer desk."", ""a woman sitting next to a white desk with a computer on it"", ""Woman sitting at office desk with computer equipment.""]","[""this is a woman clipping her nails at a desk"", ""A women who is sitting at a computer desk."", ""A girl who is sitting in a chair in front of a computer."", ""a woman sitting next to a white desk with a computer on it"", ""Woman sitting at office desk with computer equipment.""]"
480487,000000480487.jpg,http://images.cocodataset.org/train2017/000000480487.jpg,http://farm7.staticflickr.com/6066/6086258327_900c31624c_z.jpg,http://creativecommons.org/licenses/by/2.0/,640,480,0.27165625000000004,0.2718125,0.30496875,0.7281875,0.14128558463541666,office,book;chair;laptop,61.412856,"[""Man sitting at his desk looking at his open laptop."", ""A guy looks at his computer while sitting at his desk."", ""A man sitting in front of a laptop on a desk."", ""A young man is sitting at a desk and using a laptop.""]","[""Man sitting at his desk looking at his open laptop."", ""A man sitting in front of a laptop computer."", ""A guy looks at his computer while sitting at his desk."", ""A man sitting in front of a laptop on a desk."", ""A young man is sitting at a desk and using a laptop.""]"
68439,000000068439.jpg,http://images.cocodataset.org/train2017/000000068439.jpg,http://farm3.staticflickr.com/2002/1780066116_fde4bb041c_z.jpg,http://creativecommons.org/licenses/by-nc/2.0/,374,500,0.0003743315508021391,0.30610000000000004,0.8742245989304812,0.6939,0.2467904256684492,office,cell phone;keyboard,60.467904,"[""A hand holding a smart phone on top of a computer desk."", ""An old nokia phone in a person's hand next to a black and silver keyboard on a desk."", ""there is a person holding a small cell phone by a desk"", ""A man holding a modern cell phone at a desk.""]","[""A hand holding a smart phone on top of a computer desk."", ""An old nokia phone in a person's hand next to a black and silver keyboard on a desk."", ""A person holds a cell phone that is switched off."", ""there is a person holding a small cell phone by a desk"", ""A man holding a modern cell phone at a desk.""]"
440455,000000440455.jpg,http://images.cocodataset.org/train2017/000000440455.jpg,http://farm9.staticflickr.com/8505/8473577827_78d7830676_z.jpg,http://creativecommons.org/licenses/by/2.0/,640,425,0.17946875,0.07545882352941176,0.372421875,0.8108,0.1421866334558824,office,chair;keyboard,60.421866,"[""a man watching his dog checking something on the desk"", ""a very big dog climbing on top of a wood desk"", ""A dog stands up with his paws on a desk while a man sitting at the desk watches"", ""A man is sitting at a computer desk and a dog has its paws on a table.""]","[""a man watching his dog checking something on the desk"", ""a very big dog climbing on top of a wood desk"", ""A dog stands up with his paws on a desk while a man sitting at the desk watches"", ""A man is sitting at a computer desk and a dog has its paws on a table."", ""A man sitting by his computer with his dog.""]"
207090,000000207090.jpg,http://images.cocodataset.org/train2017/000000207090.jpg,http://farm2.staticflickr.com/1264/1430294583_d1262ed237_z.jpg,http://creativecommons.org/licenses/by-nc/2.0/,640,480,0.12978125000000001,0.06066666666666667,0.7145937499999999,0.9258541666666668,0.3329743271484374,office,book;chair;keyboard;laptop,60.329743,"[""A young person sitting a desk with a laptop and monitor."", ""A man is writing in his notebook as he sits at his desk and adds on his calculator."", ""A boy sitting at a desk with a note pad and calculator.""]","[""A young person sitting a desk with a laptop and monitor."", ""A man is writing in his notebook as he sits at his desk and adds on his calculator."", ""A boy sitting at a desk with a note pad and calculator."", ""A boy using a calculator and writing on a notepad."", ""A young adult looks at a computer screen while doing homework.""]"
127407,000000127407.jpg,http://images.cocodataset.org/train2017/000000127407.jpg,http://farm1.staticflickr.com/215/474440107_cc82699a6f_z.jpg,http://creativecommons.org/licenses/by-nc-sa/2.0/,319,500,0.03300940438871473,0.00136,0.7361755485893418,0.7931,0.28121854326018814,office,chair;mouse,59.812185,"[""a man is sitting at a computer at a desk"", ""A black cat sits next to a person at a computer desk."", ""A black cat sitting on a floor next to a guy at a desk."", ""A man sitting at an office desk utilizing a computer.""]","[""a man is sitting at a computer at a desk"", ""A black cat and a person in the background using a computer."", ""A black cat sits next to a person at a computer desk."", ""A black cat sitting on a floor next to a guy at a desk."", ""A man sitting at an office desk utilizing a computer.""]"
74959,000000074959.jpg,http://images.cocodataset.org/train2017/000000074959.jpg,http://farm1.staticflickr.com/124/383194899_781b46cfbc_z.jpg,http://creativecommons.org/licenses/by-nd/2.0/,480,640,0.056937499999999995,0.036515625,0.8059791666666667,0.9146093750000001,0.4677898396809896,office,chair;dining table;keyboard;mouse,59.677898,"[""A woman on the phone at her desk while holding a plate of food."", ""A woman sitting at a desk while on the phone."", ""a close up of a person sitting at a desk talking on a phone""]","[""A woman holds a plate of food while she has phone to her ear."", ""A woman on the phone at her desk while holding a plate of food."", ""Woman cradling phone while holding small food plate."", ""A woman sitting at a desk while on the phone."", ""a close up of a person sitting at a desk talking on a phone""]"
305781,000000305781.jpg,http://images.cocodataset.org/train2017/000000305781.jpg,http://farm4.staticflickr.com/3156/2739865682_4429563dbe_z.jpg,http://creativecommons.org/licenses/by-nc-nd/2.0/,500,400,0.0,0.096625,0.45304,0.903375,0.24808520824999997,office,cell phone;laptop,59.480852,"[""A hipster sits at a desk near a laptop while using his cell phone."", ""A man sitting at a desk with a phone in hand."", ""A man examines his phone at his desk"", ""A man sitting at a desk using his phone and laptop.""]","[""A hipster sits at a desk near a laptop while using his cell phone."", ""A man in a hat using a cell phone and a laptop."", ""A man sitting at a desk with a phone in hand."", ""A man examines his phone at his desk"", ""A man sitting at a desk using his phone and laptop.""]"
325332,000000325332.jpg,http://images.cocodataset.org/train2017/000000325332.jpg,http://farm9.staticflickr.com/8336/8094799739_a8f87b3136_z.jpg,http://creativecommons.org/licenses/by-nc-sa/2.0/,640,480,0.037078125,0.21122916666666666,0.5443749999999999,0.7730416666666666,0.16300640608723962,office,keyboard,58.630064,"[""A person taking a lunch break in their office."", ""A man lounges his feet on top of a cluttered desk."", ""A person has his legs up on his cubicle desk in front of his lunch and computer."", ""Legs resting on a desk with food from Chick Fil a and a computer on it.""]","[""A person with their legs on top of a table."", ""A person taking a lunch break in their office."", ""A man lounges his feet on top of a cluttered desk."", ""A person has his legs up on his cubicle desk in front of his lunch and computer."", ""Legs resting on a desk with food from Chick Fil a and a computer on it.""]"
267661,000000267661.jpg,http://images.cocodataset.org/train2017/000000267661.jpg,http://farm4.staticflickr.com/3263/3187803826_d3a9bf9d1e_z.jpg,http://creativecommons.org/licenses/by-nc-sa/2.0/,565,640,0.1943362831858407,0.058125,0.6264601769911504,0.9277656249999999,0.25261200580752224,office,book;chair;keyboard;mouse,58.52612,"[""A man sitting at a cubicle desk wearing a button that says \""dork\"" and a beanie cap with a propeller."", ""A man sitting at his desk with a hat on and a sticker on his shirt that says dork"", ""A guy with a button that reads \""Dork\"" sits at a computer desk.""]","[""A man with maroon suspenders sitting on a chair with a keyboard in front of him"", ""A man sitting at a cubicle desk wearing a button that says \""dork\"" and a beanie cap with a propeller."", ""A man sitting at his desk with a hat on and a sticker on his shirt that says dork"", ""a man that is at a keyboard and computer"", ""A guy with a button that reads \""Dork\"" sits at a computer desk.""]"
438855,000000438855.jpg,http://images.cocodataset.org/train2017/000000438855.jpg,http://farm4.staticflickr.com/3786/9405565469_abb8f268e5_z.jpg,http://creativecommons.org/licenses/by-nc-sa/2.0/,480,640,0.107875,0.21798437499999998,0.8921250000000001,0.76403125,0.2518085821940104,office,cell phone;chair;keyboard;laptop,58.518086,"[""A man in plaid shirt holding a laptop while next to a desk."", ""A man sitting at a desk with a notebook in his hands."", ""A man holding a laptop computer at a desk.""]","[""A man in plaid shirt holding a laptop while next to a desk."", ""A man on a chair is looking at a laptop computer."", ""A man sitting at a desk with a notebook in his hands."", ""A white counter is near a man in a checkered shirt holding a laptop as he sits in a black chair."", ""A man holding a laptop computer at a desk.""]"
315742,000000315742.jpg,http://images.cocodataset.org/train2017/000000315742.jpg,http://farm1.staticflickr.com/110/284257770_7a2a33241d_z.jpg,http://creativecommons.org/licenses/by-sa/2.0/,480,640,0.098875,0.0,0.898875,0.72359375,0.4467221189778648,office,cell phone;chair;laptop;mouse,58.467221,"[""A person is sitting at a computer desk with a cell phone."", ""A person in front of a laptop with elbows on the desk."", ""A man at a computer desk looking at the camera.""]","[""A person is sitting at a computer desk with a cell phone."", ""A man with glass is sitting over a laptop computer."", ""A person in front of a laptop with elbows on the desk."", ""A man at a computer desk looking at the camera."", ""a male with glasses a cellphone and a laptop""]"
282733,000000282733.jpg,http://images.cocodataset.org/train2017/000000282733.jpg,http://farm7.staticflickr.com/6179/6145975553_b393753cc3_z.jpg,http://creativecommons.org/licenses/by-nc/2.0/,640,480,0.305375,0.1568125,0.682875,0.8299791666666666,0.24278308333333337,office,book;chair;keyboard;mouse,58.427831,"[""A smiling woman at a desk using a computer."", ""A woman is working at her computer at her desk."", ""A woman sitting at a computer desk with a dog next to her.""]","[""A smiling woman at a desk using a computer."", ""A lady working on the computer and a dog is sitting besides her."", ""A woman is working at her computer at her desk."", ""A woman sitting at a computer desk with a dog next to her."", ""a smiling woman uses a computer mouse and keyboard""]"
527649,000000527649.jpg,http://images.cocodataset.org/train2017/000000527649.jpg,http://farm1.staticflickr.com/53/152030230_a9689776e2_z.jpg,http://creativecommons.org/licenses/by/2.0/,640,480,0.119125,0.1366875,0.649328125,0.8366875,0.24078309765625003,office,book;cell phone;chair;laptop;mouse,58.407831,"[""A lady sitting at her desk talking on the phone."", ""A woman taking a phone call at her desk."", ""A young person talking on a telephone while seated at a desk.""]","[""A lady sitting at her desk talking on the phone."", ""A young woman is on the phone at her laptop."", ""A woman taking a phone call at her desk."", ""A young person talking on a telephone while seated at a desk."", ""A person holding a phone to their ear and working on a computer.""]"
576427,000000576427.jpg,http://images.cocodataset.org/train2017/000000576427.jpg,http://farm5.staticflickr.com/4114/5439036864_3251444ebe_z.jpg,http://creativecommons.org/licenses/by-nc-sa/2.0/,640,426,0.242046875,0.00215962441314554,0.757953125,0.9844131455399061,0.46616086542693647,office,keyboard;laptop,57.661609,"[""a person using a laptop on a desk"", ""a boy at a desk on his laptop"", ""a person is using a laptop while sitting at a desk""]","[""A man that is sitting at a laptop."", ""a person using a laptop on a desk"", ""a boy at a desk on his laptop"", ""a person is using a laptop while sitting at a desk"", ""a man sitting at a table and  looking at a laptop screen""]"
4567,000000004567.jpg,http://images.cocodataset.org/train2017/000000004567.jpg,http://farm3.staticflickr.com/2707/4276718938_6130f5e358_z.jpg,http://creativecommons.org/licenses/by-nc-sa/2.0/,500,331,0.46076,0.07501510574018126,0.45594,0.9102114803625376,0.21066492175226595,office,book;chair;laptop;mouse,57.106649,"[""The young child uses a laptop at a desk."", ""A child uses a computer at a desk area."", ""A boy sitting at a desk, using a laptop to study""]","[""The young child uses a laptop at a desk."", ""A little child sitting in front of a laptop."", ""A young boy is using a laptop computer"", ""A child uses a computer at a desk area."", ""A boy sitting at a desk, using a laptop to study""]"
321495,000000321495.jpg,http://images.cocodataset.org/train2017/000000321495.jpg,http://farm4.staticflickr.com/3394/3616103260_a674c8f8ac_z.jpg,http://creativecommons.org/licenses/by-nc-sa/2.0/,500,335,0.48892,0.15202985074626865,0.37574,0.8378208955223881,0.16678667283582088,office,book;chair;laptop;mouse,56.667867,"[""A pretty lady sitting a desk with a laptop on it."", ""a newswoman sitting at a desk in front of a laptop"", ""A woman is sitting at a desk in a news station.""]","[""A pretty lady sitting a desk with a laptop on it."", ""a newswoman sitting at a desk in front of a laptop"", ""there is a woman sitting at a table with a lap top"", ""A woman is sitting at a desk in a news station."", ""A woman is sitting in front of a news back drop""]"
140263,000000140263.jpg,http://images.cocodataset.org/train2017/000000140263.jpg,http://farm4.staticflickr.com/3094/2812246343_d91004ba2a_z.jpg,http://creativecommons.org/licenses/by-nc-sa/2.0/,428,640,0.0,0.1955,0.9980140186915887,0.8045,0.3606108504307827,office,chair;laptop;mouse,56.606109,"[""A person biting into a sandwich while sitting in an off office."", ""A young man is having a lunch break in the office."", ""A man sitting at an office desk eating a burrito.""]","[""a guy siting down in a chair eating"", ""A person biting into a sandwich while sitting in an off office."", ""A young man is having a lunch break in the office."", ""A man sitting at an office desk eating a burrito."", ""a man sitting in a chair while eating a burrito.""]"
339938,000000339938.jpg,http://images.cocodataset.org/train2017/000000339938.jpg,http://farm3.staticflickr.com/2042/2184093829_893fc8773c_z.jpg,http://creativecommons.org/licenses/by-nc-sa/2.0/,500,375,0.09606,0.0,0.90338,0.87864,0.35485958800000017,office,book;laptop;mouse,56.548596,"[""A person is sitting at a desk using a laptop."", ""A desk with a small and large laptop on it near books."", ""Woman using laptop on cluttered school desk, with a netbook.""]","[""A mini laptop sitting on a table with someones arms on their big laptop"", ""white table with a small laptop and books on top"", ""A person is sitting at a desk using a laptop."", ""A desk with a small and large laptop on it near books."", ""Woman using laptop on cluttered school desk, with a netbook.""]"
233483,000000233483.jpg,http://images.cocodataset.org/train2017/000000233483.jpg,http://farm2.staticflickr.com/1054/4729209055_4121d0cfd2_z.jpg,http://creativecommons.org/licenses/by-nc-sa/2.0/,640,427,0.407484375,0.23957845433255268,0.592515625,0.7541217798594848,0.2339616616656909,office,chair;keyboard;mouse,56.339617,"[""A man sitting at a computer desk with two desktop computer monitors sitting on it."", ""A man is sitting next to a computer system with two monitors, keyboard, and mouse and a desk that has many figurines and dolls atop of it"", ""A man in a black shirt next to a desk with two computer monitors and action figures.""]","[""A man sitting at a computer desk with two desktop computer monitors sitting on it."", ""A man is sitting in a chair with girl dolls all around him."", ""A man is sitting next to a computer system with two monitors, keyboard, and mouse and a desk that has many figurines and dolls atop of it"", ""A man sitting in front of a couple computer monitor and a bunch of female figurines."", ""A man in a black shirt next to a desk with two computer monitors and action figures.""]"
310606,000000310606.jpg,http://images.cocodataset.org/train2017/000000310606.jpg,http://farm1.staticflickr.com/198/502198068_546609f931_z.jpg,http://creativecommons.org/licenses/by-nd/2.0/,640,480,0.0,0.0015625,0.72471875,0.9797708333333334,0.3808745901692709,office,book;chair;keyboard;laptop;mouse,55.808746,"[""A man is sitting and smiling while he fake types in a messy office."", ""A man sitting at a desk with an open laptop computer.""]","[""A smiling man happily enjoying his laptop computer."", ""A man is smiling while on a lap top."", ""A man smiling for the camera while typing on a laptop."", ""A man is sitting and smiling while he fake types in a messy office."", ""A man sitting at a desk with an open laptop computer.""]"
355918,000000355918.jpg,http://images.cocodataset.org/train2017/000000355918.jpg,http://farm5.staticflickr.com/4026/4370248274_abdb1ec971_z.jpg,http://creativecommons.org/licenses/by-nc/2.0/,640,480,0.260203125,0.06727083333333334,0.73809375,0.9228958333333334,0.36111354931640616,office,book;chair;keyboard;laptop;mouse,55.611135,"[""A woman wearing sunglasses sitting at a desk looking at her laptop"", ""Woman sitting at desk using electronic equipment indoors.""]","[""Female appears to be upset with something having to do with her computer."", ""A young woman sits in front of a notebook computer."", ""A woman wearing sunglasses sitting at a desk looking at her laptop"", ""a lady that is in front of her lap top"", ""Woman sitting at desk using electronic equipment indoors.""]"
356569,000000356569.jpg,http://images.cocodataset.org/train2017/000000356569.jpg,http://farm3.staticflickr.com/2264/2267997608_b5437f91f4_z.jpg,http://creativecommons.org/licenses/by-nc-nd/2.0/,640,480,0.0,0.0,0.618546875,0.9865208333333333,0.3577149822591144,office,book;chair;keyboard;laptop;mouse,55.57715,"[""A man sitting at a desk with a green and white laptop on his lap."", ""A male is sitting at a desk with an electronic device in his lap.""]","[""Some guys at a table working with some computers."", ""A man sitting in front of a green laptop computer."", ""A man sitting at a desk with a green and white laptop on his lap."", ""A male is sitting at a desk with an electronic device in his lap."", ""A man using a One Laptop Per Child computer, while another man uses a standard desktop computer.""]"
49258,000000049258.jpg,http://images.cocodataset.org/train2017/000000049258.jpg,http://farm4.staticflickr.com/3066/3067486529_a3b6baabba_z.jpg,http://creativecommons.org/licenses/by-nc-sa/2.0/,500,375,0.00512,0.19162666666666667,0.62018,0.57984,0.25021291946666663,office,keyboard;laptop,55.502129,"[""A person sitting in front of a wooden desk with a laptop."", ""Typing on lap top that is sitting on a desk."", ""The man is using his laptop on the desk.""]","[""A person sitting in front of a wooden desk with a laptop."", ""Typing on lap top that is sitting on a desk."", ""The man is using his laptop on the desk."", ""Laptop on a brown wood table with a hand in front of it."", ""HAND REACHING OVER A VERY TINY LAP TOP COMPUTER""]"
334813,000000334813.jpg,http://images.cocodataset.org/train2017/000000334813.jpg,http://farm3.staticflickr.com/2412/2070603843_7a9e4f2f30_z.jpg,http://creativecommons.org/licenses/by/2.0/,480,640,0.014979166666666667,0.22853125,0.43745833333333334,0.5168437499999999,0.13565008626302089,office,book;cell phone;laptop;mouse,55.356501,"[""A man sitting at a desk with papers on it"", ""A man sits on hit laptop and desktop behind a messy desk."", ""A man sitting at a desk in front of a laptop and computer monitor with a glass of champagne.""]","[""A man sitting at a desk with papers on it"", ""A man sitting in front of a laptop computer."", ""A man sits on hit laptop and desktop behind a messy desk."", ""The man has both a laptop and a desktop computer."", ""A man sitting at a desk in front of a laptop and computer monitor with a glass of champagne.""]"
400241,000000400241.jpg,http://images.cocodataset.org/train2017/000000400241.jpg,http://farm4.staticflickr.com/3586/3522507553_80ab8dcd50_z.jpg,http://creativecommons.org/licenses/by-nc-nd/2.0/,640,405,0.512828125,0.18679012345679014,0.48709375,0.8013580246913581,0.21656860551697538,office,chair;laptop;mouse,55.165686,"[""A man in a blue shirt sits at a desk that holds a laptop and a computer monitor."", ""A man in black shirt sitting next to a computer desk."", ""A guy sitting at a desk with a laptop and large monitor.""]","[""A man in a blue shirt sits at a desk that holds a laptop and a computer monitor."", ""A man sitting at a table with a laptop and a large monitor."", ""A man in black shirt sitting next to a computer desk."", ""A guy sitting at a desk with a laptop and large monitor."", ""A man is staring straight ahead as he sits in front of two monitors, a laptop with an open screen and a computer monitor.""]"
108075,000000108075.jpg,http://images.cocodataset.org/train2017/000000108075.jpg,http://farm4.staticflickr.com/3161/2619318179_56d2589691_z.jpg,http://creativecommons.org/licenses/by-sa/2.0/,640,427,0.52625,0.15213114754098359,0.41831250000000003,0.8337002341920375,0.21054540324941454,office,keyboard;laptop,55.105454,"[""a man sitting at a desk working on his computer"", ""A man sitting at a desk containing a laptop and phone."", ""Man using a laptop on a cluttered desk in a messy room.""]","[""Cross shaped shadow being cast on a laptop computer."", ""A man sits in a shadowy room working on a laptop."", ""a man sitting at a desk working on his computer"", ""A man sitting at a desk containing a laptop and phone."", ""Man using a laptop on a cluttered desk in a messy room.""]"
323789,000000323789.jpg,http://images.cocodataset.org/train2017/000000323789.jpg,http://farm4.staticflickr.com/3028/5865055706_2dc2dee7c7_z.jpg,http://creativecommons.org/licenses/by-nc-sa/2.0/,640,428,0.21940624999999997,0.21144859813084113,0.464375,0.6358878504672898,0.14131807389018694,office,chair;laptop;mouse,54.413181,"[""Man in a uniform talking on a phone at a work desk."", ""Military man on the phone at his desk"", ""A soldier in an office takes a phone call.""]","[""Man in a uniform talking on a phone at a work desk."", ""Military man on the phone at his desk"", ""a male in a uniform a laptop and a poster and phone"", ""A man in military uniform talking on the phone."", ""A soldier in an office takes a phone call.""]"
412657,000000412657.jpg,http://images.cocodataset.org/train2017/000000412657.jpg,http://farm4.staticflickr.com/3275/4560413120_afa50d3150_z.jpg,http://creativecommons.org/licenses/by-nc-nd/2.0/,640,427,0.296390625,0.1229976580796253,0.5002500000000001,0.8118266978922716,0.22139072288495326,office,book;chair;keyboard;laptop;mouse,54.213907,"[""A man with headphones sitting at a desk looking at a computer."", ""A man is sitting at the computer desk with a laptop on it.""]","[""A man with a hoodie and headphones on in front of a computer"", ""A person sitting in front of a laptop computer wearing glasses."", ""A man with headphones sitting at a desk looking at a computer."", ""A young man in a red sweatshirt is on the computer."", ""A man is sitting at the computer desk with a laptop on it.""]"
359688,000000359688.jpg,http://images.cocodataset.org/train2017/000000359688.jpg,http://farm3.staticflickr.com/2600/5787724304_13d95aeb6f_z.jpg,http://creativecommons.org/licenses/by-nc-sa/2.0/,640,482,0.07784375,0.08089211618257262,0.294484375,0.9078630705394191,0.1183194497212137,office,keyboard;laptop,54.183194,"[""A person with his feet on a desk with pizza and a Coke."", ""A person has their feet up on a desk near a piece of pizza."", ""A person with their feet on a desk with a plate of pizza and a can of soda.""]","[""A plate with two slices of pizza on top of it."", ""A slice of pizza on a plate next to a pair of feet."", ""A person with his feet on a desk with pizza and a Coke."", ""A person has their feet up on a desk near a piece of pizza."", ""A person with their feet on a desk with a plate of pizza and a can of soda.""]"
576047,000000576047.jpg,http://images.cocodataset.org/train2017/000000576047.jpg,http://farm1.staticflickr.com/140/350398023_c2b3d9b4b6_z.jpg,http://creativecommons.org/licenses/by-nc/2.0/,640,480,0.0,0.49104166666666665,0.6541406249999999,0.4932708333333334,0.11653912093098957,office,book;chair;dining table,54.165391,"[""A boy sits at his desk to draw while his cat looks on."", ""A teenage boy working on artwork with a cat sitting on the desk."", ""A man sitting at a desk with office supplies sitting on top of it."", ""A boy is sitting in front of a drawing desk with a small boombox, art supplies, other miscellaneous sundries, and a cat on it""]","[""A boy sits at his desk to draw while his cat looks on."", ""A boy is smiling at a cat on a table."", ""A teenage boy working on artwork with a cat sitting on the desk."", ""A man sitting at a desk with office supplies sitting on top of it."", ""A boy is sitting in front of a drawing desk with a small boombox, art supplies, other miscellaneous sundries, and a cat on it""]"
307322,000000307322.jpg,http://images.cocodataset.org/train2017/000000307322.jpg,http://farm7.staticflickr.com/6063/6106741856_1d8f2f8133_z.jpg,http://creativecommons.org/licenses/by-sa/2.0/,640,480,0.003359375,0.14035416666666667,0.1799375,0.8430625,0.10858591520182292,office,keyboard;laptop,54.085859,"[""A man sitting at a desk with two laptops and two additional monitors."", ""A man at a desk surrounded by laptops and computers."", ""A man is sitting at a desk with four computers.""]","[""A table topped with lap top computers near a white wall."", ""A man sitting at a desk with two laptops and two additional monitors."", ""A smiling man wearing headphones near a table filled with laptop computers."", ""A man at a desk surrounded by laptops and computers."", ""A man is sitting at a desk with four computers.""]"
110123,000000110123.jpg,http://images.cocodataset.org/train2017/000000110123.jpg,http://farm6.staticflickr.com/5014/5410250615_c36e1a4b16_z.jpg,http://creativecommons.org/licenses/by-nc-sa/2.0/,640,478,0.450796875,0.2565062761506276,0.26853125,0.6643514644351465,0.08637551042756278,office,chair;laptop;mouse,53.863755,"[""A laptop is sitting on a desk with a boy on a chair looking at it."", ""A little kid sitting at a desk with a laptop."", ""A little boy is sitting at a computer desk.""]","[""A laptop is sitting on a desk with a boy on a chair looking at it."", ""A little kid sitting at a desk with a laptop."", ""A boy poses for a picture while sitting in front of a laptop."", ""A little boy is sitting at a computer desk."", ""A young boy sitting on a computer chair in front of a laptop""]"
168161,000000168161.jpg,http://images.cocodataset.org/train2017/000000168161.jpg,http://farm7.staticflickr.com/6161/6198074565_4ca67078f7_z.jpg,http://creativecommons.org/licenses/by-nc-sa/2.0/,640,427,0.154421875,0.2,0.6716875,0.8,0.2589950958723654,office,cell phone;chair;keyboard;laptop;mouse,53.589951,"[""Two young men using laptops at a desk together"", ""Two students use laptop computers sitting at a desk.""]","[""Two young men using laptops at a desk together"", ""Two men sitting next to each other looking at laptops"", ""Two students use laptop computers sitting at a desk."", ""Two guys, one with a blue shirt and one with a white shirt, on their laptops"", ""two guys sitting next to each other with laptops""]"
151864,000000151864.jpg,http://images.cocodataset.org/train2017/000000151864.jpg,http://farm4.staticflickr.com/3561/3296229883_ce35c01138_z.jpg,http://creativecommons.org/licenses/by-nc-sa/2.0/,500,333,0.25976,0.12657657657657656,0.39416,0.8734234234234235,0.14720818108108105,office,book;chair;keyboard;laptop;mouse,53.472082,"[""A man using a laptop computer while sitting between a desk with a computer and a bed."", ""A boy is sitting at a desk with a computer and a laptop.""]","[""A young man working on a laptop he is holding in his lap."", ""A student is sitting in a chair while holding a laptop."", ""The man sits cross legged while typing on a laptop."", ""A man using a laptop computer while sitting between a desk with a computer and a bed."", ""A boy is sitting at a desk with a computer and a laptop.""]"
61892,000000061892.jpg,http://images.cocodataset.org/train2017/000000061892.jpg,http://farm4.staticflickr.com/3765/9965422883_5d071fbdf9_z.jpg,http://creativecommons.org/licenses/by-nc-nd/2.0/,640,640,0.21621875,0.130625,0.574328125,0.8626250000000001,0.3343941396484375,office,chair,53.343941,"[""the man is wearing a suit and standing in an office"", ""a man in a suit standing in an office"", ""A man in business attire poses for a photo in an office building."", ""A businessman poses for a photo in a business office.""]","[""A balding businessman smiles halfheartedly at the camera."", ""the man is wearing a suit and standing in an office"", ""a man in a suit standing in an office"", ""A man in business attire poses for a photo in an office building."", ""A businessman poses for a photo in a business office.""]"
37198,000000037198.jpg,http://images.cocodataset.org/train2017/000000037198.jpg,http://farm3.staticflickr.com/2223/2406714172_5c3eb68e1b_z.jpg,http://creativecommons.org/licenses/by-nc-nd/2.0/,500,375,0.5944400000000001,0.14986666666666668,0.4055599999999999,0.5851733333333333,0.10738857626666665,office,book;chair,53.073886,"[""A woman looks through things on a desk."", ""A woman stands near a very cluttered office desk."", ""A woman in a computer room reaches for art supplies."", ""A women looking for something in a crowded office space""]","[""A woman looks through things on a desk."", ""A person that is in a room with a table."", ""A woman stands near a very cluttered office desk."", ""A woman in a computer room reaches for art supplies."", ""A women looking for something in a crowded office space""]"
110157,000000110157.jpg,http://images.cocodataset.org/train2017/000000110157.jpg,http://farm3.staticflickr.com/2503/3975231484_c691410ac6_z.jpg,http://creativecommons.org/licenses/by/2.0/,375,500,0.09287999999999999,0.32098000000000004,0.4943733333333333,0.6674,0.1668734021333333,office,chair;dining table,52.668734,"[""A well dressed man eating pizza in an office setting with many other people."", ""People in an office setting enjoying food together."", ""Several people enjoying pizza at an office party."", ""A man eating takeout pizza at an office party""]","[""A man siting on a bench holding a pizza."", ""A well dressed man eating pizza in an office setting with many other people."", ""People in an office setting enjoying food together."", ""Several people enjoying pizza at an office party."", ""A man eating takeout pizza at an office party""]"
540926,000000540926.jpg,http://images.cocodataset.org/train2017/000000540926.jpg,http://farm1.staticflickr.com/222/510090026_4201bb6161_z.jpg,http://creativecommons.org/licenses/by-nc-nd/2.0/,427,640,0.0,0.0033750000000000004,0.8169320843091334,0.52253125,0.1342254140442037,office,laptop;mouse,52.342254,"[""A couple of people using laptops at a long desk."", ""A bunch of people using laptops, on a desk."", ""A laptop, mouse, and organizer sitting on a desk.""]","[""Two people in tan long sleeve shirts with two dark laptops."", ""a table with some laptops and arms on it"", ""A couple of people using laptops at a long desk."", ""A bunch of people using laptops, on a desk."", ""A laptop, mouse, and organizer sitting on a desk.""]"
61693,000000061693.jpg,http://images.cocodataset.org/train2017/000000061693.jpg,http://farm4.staticflickr.com/3833/9762955722_c13fe9aece_z.jpg,http://creativecommons.org/licenses/by-nc-nd/2.0/,640,480,0.4345625,0.13177083333333334,0.5654375,0.7723125,0.20267713818359373,office,chair;keyboard;laptop;mouse,52.026771,"[""A man doing a task on a laptop at a desk."", ""a man sitting at a desk while using a laptop""]","[""there is a man sitting at a table using a lap top"", ""A man doing a task on a laptop at a desk."", ""a man sitting at a desk while using a laptop"", ""A man sitting at a wooden table using a laptop computer."", ""A man uses the computer while sitting at a table.""]"
160708,000000160708.jpg,http://images.cocodataset.org/train2017/000000160708.jpg,http://farm3.staticflickr.com/2406/1591500037_4727d02ee5_z.jpg,http://creativecommons.org/licenses/by/2.0/,457,640,0.3552954048140044,0.061125,0.6275054704595185,0.9060937499999999,0.25232489896745075,office,book;cell phone;chair;laptop,51.523249,"[""Woman sitting at her computer desk with screen monitor on."", ""A woman sitting on a beanie chair using a coffee table for a desk"", ""A woman at a desk with a laptop next to window.""]","[""Woman sitting at her computer desk with screen monitor on."", ""The lady looks sad as she works on a laptop computer."", ""A woman sitting on a beanie chair using a coffee table for a desk"", ""A woman at a desk with a laptop next to window."", ""A woman is sitting next to a table with a laptop.""]"
300620,000000300620.jpg,http://images.cocodataset.org/train2017/000000300620.jpg,http://farm4.staticflickr.com/3826/9016603176_f23158e26e_z.jpg,http://creativecommons.org/licenses/by/2.0/,640,513,0.00028125,0.07107212475633529,0.4448125,0.9280311890838207,0.19413726760477565,office,dining table;keyboard;laptop;mouse,50.941373,"[""A man at a desk with four laptops and a computer monitor."", ""A man sitting at a desk working on one laptop,while surrounded by other laptops and one full sized monitor.""]","[""A man at a desk with four laptops and a computer monitor."", ""Man working at a table with multiple computers sitting on it."", ""A man sitting at a desk working on one laptop,while surrounded by other laptops and one full sized monitor."", ""A man sits at a table with five laptop computers"", ""A man using a laptop nearby other laptops.""]"
260651,000000260651.jpg,http://images.cocodataset.org/train2017/000000260651.jpg,http://farm1.staticflickr.com/121/288693599_418a643a0c_z.jpg,http://creativecommons.org/licenses/by-nc-sa/2.0/,640,480,0.520140625,0.03154166666666667,0.479859375,0.9574791666666667,0.1531500652669271,office,cell phone;keyboard;laptop;mouse,50.531501,"[""A young man using a laptop in front of a desk with a desk computer."", ""A man is sitting by a desk while using his computer.""]","[""A young man is on his laptop near his desktop station."", ""A man sitting in a chair with a laptop."", ""A young man using a laptop in front of a desk with a desk computer."", ""The man sitting near a computer is holding a laptop."", ""A man is sitting by a desk while using his computer.""]"
579736,000000579736.jpg,http://images.cocodataset.org/train2017/000000579736.jpg,http://farm3.staticflickr.com/2435/3864557713_b3e2391f59_z.jpg,http://creativecommons.org/licenses/by-nc-sa/2.0/,640,427,0.43584375,0.161288056206089,0.561203125,0.8255035128805621,0.2518940226141686,office,,50.51894,"[""A person by a desk in a room."", ""A person in a room with computers on a desk."", ""A man taking a photo of himself with a desk in the background."", ""A young man is next to a computer desk.""]","[""A person by a desk in a room."", ""A person in a room with computers on a desk."", ""A man taking a photo of himself with a desk in the background."", ""a boy standing in front of a table covered with a lot of stuff"", ""A young man is next to a computer desk.""]"
113588,000000113588.jpg,http://images.cocodataset.org/train2017/000000113588.jpg,http://farm5.staticflickr.com/4103/5094762826_3799070b3d_z.jpg,http://creativecommons.org/licenses/by-nc-nd/2.0/,425,640,0.28312941176470585,0.37640625,0.7168705882352941,0.6101093750000001,0.22490141470588232,office,keyboard;laptop;mouse,50.249014,"[""several young students working at a desk with multiple computers"", ""A young man at his workstation examines the monitor of a lap top, with one hand on the keyboard and the other on the mouse.""]","[""several young students working at a desk with multiple computers"", ""A young man at his workstation examines the monitor of a lap top, with one hand on the keyboard and the other on the mouse."", ""A man is working on a laptop next to other computers."", ""People in a large room, use multiple computers."", ""A young professional is working at his laptop while his coworker is reading material.""]"
25609,000000025609.jpg,http://images.cocodataset.org/train2017/000000025609.jpg,http://farm4.staticflickr.com/3474/3266135248_5dac066d36_z.jpg,http://creativecommons.org/licenses/by-nc-nd/2.0/,500,375,0.0017,0.17194666666666666,0.5684400000000001,0.8122133333333333,0.31257123199999987,office,chair;keyboard,50.125712,"[""Someone brought donuts to the office, and these women are both eating them."", ""The two woman who work in the office are eating donuts."", ""A woman in an office holding up a doughnut.""]","[""A woman holding a pink donut covered in sprinkles."", ""This woman is holding a donut that is decorated with confetti."", ""Someone brought donuts to the office, and these women are both eating them."", ""The two woman who work in the office are eating donuts."", ""A woman in an office holding up a doughnut.""]"
535202,000000535202.jpg,http://images.cocodataset.org/train2017/000000535202.jpg,http://farm6.staticflickr.com/5210/5286308185_0dd7a3f18c_z.jpg,http://creativecommons.org/licenses/by-nc-sa/2.0/,640,482,0.0016875000000000002,0.00020746887966804981,0.992375,0.9776348547717842,0.4894983817427385,office,keyboard,49.894984,"[""A man with a keyboard with his feet on the desk near a monitor."", ""A man with a computer keyboard in his lap and his legs on a desk"", ""There is a man sitting in a chair with his feet on his desk""]","[""A man sitting with his feet propped up and a keyboard in his lap."", ""A man with a keyboard with his feet on the desk near a monitor."", ""A man with a computer keyboard in his lap and his legs on a desk"", ""There is a man sitting in a chair with his feet on his desk"", ""A man on a computer keyboard in front of a tree.""]"
255486,000000255486.jpg,http://images.cocodataset.org/train2017/000000255486.jpg,http://farm1.staticflickr.com/40/87759757_584be86165_z.jpg,http://creativecommons.org/licenses/by-nc-sa/2.0/,500,382,0.31864,0.35950261780104714,0.57238,0.6404973821989528,0.1391024596858639,office,cell phone;chair;keyboard,49.391025,"[""In front of an open doorway to a room with two lit computer monitors sits a man, dressed in black, in a black office arm chair as he operates a small mobile device."", ""A man sitting in an office chair looking at his cell phone."", ""A man sits outside on an office chair while looking at his phone.""]","[""In front of an open doorway to a room with two lit computer monitors sits a man, dressed in black, in a black office arm chair as he operates a small mobile device."", ""A guy wearing black sweats looks at his cell phone."", ""a person sitting in a chair using a cell phone"", ""A man sitting in an office chair looking at his cell phone."", ""A man sits outside on an office chair while looking at his phone.""]"
308145,000000308145.jpg,http://images.cocodataset.org/train2017/000000308145.jpg,http://farm5.staticflickr.com/4037/4252637249_4121e266e9_z.jpg,http://creativecommons.org/licenses/by-nc-sa/2.0/,640,480,0.17679687500000002,0.05447916666666666,0.823203125,0.9455208333333334,0.32224896077473975,office,chair;laptop,49.22249,"[""A man working on a laptop computer at a desk."", ""a person operating a laptop on a desk"", ""A man sitting at a desk typing on a laptop computer.""]","[""A man working on a laptop computer at a desk."", ""a person operating a laptop on a desk"", ""A man sitting at a desk typing on a laptop computer."", ""A man is tying on his laptop computer."", ""A BALD PERSON WORKING ON HIS LAPTOP IN FRONT.""]"
272155,000000272155.jpg,http://images.cocodataset.org/train2017/000000272155.jpg,http://farm1.staticflickr.com/61/202619841_1544566502_z.jpg,http://creativecommons.org/licenses/by-sa/2.0/,500,352,0.013699999999999999,0.2610795454545455,0.3398,0.5346022727272728,0.08833069346590906,office,book;chair;laptop,48.883307,"[""A man sitting at his desk in an office setting."", ""Men working on laptops at separate desks in an office."", ""An office setting with people sitting on their desks in front of computers.""]","[""A man sitting at his desk in an office setting."", ""A man in green shirt working at a table with laptop."", ""Men working on laptops at separate desks in an office."", ""A room with two men using computers and another man walking."", ""An office setting with people sitting on their desks in front of computers.""]"
499024,000000499024.jpg,http://images.cocodataset.org/train2017/000000499024.jpg,http://farm4.staticflickr.com/3232/5694502146_7bd0cd38cb_z.jpg,http://creativecommons.org/licenses/by-nc-sa/2.0/,640,482,0.0,0.26516597510373446,1.0,0.6719087136929461,0.3711713830718362,office,keyboard,48.711714,"[""a man relaxing in an office with something in his mouth"", ""A man sitting at an office desk leaning back in his chair with a doughnut in his mouth."", ""A man on a break at work with feet on his desk eats a doughnut.""]","[""a man relaxing in an office with something in his mouth"", ""A man is sitting back in a chair with a doughnut in his mouth."", ""A man is leaning back in his chair eating a doughnut."", ""A man sitting at an office desk leaning back in his chair with a doughnut in his mouth."", ""A man on a break at work with feet on his desk eats a doughnut.""]"
175757,000000175757.jpg,http://images.cocodataset.org/train2017/000000175757.jpg,http://farm9.staticflickr.com/8021/7443509396_b1bb973804_z.jpg,http://creativecommons.org/licenses/by-nc-sa/2.0/,426,640,0.10779342723004695,0.11568750000000001,0.8657042253521128,0.757859375,0.36249568992077463,office,cell phone;laptop,48.624957,"[""A man at a desk with his hand under his chin."", ""Guy at work on a computer at his desk."", ""a person sitting at a desk wearing a shirt and tie with electronics near by""]","[""A man at a desk with his hand under his chin."", ""Guy at work on a computer at his desk."", ""A man sitting at a table with an open laptop computer."", ""a person sitting at a desk wearing a shirt and tie with electronics near by"", ""Young man sitting at table with hand under the skin.""]"
247421,000000247421.jpg,http://images.cocodataset.org/train2017/000000247421.jpg,http://farm5.staticflickr.com/4033/4347215588_e2b130ca4c_z.jpg,http://creativecommons.org/licenses/by-nc-nd/2.0/,480,640,0.21822916666666667,0.09406250000000001,0.6995625000000001,0.892375,0.2535880196940104,office,chair;laptop,48.53588,"[""A man is sitting in front of a desk with a coffee mug."", ""A man at a desk sitting in a chair and holding up a coffee cup."", ""A man in shorts and tie sitting at desk with coffee.""]","[""A man is sitting in front of a desk with a coffee mug."", ""Man in shorts, dress shirt and tie with a cup of coffee."", ""The man holds up a cup wearing a shirt, tie, and shorts."", ""A man at a desk sitting in a chair and holding up a coffee cup."", ""A man in shorts and tie sitting at desk with coffee.""]"
53410,000000053410.jpg,http://images.cocodataset.org/train2017/000000053410.jpg,http://farm5.staticflickr.com/4061/4345218494_11b02485b0_z.jpg,http://creativecommons.org/licenses/by-sa/2.0/,640,509,0.012515624999999999,0.11011787819253438,0.5683281250000001,0.8629076620825148,0.3193575919388506,office,book;cell phone;chair;keyboard;mouse,48.193576,"[""A man sitting at his desk looking at a computer ."", ""a man sitting at a desk looking at a computer monitor while on the phone""]","[""A man sitting down at a table using a computer."", ""A man smiles as he looks at a computer screen."", ""A man sitting at his desk looking at a computer ."", ""Man sitting at a work space staring at a monitor."", ""a man sitting at a desk looking at a computer monitor while on the phone""]"
318854,000000318854.jpg,http://images.cocodataset.org/train2017/000000318854.jpg,http://farm5.staticflickr.com/4022/4371889508_114e9da278_z.jpg,http://creativecommons.org/licenses/by-nd/2.0/,640,427,0.47378125000000004,0.04943793911007026,0.508265625,0.934824355971897,0.29988795557669784,office,cell phone;laptop,47.99888,"[""A woman sitting at a desk using a laptop."", ""A women leans over her desk towards a laptop."", ""A young woman studies her laptop amongst the feminine knick knacks on her desk.""]","[""A woman sitting at a desk using a laptop."", ""A women leans over her desk towards a laptop."", ""A woman is staring at a laptop computer."", ""A young woman studies her laptop amongst the feminine knick knacks on her desk."", ""a woman in a black dress is looking at a laptop""]"
369036,000000369036.jpg,http://images.cocodataset.org/train2017/000000369036.jpg,http://farm8.staticflickr.com/7022/6829303627_0ae5b3a1e4_z.jpg,http://creativecommons.org/licenses/by/2.0/,640,480,0.514046875,0.0022500000000000003,0.3994375,0.9865208333333333,0.1560984402669271,office,dining table;keyboard,47.560984,"[""Woman lifting heavy monitor from a glass desk"", ""a woman is holding a white monitor on a desk"", ""A woman lifting a standard computer monitor off a desk.""]","[""Woman lifting heavy monitor from a glass desk"", ""A  pretty lady in tight clothing holding a giant computer monitor."", ""a lady that is carrying some kind of computer"", ""a woman is holding a white monitor on a desk"", ""A woman lifting a standard computer monitor off a desk.""]"
462213,000000462213.jpg,http://images.cocodataset.org/train2017/000000462213.jpg,http://farm9.staticflickr.com/8192/8117025068_d51b1c2654_z.jpg,http://creativecommons.org/licenses/by-nc-nd/2.0/,640,640,0.29596875,0.22779687499999998,0.464125,0.65471875,0.14638257739257818,office,chair;laptop,47.463826,"[""a female sitting at a desk working on a laptop"", ""A girl and a guy are sitting at a desk playing on their laptops."", ""A woman with glasses is sitting at a desk as she types on her laptop.""]","[""a female sitting at a desk working on a laptop"", ""A girl and a guy are sitting at a desk playing on their laptops."", ""A woman with glasses is sitting at a desk as she types on her laptop."", ""a woman sitting at a table while using her white laptop"", ""The young people are working on their laptops at work.""]"
34993,000000034993.jpg,http://images.cocodataset.org/train2017/000000034993.jpg,http://farm7.staticflickr.com/6130/5963720650_9998d383fa_z.jpg,http://creativecommons.org/licenses/by-nc-sa/2.0/,640,427,0.27737500000000004,0.21124121779859487,0.5502343749999999,0.6584309133489461,0.13975987832991799,office,chair;laptop,47.397599,"[""An older man sitting at a desk looking at a laptop."", ""The man is sitting at the desk on his laptop."", ""a man sitting at a desk with a laptop computer on it""]","[""An older man sitting at a desk looking at a laptop."", ""The man is sitting at the desk on his laptop."", ""A man in orange shorts sitting on a chair."", ""a man sitting at a desk with a laptop computer on it"", ""A man sitting at a table while looking at a computer.""]"
186962,000000186962.jpg,http://images.cocodataset.org/train2017/000000186962.jpg,http://farm1.staticflickr.com/91/240839845_d0a1aed67d_z.jpg,http://creativecommons.org/licenses/by-sa/2.0/,543,640,0.15279926335174954,0.20587499999999997,0.40841620626151015,0.69234375,0.13874108310313082,office,chair;laptop,47.387411,"[""A woman is sitting at the desk with the laptop"", ""A woman with glasses leaning on her desk"", ""A woman wearing glasses sitting at a desk with a laptop computer.""]","[""A woman is sitting at the desk with the laptop"", ""A woman with glasses leaning on her desk"", ""A woman wearing glasses sitting at a desk with a laptop computer."", ""A woman sitting in front of her computer in deep thought"", ""a woman in glasses sits in front of a laptop""]"
526734,000000526734.jpg,http://images.cocodataset.org/train2017/000000526734.jpg,http://farm8.staticflickr.com/7004/6829344565_d5e813beb5_z.jpg,http://creativecommons.org/licenses/by/2.0/,640,480,0.038765625,0.011791666666666667,0.358984375,0.9752916666666667,0.22848850699869797,office,keyboard,47.284885,"[""A man sitting at a desk in front of a computer."", ""a person sitting at a desk with a monitor and keyboard"", ""A person sitting at a desk with a computer.""]","[""A man sitting at a desk in front of a computer."", ""a person sitting at a desk with a monitor and keyboard"", ""A person sitting at a desk with a computer."", ""A man is staring intently at what is on the computer screen."", ""A man sitting in front of a desktop computer.""]"
498134,000000498134.jpg,http://images.cocodataset.org/train2017/000000498134.jpg,http://farm9.staticflickr.com/8217/8436818728_9ffbc9d12b_z.jpg,http://creativecommons.org/licenses/by/2.0/,534,640,0.07271535580524344,0.040453125,0.7756554307116105,0.739328125,0.29314268009714434,office,chair;dining table;keyboard;laptop,46.931427,"[""a person sitting at a desk with a dog in their lap."", ""A woman at a desk with a laptop and a content dog looking on.""]","[""A woman in green cardigan with brown dog at a table."", ""The dog is sitting on the woman's lap while she is on her laptop."", ""A woman sitting at a table with a dog and a laptop."", ""a person sitting at a desk with a dog in their lap."", ""A woman at a desk with a laptop and a content dog looking on.""]"
225060,000000225060.jpg,http://images.cocodataset.org/train2017/000000225060.jpg,http://farm1.staticflickr.com/128/376275220_29accb13a4_z.jpg,http://creativecommons.org/licenses/by-sa/2.0/,640,480,0.0033750000000000004,0.0033750000000000004,0.80575,0.9842291666666667,0.3916261263020834,office,book;cell phone;keyboard;mouse,46.916261,"[""A young man sitting at a desk with a desktop computer."", ""A man in a sweatshirt sitting in an office cubicle.""]","[""A young man sitting at a desk with a desktop computer."", ""A man in a sweatshirt sitting in an office cubicle."", ""A person sitting in front of a computer in a cubicle."", ""A man is sitting in a cubicle with a computer."", ""An Asian man is sitting in a cubicle with a near a computer near other people working in cubicles.""]"
35827,000000035827.jpg,http://images.cocodataset.org/train2017/000000035827.jpg,http://farm4.staticflickr.com/3580/3380074397_7c53876e97_z.jpg,http://creativecommons.org/licenses/by-nc-sa/2.0/,640,426,0.12265625,0.5078638497652582,0.38292187499999997,0.4719014084507042,0.0830346728286385,office,chair;laptop,46.830347,"[""An office scene with laptops, printers and chairs."", ""A young man looking through papers no a desk."", ""A man pulls a piece of paper from a printer in an small office.""]","[""An office scene with laptops, printers and chairs."", ""A young man looking through papers no a desk."", ""A man pulls a piece of paper from a printer in an small office."", ""A person is grabbing a piece of paper from a printer."", ""A man sitting on a chair by a printer""]"
74409,000000074409.jpg,http://images.cocodataset.org/train2017/000000074409.jpg,http://farm6.staticflickr.com/5101/5640557375_602b064772_z.jpg,http://creativecommons.org/licenses/by/2.0/,640,399,0.29840625,0.03385964912280702,0.61784375,0.9348370927318296,0.25584180196585204,office,book;chair;keyboard;mouse,46.558418,"[""A woman sitting at a desk using a computer."", ""A young woman sits at a computer in an office.""]","[""A woman sitting at a desk using a computer."", ""A BRUNETTE FEMALE IS SITTING AT HER COMPUTER"", ""A young woman sits at a computer in an office."", ""A female working on a computer using a mouse and a keyboard."", ""A woman doing work at a computer screen.""]"
291839,000000291839.jpg,http://images.cocodataset.org/train2017/000000291839.jpg,http://farm5.staticflickr.com/4103/5067763417_9b3957853b_z.jpg,http://creativecommons.org/licenses/by-nc-sa/2.0/,640,480,0.5309062499999999,0.26929166666666665,0.434828125,0.7146041666666666,0.23382618180338544,office,book;dining table;keyboard;laptop,46.338262,"[""A man sitting at a candle lit desk using a computer."", ""A man is sitting in front of his laptop at a desk""]","[""A man sitting at a candle lit desk using a computer."", ""A person works in the dark on her computer."", ""A woman sitting in front of a laptop computer."", ""A woman with glasses working on a laptop"", ""A man is sitting in front of his laptop at a desk""]"
361469,000000361469.jpg,http://images.cocodataset.org/train2017/000000361469.jpg,http://farm4.staticflickr.com/3193/2653566078_b734009f23_z.jpg,http://creativecommons.org/licenses/by/2.0/,375,500,0.09029333333333334,0.30982,0.60496,0.67268,0.21879738666666668,office,laptop,46.187974,"[""Man standing in office with glass walls eating a donut."", ""A bearded man in an office eats a donut"", ""A bearded man stands in an office in front of two workers.""]","[""a man with a beard and blue shirt is eating a donut"", ""Man standing in office with glass walls eating a donut."", ""A bearded man in an office eats a donut"", ""A bearded man stands in an office in front of two workers."", ""A person that is standing around eating some food.""]"
513274,000000513274.jpg,http://images.cocodataset.org/train2017/000000513274.jpg,http://farm8.staticflickr.com/7171/6424906043_08b45d1477_z.jpg,http://creativecommons.org/licenses/by-nc/2.0/,640,480,0.47128125,0.30293749999999997,0.518578125,0.6846666666666666,0.21608232275390635,office,laptop,46.160823,"[""a child at a desk with a laptop"", ""A little kid using a child's laptop computer on a desk."", ""Two young children are using laptops at a desk.""]","[""a child at a desk with a laptop"", ""A kid at a table with a laptop."", ""A child playing on a small colorful laptop, next to someone on a larger laptop."", ""A little kid using a child's laptop computer on a desk."", ""Two young children are using laptops at a desk.""]"
545260,000000545260.jpg,http://images.cocodataset.org/train2017/000000545260.jpg,http://farm3.staticflickr.com/2319/2032012340_05aad32c26_z.jpg,http://creativecommons.org/licenses/by-nc/2.0/,640,431,0.083140625,0.10617169373549884,0.314265625,0.5629698375870069,0.08229358341792345,office,book;chair;keyboard;laptop,45.822936,"[""One man kneeling to pray while another sits at a desk and study."", ""A man prays near a bed as his roommate studies at a desk.""]","[""Student studying in dorm room while muslim roommate prays."", ""a person sitting on a chair and another kneeling on the ground"", ""One man kneeling to pray while another sits at a desk and study."", ""A man prays near a bed as his roommate studies at a desk."", ""A man with a small white hat kneeling on the floor praying.""]"
229833,000000229833.jpg,http://images.cocodataset.org/train2017/000000229833.jpg,http://farm1.staticflickr.com/110/253340217_aa28684204_z.jpg,http://creativecommons.org/licenses/by-sa/2.0/,640,480,0.00584375,0.6103958333333334,0.3935,0.3714166666666667,0.08107560628255207,office,book;cell phone;chair;keyboard;mouse,45.810756,"[""A person holding a cell phone near a man sitting at a desk working on a computer."", ""Someone holding up a cell phone in an office.""]","[""A hand holding a cell phone up to take a picture."", ""Man taking a picture of another man at a computer."", ""A person holding a cell phone near a man sitting at a desk working on a computer."", ""Someone holding up a cell phone in an office."", ""a hand holding a cellphone and a man using a computer""]"
74924,000000074924.jpg,http://images.cocodataset.org/train2017/000000074924.jpg,http://farm2.staticflickr.com/1432/1332973711_8d91b06a83_z.jpg,http://creativecommons.org/licenses/by-nc-sa/2.0/,640,480,0.385953125,0.2,0.614046875,0.7842708333333334,0.2634700576171875,office,chair;keyboard;laptop,45.634701,"[""A man sitting at a desk looking at a computer"", ""a man working on computers at a desk in his home""]","[""A man sitting at a desk looking at a computer"", ""a guy working on a laptop and a desktop in a room"", ""a man working on computers at a desk in his home"", ""a man in a blue shirt with multiple computers"", ""A man sitting at a deck with two computer monitors.""]"
410980,000000410980.jpg,http://images.cocodataset.org/train2017/000000410980.jpg,http://farm3.staticflickr.com/2636/3838660358_23563d3e99_z.jpg,http://creativecommons.org/licenses/by/2.0/,640,480,0.1938125,0.1415833333333333,0.6084375,0.8359375,0.25739411344401036,office,cell phone;chair;dining table;laptop;mouse,45.573941,"[""a man sitting at a desk with an lap top powered on"", ""A man sitting at a wooden desk using a laptop computer.""]","[""A man sitting in front of a laptop computer."", ""a man sitting in front of a laptop"", ""a man sitting at a desk with an lap top powered on"", ""A man sitting at a wooden desk using a laptop computer."", ""A man sitting at a table with a laptop and looking off to the side.""]"
93724,000000093724.jpg,http://images.cocodataset.org/train2017/000000093724.jpg,http://farm1.staticflickr.com/35/103423221_a35847c072_z.jpg,http://creativecommons.org/licenses/by-nc-nd/2.0/,400,300,0.458225,0.13716666666666666,0.541775,0.8503666666666667,0.24181231500000006,office,chair;dining table;keyboard;mouse,45.418123,"[""Two women in an office setting each have their hands in a box of donuts."", ""Women opening boxes of donuts in an office setting.""]","[""Two people opening cardboard boxes filled with donuts."", ""Two women in an office setting each have their hands in a box of donuts."", ""Two women pack up boxes of different donuts."", ""Women opening boxes of donuts in an office setting."", ""There are two people opening a box of doughnuts""]"
41753,000000041753.jpg,http://images.cocodataset.org/train2017/000000041753.jpg,http://farm3.staticflickr.com/2135/5705142950_0177463cd3_z.jpg,http://creativecommons.org/licenses/by-sa/2.0/,640,427,0.0015,0.05292740046838408,0.6145937499999999,0.9369320843091334,0.2914059739095432,office,chair;keyboard;mouse,44.91406,"[""A woman sitting at a desk pretending to converse with a teddy bear."", ""A girl in an office chair is taking to a teddy bear""]","[""A woman engages a stuffed teddy bear in an animated conversation."", ""A woman sitting at a desk pretending to converse with a teddy bear."", ""A woman and teddy bear are sitting in chairs."", ""a woman is sitting across from a bear, she looks to be having a conversation with it"", ""A girl in an office chair is taking to a teddy bear""]"
385150,000000385150.jpg,http://images.cocodataset.org/train2017/000000385150.jpg,http://farm4.staticflickr.com/3378/3201526779_0d6374b4ea_z.jpg,http://creativecommons.org/licenses/by-nc-nd/2.0/,640,480,0.5915781250000001,0.31235416666666665,0.1955,0.6876458333333333,0.08006504003906252,office,cell phone;chair;keyboard;laptop,44.80065,"[""A woman sits in a chair by a desk with a computer on it."", ""a person sitting at a desk with a laptop""]","[""A woman sits in a chair by a desk with a computer on it."", ""A woman looks at one computer screen while she also has her laptop open"", ""a girl is sitting in a chair looking at a computer screen"", ""a person sitting at a desk with a laptop"", ""The only lights in the woman's work space are from the windows and the screens of the laptop and desktop""]"
553443,000000553443.jpg,http://images.cocodataset.org/train2017/000000553443.jpg,http://farm9.staticflickr.com/8032/7992872002_975dc7aa8f_z.jpg,http://creativecommons.org/licenses/by-nc/2.0/,640,360,0.284390625,0.3134166666666667,0.47818750000000004,0.6756111111111112,0.1684087879774306,office,chair;keyboard;laptop,44.684088,"[""Guy bites an apple while the other two watch in the computer room"", ""A man in an office setting is eating an apple.""]","[""Guy bites an apple while the other two watch in the computer room"", ""A man in an office setting is eating an apple."", ""a group of people staring a camera while one eats some food"", ""Man eating fruit in room with co-workers with computers."", ""A person sitting with his back to a table with computers and other people, eating an apple.""]"
81871,000000081871.jpg,http://images.cocodataset.org/train2017/000000081871.jpg,http://farm1.staticflickr.com/25/58379433_9ea61a0aeb_z.jpg,http://creativecommons.org/licenses/by-nd/2.0/,640,480,0.47296875,0.38739583333333333,0.5270312500000001,0.6126041666666666,0.23211564485677091,office,cell phone;keyboard;laptop,44.321156,"[""A person types on a laptop computer while sitting at a desk."", ""A man using a laptop computer on top of a desk.""]","[""A person typing and working on a hp laptop"", ""Hands typing on the keyboard of an open laptop."", ""A person types on a laptop computer while sitting at a desk."", ""A man using a laptop computer on top of a desk."", ""A person typing on a black laptop with a cell phone next to it.""]"
351253,000000351253.jpg,http://images.cocodataset.org/train2017/000000351253.jpg,http://farm2.staticflickr.com/1197/848861579_1903be6949_z.jpg,http://creativecommons.org/licenses/by-sa/2.0/,500,375,0.68106,0.0025066666666666666,0.31894,0.44394666666666666,0.10942794613333331,office,book;chair;laptop;mouse,44.094279,"[""A black laptop computer sits on a desk."", ""A  woman leaning over a desk with  a computer""]","[""a counter covered with a laptop and a book"", ""Laptop computer sitting on top of a table with an instructional guide."", ""A black laptop computer sits on a desk."", ""A black laptop computer sitting on top of a table next to a computer mouse."", ""A  woman leaning over a desk with  a computer""]"
556143,000000556143.jpg,http://images.cocodataset.org/train2017/000000556143.jpg,http://farm1.staticflickr.com/205/514494643_cfcc643a84_z.jpg,http://creativecommons.org/licenses/by-nc-sa/2.0/,333,500,0.07702702702702702,0.21166,0.5529129129129129,0.69248,0.18102028498498504,office,book;keyboard;mouse,43.810203,"[""The man sits at a computer desk with a musical keyboard on it."", ""A black and white photo of a guy sitting at a computer desk.""]","[""A young man sitting in front of a computer and keyboard."", ""A black and white picture of a guy sitting at a digital keyboard."", ""The man sits at a computer desk with a musical keyboard on it."", ""A man sits at a computer with a piano keyboard."", ""A black and white photo of a guy sitting at a computer desk.""]"
47511,000000047511.jpg,http://images.cocodataset.org/train2017/000000047511.jpg,http://farm5.staticflickr.com/4140/4856847802_186bcc49ef_z.jpg,http://creativecommons.org/licenses/by-nd/2.0/,640,480,0.026968750000000003,0.3101041666666667,0.62696875,0.6786666666666666,0.16682358561197916,office,book;cell phone;chair;dining table,43.668236,"[""A woman sitting at a desk with an older woman."", ""Two women are sitting at a wood desk."", ""A woman and an elderly woman sitting at a desk together in a classroom setting with notebooks and pencils on the desk.""]","[""A woman sitting at a desk with an older woman."", ""Two women are woking on an assignment together."", ""Two women are sitting at a wood desk."", ""A woman and an elderly woman sitting at a desk together in a classroom setting with notebooks and pencils on the desk."", ""Two women with glasses on sitting at a table with notebooks, pencils and a cell phone.""]"
203206,000000203206.jpg,http://images.cocodataset.org/train2017/000000203206.jpg,http://farm4.staticflickr.com/3300/4621745616_575f2a1078_z.jpg,http://creativecommons.org/licenses/by-nc-nd/2.0/,640,359,0.03403125,0.0067409470752089135,0.577328125,0.9550696378830084,0.2456316227802926,office,book;laptop;mouse,43.456316,"[""A baby sitting on a desk playing with a laptop computer."", ""A toddler on a desk presses buttons on a laptop.""]","[""A baby sitting on a desk playing with a laptop computer."", ""A toddler on a desk presses buttons on a laptop."", ""The computer is being operated by an infant."", ""Small child lays on top of a table and touches a laptop computer."", ""A baby is interested in a laptop computer""]"
366897,000000366897.jpg,http://images.cocodataset.org/train2017/000000366897.jpg,http://farm1.staticflickr.com/215/501546210_df51241ac5_z.jpg,http://creativecommons.org/licenses/by-nc-sa/2.0/,500,219,0.039,0.07876712328767123,0.235,0.9200913242009132,0.13090410958904108,office,chair;keyboard;mouse,43.309041,"[""Four people are standing in an office room."", ""A group of people playing a video game in an office.""]","[""a couple of people are playing video games in a room"", ""Four people are standing in an office room."", ""a bunch of people watching as two people play video games"", ""The people are playing video games together in the room."", ""A group of people playing a video game in an office.""]"
177375,000000177375.jpg,http://images.cocodataset.org/train2017/000000177375.jpg,http://farm3.staticflickr.com/2468/3674268845_d939c60a5c_z.jpg,http://creativecommons.org/licenses/by-nc/2.0/,640,480,0.317484375,0.0004166666666666667,0.584359375,0.9995833333333334,0.3133206227213542,office,book;chair,43.133206,"[""A woman sitting at a desk in front of three kids."", ""A man sits at a desk drawing as children watch."", ""A woman sitting in a desk with children surrounding her.""]","[""A teacher shows the students their new assignment."", ""A woman sitting at a desk in front of three kids."", ""A man sits at a desk drawing as children watch."", ""A teacher is surrounded by three asian students."", ""A woman sitting in a desk with children surrounding her.""]"
49424,000000049424.jpg,http://images.cocodataset.org/train2017/000000049424.jpg,http://farm3.staticflickr.com/2809/8836654894_1ee91b68fc_z.jpg,http://creativecommons.org/licenses/by-nc-nd/2.0/,640,486,0.0221875,0.3174074074074074,0.383953125,0.5550617283950617,0.11059400109310698,office,cell phone;keyboard;laptop,43.10594,"[""People talk in an office with many pictures on the wall."", ""Woman typing on open laptop while group of three talk in office doorway""]","[""People talk in an office with many pictures on the wall."", ""group of four people standing around conference table with laptop"", ""A group of people are talking while standing and sitting."", ""Woman typing on open laptop while group of three talk in office doorway"", ""a woman on a laptop and three people talking""]"
511350,000000511350.jpg,http://images.cocodataset.org/train2017/000000511350.jpg,http://farm9.staticflickr.com/8304/7838122864_a982493715_z.jpg,http://creativecommons.org/licenses/by-nd/2.0/,427,640,0.006721311475409836,0.029031249999999998,0.9932786885245901,0.95740625,0.5521826829625291,office,chair,43.0,"[""A man with a  bald head sitting at a wooden desk."", ""A man in shirt and tie sitting at a desk."", ""A man is working on something on a desk.""]","[""A man with a  bald head sitting at a wooden desk."", ""A man with a tie sitting at a table."", ""A man in shirt and tie sitting at a desk."", ""This man is sitting at a table and fixing an object."", ""A man is working on something on a desk.""]"
453195,000000453195.jpg,http://images.cocodataset.org/train2017/000000453195.jpg,http://farm3.staticflickr.com/2506/4190437672_4f4a75837a_z.jpg,http://creativecommons.org/licenses/by-sa/2.0/,640,428,0.055484374999999996,0.2513785046728972,0.65075,0.7354205607476635,0.18998096962616826,office,chair;laptop;mouse,42.89981,"[""Two employees performing computer work in an office."", ""A young man on a computer in an office.""]","[""A man and a woman working on computers."", ""A person that is working on a computer."", ""A man and woman work on their computers."", ""Two employees performing computer work in an office."", ""A young man on a computer in an office.""]"
332867,000000332867.jpg,http://images.cocodataset.org/train2017/000000332867.jpg,http://farm3.staticflickr.com/2404/2240673803_803fd731d4_z.jpg,http://creativecommons.org/licenses/by-nc-nd/2.0/,640,427,0.29021875,0.0,0.70978125,0.9995550351288056,0.3732547475117097,office,cell phone;chair;keyboard;laptop;mouse,42.732547,"[""Woman with laptop computer and cell phone working at desk.""]","[""Woman with laptop computer and cell phone working at desk."", ""Woman on her laptop texting on her cell phone."", ""Woman in red shirt working on a laptop and on her cellphone."", ""A woman is on a cellphone while using a laptop."", ""A woman texting on her phone while on her laptop.""]"
209041,000000209041.jpg,http://images.cocodataset.org/train2017/000000209041.jpg,http://farm1.staticflickr.com/214/472984351_ca85e08158_z.jpg,http://creativecommons.org/licenses/by-nc-sa/2.0/,375,500,0.02093333333333333,0.07922,0.5739733333333333,0.5852,0.16860516586666666,office,book;laptop;mouse,42.686052,"[""A man with a laptop at a wooden desk"", ""a man looking at a laptop while sitting at a desk""]","[""A man sitting in front of a laptop computer in front of a library."", ""a man working on his laptop with several shelves of books around him."", ""Guy working on a laptop inside of a library."", ""A man with a laptop at a wooden desk"", ""a man looking at a laptop while sitting at a desk""]"
195809,000000195809.jpg,http://images.cocodataset.org/train2017/000000195809.jpg,http://farm3.staticflickr.com/2894/9507431399_9c9fdae34b_z.jpg,http://creativecommons.org/licenses/by-sa/2.0/,640,427,0.48839062499999997,0.026487119437939112,0.363015625,0.7489929742388759,0.1518014035055621,office,chair;laptop;mouse,42.518014,"[""A man in uniform behind a desk with a laptop and another man sitting on the other side."", ""A man is sitting by a desk being interviewed by another man.""]","[""A man in uniform behind a desk with a laptop and another man sitting on the other side."", ""A man sitting in front of a laptop computer."", ""A man is sitting by a desk being interviewed by another man."", ""A man working on a laptop sitting in front of another man."", ""A couple of men sitting at a table.""]"
