AuthorProfileURL,ImageID,License,OriginalLandingURL,OriginalURL,download_status,image_url,label_evidence,local_path,person_box_area,scene_hint,scene_score
https://www.flickr.com/people/wufoo/,e7574843621495bd,https://creativecommons.org/licenses/by/2.0/,https://www.flickr.com/photos/wufoo/5603527713,https://c6.staticflickr.com/6/5186/5603527713_4fdd059cc2_o.jpg,ok,https://c8.staticflickr.com/6/5186/5603527713_f8279581af_z.jpg,Chair; Coffee table; Couch; Furniture; Living room,data/raw/openimages/candidates/openimages-e7574843621495bd.jpg,0.06902100725316612,home,20
https://www.flickr.com/people/andybee/,d5b49d2512986551,https://creativecommons.org/licenses/by/2.0/,https://www.flickr.com/photos/andybee/276654741,https://farm2.staticflickr.com/80/276654741_3b2d987b13_o.jpg,missing,https://c6.staticflickr.com/1/80/276654741_3b2d987b13_z.jpg,Furniture; Home; House,,0.08350260290625,home,18
https://www.flickr.com/people/cezzie901/,48bd83368a70defc,https://creativecommons.org/licenses/by/2.0/,https://www.flickr.com/photos/cezzie901/14963871812,https://c5.staticflickr.com/4/3852/14963871812_67d5a1c539_o.jpg,ok,https://c8.staticflickr.com/4/3852/14963871812_76a3ef33ab_z.jpg,Chair; Coffee table; Home; Table,data/raw/openimages/candidates/openimages-48bd83368a70defc.jpg,0.09699853143981665,home,15
https://www.flickr.com/people/53743295@N00/,fd1088e194f01b60,https://creativecommons.org/licenses/by/2.0/,https://www.flickr.com/photos/53743295@N00/2461425480,https://farm1.staticflickr.com/3222/2461425480_d47ea25f14_o.jpg,ok,https://c2.staticflickr.com/4/3222/2461425480_f2af6f474a_z.jpg,Couch; Living room; Table,data/raw/openimages/candidates/openimages-fd1088e194f01b60.jpg,0.046142578124999986,home,15
https://www.flickr.com/people/gusilu/,9903bb72f8ee1a99,https://creativecommons.org/licenses/by/2.0/,https://www.flickr.com/photos/gusilu/7754973822,https://c2.staticflickr.com/9/8297/7754973822_28e4c62cf8_o.jpg,ok,https://c3.staticflickr.com/9/8297/7754973822_309a6dda53_z.jpg,Furniture; Kitchen; Table,data/raw/openimages/candidates/openimages-9903bb72f8ee1a99.jpg,0.15141133244868668,home,12
https://www.flickr.com/people/statelibraryofvictoria_collections/,e93a0b0f61cdb76c,https://creativecommons.org/licenses/by/2.0/,https://www.flickr.com/photos/statelibraryofvictoria_collections/7560180750,https://c5.staticflickr.com/9/8427/7560180750_772d5cbbd3_o.jpg,ok,https://c3.staticflickr.com/9/8427/7560180750_4b9b2d49b6_z.jpg,Furniture; Kitchen,data/raw/openimages/candidates/openimages-e93a0b0f61cdb76c.jpg,0.0802801203415414,home,11
https://www.flickr.com/people/zenm/,28d973ee8659aef7,https://creativecommons.org/licenses/by/2.0/,https://www.flickr.com/photos/zenm/5898310719,https://farm8.staticflickr.com/6017/5898310719_a1f7895c14_o.jpg,ok,https://c3.staticflickr.com/7/6017/5898310719_02ba92a45e_z.jpg,Furniture; House; Table,data/raw/openimages/candidates/openimages-28d973ee8659aef7.jpg,0.28328125153125,home,9
https://www.flickr.com/people/mtrichardson/,bef1d1b7146ead5d,https://creativecommons.org/licenses/by/2.0/,https://www.flickr.com/photos/mtrichardson/3459868400,https://c6.staticflickr.com/4/3598/3459868400_5b1d091bcb_o.jpg,missing,https://c3.staticflickr.com/4/3598/3459868400_6602f5c4ab_z.jpg?zz=1,Kitchen,,0.25553382031250005,home,9
https://www.flickr.com/people/yuko_ppp/,c1030024bf97809c,https://creativecommons.org/licenses/by/2.0/,https://www.flickr.com/photos/yuko_ppp/2902147055,https://c5.staticflickr.com/4/3158/2902147055_7e1fce22dd_o.jpg,ok,https://c5.staticflickr.com/4/3158/2902147055_dba3efcf3b_z.jpg,Furniture; House; Table,data/raw/openimages/candidates/openimages-c1030024bf97809c.jpg,0.044997897054594005,home,9
https://www.flickr.com/people/apreche/,16f352b006a890cd,https://creativecommons.org/licenses/by/2.0/,https://www.flickr.com/photos/apreche/7172331523,https://c6.staticflickr.com/8/7218/7172331523_3c30c303bc_o.jpg,ok,https://c2.staticflickr.com/8/7218/7172331523_82a14c43a8_z.jpg,Chair; Couch; Furniture; Table,data/raw/openimages/candidates/openimages-16f352b006a890cd.jpg,0.048242193187500004,home,8
https://www.flickr.com/people/mccchurch/,2a0feb84d28eec15,https://creativecommons.org/licenses/by/2.0/,https://www.flickr.com/photos/mccchurch/765009865/,https://farm6.staticflickr.com/1399/765009865_b4c64b6606_o.jpg,ok,https://c1.staticflickr.com/2/1399/765009865_f7dfd7fd70_z.jpg?zz=1,Furniture; House,data/raw/openimages/candidates/openimages-2a0feb84d28eec15.jpg,0.20996093750000003,home,8
https://www.flickr.com/people/fukami/,9a95650fee0f9af6,https://creativecommons.org/licenses/by/2.0/,https://www.flickr.com/photos/fukami/3192963068,https://farm7.staticflickr.com/3092/3192963068_0a91750010_o.jpg,ok,https://c3.staticflickr.com/4/3092/3192963068_7558487df8_z.jpg,Furniture; House,data/raw/openimages/candidates/openimages-9a95650fee0f9af6.jpg,0.17688152162500004,home,8
https://www.flickr.com/people/mediummaria/,9c54662ca0b0074f,https://creativecommons.org/licenses/by/2.0/,https://www.flickr.com/photos/mediummaria/10617121794,https://c8.staticflickr.com/6/5545/10617121794_c0a691bf4b_o.jpg,ok,https://c4.staticflickr.com/6/5545/10617121794_724403df2c_z.jpg,Chair; House; Table,data/raw/openimages/candidates/openimages-9c54662ca0b0074f.jpg,0.06838541124999999,home,8
https://www.flickr.com/people/hiang/,809d426b0ed06d55,https://creativecommons.org/licenses/by/2.0/,https://www.flickr.com/photos/hiang/5813090954,https://farm6.staticflickr.com/5027/5813090954_a056b6a6a4_o.jpg,ok,https://c6.staticflickr.com/6/5027/5813090954_6b91a80c7a_z.jpg,Chair; Couch; Furniture,data/raw/openimages/candidates/openimages-809d426b0ed06d55.jpg,0.6733533577200992,home,7
https://www.flickr.com/people/kaja_a/,8492e5d67d7ac44c,https://creativecommons.org/licenses/by/2.0/,https://www.flickr.com/photos/kaja_a/5216794171,https://c5.staticflickr.com/6/5206/5216794171_ee5fda879b_o.jpg,ok,https://c5.staticflickr.com/6/5206/5216794171_27040fd0d0_z.jpg,Couch; Furniture; Table,data/raw/openimages/candidates/openimages-8492e5d67d7ac44c.jpg,0.059427767996709964,home,7
https://www.flickr.com/people/barretthall/,0cce331e7f66f6ea,https://creativecommons.org/licenses/by/2.0/,https://www.flickr.com/photos/barretthall/121987526,https://c3.staticflickr.com/1/43/121987526_4a8fe0643b_o.jpg,ok,https://c8.staticflickr.com/1/43/121987526_4a8fe0643b_z.jpg,House,data/raw/openimages/candidates/openimages-0cce331e7f66f6ea.jpg,0.25087323228756486,home,6
https://www.flickr.com/people/tallkev/,20af1d21449acdce,https://creativecommons.org/licenses/by/2.0/,https://www.flickr.com/photos/tallkev/4290059412,https://c7.staticflickr.com/5/4061/4290059412_6545c74ddd_o.jpg,ok,https://c2.staticflickr.com/5/4061/4290059412_e977a36e6b_z.jpg,Bed; Furniture,data/raw/openimages/candidates/openimages-20af1d21449acdce.jpg,0.47275390625,home,6
https://www.flickr.com/people/achillifamily/,26a6b52b4016ca24,https://creativecommons.org/licenses/by/2.0/,https://www.flickr.com/photos/achillifamily/13933191485,https://farm5.staticflickr.com/3744/13933191485_aaa41e031f_o.jpg,ok,https://c2.staticflickr.com/4/3744/13933191485_28318b436f_z.jpg,House,data/raw/openimages/candidates/openimages-26a6b52b4016ca24.jpg,0.86430062,home,6
https://www.flickr.com/people/signe_karin/,3575fe8f13d43ff4,https://creativecommons.org/licenses/by/2.0/,https://www.flickr.com/photos/signe_karin/6198410197,https://farm5.staticflickr.com/6178/6198410197_45544007b6_o.jpg,ok,https://c4.staticflickr.com/7/6178/6198410197_458b56ab84_z.jpg,House,data/raw/openimages/candidates/openimages-3575fe8f13d43ff4.jpg,0.04379882934374999,home,6
https://www.flickr.com/people/dierkschaefer/,3a45b076fd024920,https://creativecommons.org/licenses/by/2.0/,https://www.flickr.com/photos/dierkschaefer/11157108065,https://farm1.staticflickr.com/3740/11157108065_8360d4ea3e_o.jpg,ok,https://c6.staticflickr.com/4/3740/11157108065_5396cdfb78_z.jpg,House,data/raw/openimages/candidates/openimages-3a45b076fd024920.jpg,0.09310547584375001,home,6
https://www.flickr.com/people/openluchtmuseum/,3d4cc20be86765ac,https://creativecommons.org/licenses/by/2.0/,https://www.flickr.com/photos/openluchtmuseum/5001745907,https://c5.staticflickr.com/5/4087/5001745907_55cb836182_o.jpg,ok,https://c6.staticflickr.com/5/4087/5001745907_1a9955cae8_z.jpg,House,data/raw/openimages/candidates/openimages-3d4cc20be86765ac.jpg,0.05360125224999998,home,6
https://www.flickr.com/people/homini/,3eecc3ae67fdeec0,https://creativecommons.org/licenses/by/2.0/,https://www.flickr.com/photos/homini/6449650123,https://farm1.staticflickr.com/7171/6449650123_de8eaabb47_o.jpg,ok,https://c2.staticflickr.com/8/7171/6449650123_ce44ea7089_z.jpg,House,data/raw/openimages/candidates/openimages-3eecc3ae67fdeec0.jpg,0.11414348959368002,home,6
https://www.flickr.com/people/ndrwfgg/,4408714705288ba1,https://creativecommons.org/licenses/by/2.0/,https://www.flickr.com/photos/ndrwfgg/14372827479,https://farm2.staticflickr.com/2927/14372827479_f85a3001d6_o.jpg,ok,https://c7.staticflickr.com/3/2927/14372827479_e58a85b2f6_z.jpg,House,data/raw/openimages/candidates/openimages-4408714705288ba1.jpg,0.09582676735699301,home,6
https://www.flickr.com/people/annethomas/,4e78f0b57c2e4d35,https://creativecommons.org/licenses/by/2.0/,https://www.flickr.com/photos/annethomas/16732804484,https://farm6.staticflickr.com/7728/16732804484_9dc7520750_o.jpg,ok,https://c4.staticflickr.com/8/7728/16732804484_fbb130423d_z.jpg,House,data/raw/openimages/candidates/openimages-4e78f0b57c2e4d35.jpg,0.053027537820054975,home,6
https://www.flickr.com/people/stevendepolo/,5838182af71714c6,https://creativecommons.org/licenses/by/2.0/,https://www.flickr.com/photos/stevendepolo/9237411956,https://farm7.staticflickr.com/2834/9237411956_fbc3142e27_o.jpg,ok,https://c8.staticflickr.com/3/2834/9237411956_7309318074_z.jpg,House,data/raw/openimages/candidates/openimages-5838182af71714c6.jpg,0.159521476640625,home,6
https://www.flickr.com/people/42686855@N07/,5fbc7140ac8f1af3,https://creativecommons.org/licenses/by/2.0/,https://www.flickr.com/photos/42686855@N07/3934632730,https://farm4.staticflickr.com/2504/3934632730_7383616d37_o.jpg,ok,https://c4.staticflickr.com/3/2504/3934632730_bbfe63250b_z.jpg,House,data/raw/openimages/candidates/openimages-5fbc7140ac8f1af3.jpg,0.64166666,home,6
https://www.flickr.com/people/faircompanies/,618dbeb8fb32291f,https://creativecommons.org/licenses/by/2.0/,https://www.flickr.com/photos/faircompanies/3819696604,https://c8.staticflickr.com/4/3579/3819696604_8b9b4b4cf1_o.jpg,missing,https://c5.staticflickr.com/4/3579/3819696604_56491da6e6_z.jpg,Bed; Furniture,,0.42579440268266305,home,6
https://www.flickr.com/people/42843806@N00/,61b9f3a4db94791b,https://creativecommons.org/licenses/by/2.0/,https://www.flickr.com/photos/42843806@N00/8682080209,https://c4.staticflickr.com/9/8120/8682080209_7b61d2a506_o.jpg,ok,https://c1.staticflickr.com/9/8120/8682080209_eb1bfb6546_z.jpg,House,data/raw/openimages/candidates/openimages-61b9f3a4db94791b.jpg,0.16404911774186395,home,6
https://www.flickr.com/people/yancy9a/,63b95ba4a7b8393b,https://creativecommons.org/licenses/by/2.0/,https://www.flickr.com/photos/yancy9a/3624548752,https://c4.staticflickr.com/4/3341/3624548752_db30c3a73e_o.jpg,ok,https://c5.staticflickr.com/4/3341/3624548752_191f6d2ca3_z.jpg,House,data/raw/openimages/candidates/openimages-63b95ba4a7b8393b.jpg,0.245654296875,home,6
https://www.flickr.com/people/louisepython/,65fa93cf7916e533,https://creativecommons.org/licenses/by/2.0/,https://www.flickr.com/photos/louisepython/18962545401,https://farm4.staticflickr.com/502/18962545401_47ab3bc486_o.jpg,ok,https://c8.staticflickr.com/1/502/18962545401_113faf33af_z.jpg,House,data/raw/openimages/candidates/openimages-65fa93cf7916e533.jpg,0.09100877267059498,home,6
https://www.flickr.com/people/60584010@N00/,72f249431922cb46,https://creativecommons.org/licenses/by/2.0/,https://www.flickr.com/photos/60584010@N00/3133677886,https://farm7.staticflickr.com/3246/3133677886_117c3edd9f_o.jpg,ok,https://farm7.staticflickr.com/3246/3133677886_117c3edd9f_o.jpg,House,data/raw/openimages/candidates/openimages-72f249431922cb46.jpg,0.0342499974184211,home,6
https://www.flickr.com/people/7322341@N07/,79eaaa21e6547b80,https://creativecommons.org/licenses/by/2.0/,https://www.flickr.com/photos/7322341@N07/6995212259/,https://farm1.staticflickr.com/7108/6995212259_99efeac508_o.jpg,ok,https://c6.staticflickr.com/8/7108/6995212259_b10134191b_z.jpg,House,data/raw/openimages/candidates/openimages-79eaaa21e6547b80.jpg,0.078314682695069,home,6
https://www.flickr.com/people/schram/,7bbc7a318dd0addb,https://creativecommons.org/licenses/by/2.0/,https://www.flickr.com/photos/schram/839900650,https://c4.staticflickr.com/2/1380/839900650_7be94fba01_o.jpg,missing,https://c8.staticflickr.com/2/1380/839900650_eea4c623a9_z.jpg,Couch; Furniture,,0.6275238241467008,home,6
https://www.flickr.com/people/grechman/,898890757a38a6db,https://creativecommons.org/licenses/by/2.0/,https://www.flickr.com/photos/grechman/4899103844,https://c4.staticflickr.com/5/4098/4899103844_7e17d73ab7_o.jpg,ok,https://c8.staticflickr.com/5/4098/4899103844_9fff742c24_z.jpg,Bed; Furniture,data/raw/openimages/candidates/openimages-898890757a38a6db.jpg,0.06943066826940161,home,6
https://www.flickr.com/people/desmog/,8f963d22c8f81d10,https://creativecommons.org/licenses/by/2.0/,https://www.flickr.com/photos/desmog/14710298582,https://farm1.staticflickr.com/5555/14710298582_83be813b47_o.jpg,ok,https://c7.staticflickr.com/6/5555/14710298582_bcf1480a19_z.jpg,House,data/raw/openimages/candidates/openimages-8f963d22c8f81d10.jpg,0.07386718701562499,home,6
https://www.flickr.com/people/orsorama/,9295ab265fafd8e5,https://creativecommons.org/licenses/by/2.0/,https://www.flickr.com/photos/orsorama/9176313286,https://farm6.staticflickr.com/7317/9176313286_c9a704d48b_o.jpg,ok,https://c6.staticflickr.com/8/7317/9176313286_40a10dedc0_z.jpg,Bed; Furniture,data/raw/openimages/candidates/openimages-9295ab265fafd8e5.jpg,0.32755208175,home,6
https://www.flickr.com/people/10459174@N03/,971644fd7448560b,https://creativecommons.org/licenses/by/2.0/,https://www.flickr.com/photos/10459174@N03/17202854802,https://c4.staticflickr.com/9/8799/17202854802_93c0022d21_o.jpg,missing,https://c5.staticflickr.com/9/8799/17202854802_ec1ffd8dff_z.jpg,House,,0.078875141303548,home,6
https://www.flickr.com/people/lifeoftravel/,994385c9f33f2075,https://creativecommons.org/licenses/by/2.0/,https://www.flickr.com/photos/lifeoftravel/5042103664,https://farm6.staticflickr.com/4086/5042103664_16ba260648_o.jpg,ok,https://c5.staticflickr.com/5/4086/5042103664_451090077e_z.jpg,Bed; Furniture,data/raw/openimages/candidates/openimages-994385c9f33f2075.jpg,0.79166667,home,6
https://www.flickr.com/people/isfullofcrap/,a0e14c71c9a72b6b,https://creativecommons.org/licenses/by/2.0/,https://www.flickr.com/photos/isfullofcrap/17000616434,https://c4.staticflickr.com/9/8793/17000616434_e5804a183d_o.jpg,ok,https://c6.staticflickr.com/9/8793/17000616434_a34b747fac_z.jpg,House,data/raw/openimages/candidates/openimages-a0e14c71c9a72b6b.jpg,0.59830406453125,home,6
https://www.flickr.com/people/mmichaelis/,a976c12ec2a16b3b,https://creativecommons.org/licenses/by/2.0/,https://www.flickr.com/photos/mmichaelis/12140902934,https://c4.staticflickr.com/4/3774/12140902934_22113f9517_o.jpg,ok,https://c1.staticflickr.com/4/3774/12140902934_229e8c2d22_z.jpg,House,data/raw/openimages/candidates/openimages-a976c12ec2a16b3b.jpg,0.05499648670432321,home,6
https://www.flickr.com/people/rocksee/,b69301d65efaa10b,https://creativecommons.org/licenses/by/2.0/,https://www.flickr.com/photos/rocksee/484479494,https://c4.staticflickr.com/1/219/484479494_241bf7782f_o.jpg,ok,https://c7.staticflickr.com/1/219/484479494_eea2fd8ab0_z.jpg?zz=1,House,data/raw/openimages/candidates/openimages-b69301d65efaa10b.jpg,0.80625,home,6
https://www.flickr.com/people/postapocalyptic/,c140bd43b8db15c0,https://creativecommons.org/licenses/by/2.0/,https://www.flickr.com/photos/postapocalyptic/9533648590,https://farm1.staticflickr.com/3754/9533648590_d7ea8f73df_o.jpg,ok,https://c2.staticflickr.com/4/3754/9533648590_41a66d0ee9_z.jpg,House,data/raw/openimages/candidates/openimages-c140bd43b8db15c0.jpg,0.05621687519500361,home,6
https://www.flickr.com/people/com_salud/,d02bee6224ca943a,https://creativecommons.org/licenses/by/2.0/,https://www.flickr.com/photos/com_salud/13213834014,https://c3.staticflickr.com/4/3686/13213834014_8624026ea3_o.jpg,ok,https://c2.staticflickr.com/4/3686/13213834014_c305dfba2b_z.jpg,Bed; Furniture,data/raw/openimages/candidates/openimages-d02bee6224ca943a.jpg,0.04209754443749999,home,6
https://www.flickr.com/people/bloglogik/,d0ec91f114927bd5,https://creativecommons.org/licenses/by/2.0/,https://www.flickr.com/photos/bloglogik/6093715503,https://farm6.staticflickr.com/6077/6093715503_739bb8a824_o.jpg,ok,https://c8.staticflickr.com/7/6077/6093715503_3e36876ba1_z.jpg,House,data/raw/openimages/candidates/openimages-d0ec91f114927bd5.jpg,0.038351340871119986,home,6
https://www.flickr.com/people/53267244@N03/,ddd8b588942ceded,https://creativecommons.org/licenses/by/2.0/,https://www.flickr.com/photos/53267244@N03/19894075689,https://c6.staticflickr.com/1/344/19894075689_70eef30ce8_o.jpg,ok,https://c2.staticflickr.com/1/344/19894075689_86c9a22963_z.jpg,Bed; Furniture,data/raw/openimages/candidates/openimages-ddd8b588942ceded.jpg,0.13648572928519095,home,6
https://www.flickr.com/people/dachis/,e3d0e1cc6109fa71,https://creativecommons.org/licenses/by/2.0/,https://www.flickr.com/photos/dachis/19711907778,https://farm2.staticflickr.com/480/19711907778_3d10bc01bc_o.jpg,ok,https://c4.staticflickr.com/1/480/19711907778_8c2eb8dfc9_z.jpg,Bed; Furniture,data/raw/openimages/candidates/openimages-e3d0e1cc6109fa71.jpg,0.037267526342452,home,6
https://www.flickr.com/people/phalinn/,e7fe54073a9a84bc,https://creativecommons.org/licenses/by/2.0/,https://www.flickr.com/photos/phalinn/14860546744/,https://c5.staticflickr.com/4/3850/14860546744_88f4113255_o.jpg,ok,https://c2.staticflickr.com/4/3850/14860546744_2a33d70175_z.jpg,Bed; Furniture,data/raw/openimages/candidates/openimages-e7fe54073a9a84bc.jpg,0.05345215512801802,home,6
https://www.flickr.com/people/dundon/,e84f78c70c482793,https://creativecommons.org/licenses/by/2.0/,https://www.flickr.com/photos/dundon/5073344595,https://farm4.staticflickr.com/4145/5073344595_cfa5d475de_o.jpg,ok,https://c3.staticflickr.com/5/4145/5073344595_850641e7e2_z.jpg,House,data/raw/openimages/candidates/openimages-e84f78c70c482793.jpg,0.04824219106250001,home,6
https://www.flickr.com/people/ralphpaglia/,eae53644fd915bf6,https://creativecommons.org/licenses/by/2.0/,https://www.flickr.com/photos/ralphpaglia/7489216674,https://farm7.staticflickr.com/8161/7489216674_2ed4f3deb7_o.jpg,missing,https://c8.staticflickr.com/9/8161/7489216674_fd1a980e0a_z.jpg,House,,0.040441035559631994,home,6
https://www.flickr.com/people/carrotmadman6/,f931e61db43ddd52,https://creativecommons.org/licenses/by/2.0/,https://www.flickr.com/photos/carrotmadman6/4721914390,https://farm3.staticflickr.com/1343/4721914390_0819e22800_o.jpg,ok,https://c7.staticflickr.com/2/1343/4721914390_52972dfd38_z.jpg,House,data/raw/openimages/candidates/openimages-f931e61db43ddd52.jpg,0.06666666999999998,home,6
https://www.flickr.com/people/felipeskroski/,fb890c9bd6c98de9,https://creativecommons.org/licenses/by/2.0/,https://www.flickr.com/photos/felipeskroski/4061231031/,https://c2.staticflickr.com/3/2647/4061231031_e74bf8e5ff_o.jpg,ok,https://c7.staticflickr.com/3/2647/4061231031_19b5ac4752_z.jpg?zz=1,House,data/raw/openimages/candidates/openimages-fb890c9bd6c98de9.jpg,0.03876576288981119,home,6
https://www.flickr.com/people/sswain_1999/,02ceda7dc7da5160,https://creativecommons.org/licenses/by/2.0/,https://www.flickr.com/photos/sswain_1999/8418633767,https://farm1.staticflickr.com/8473/8418633767_68a8140ebf_o.jpg,ok,https://c5.staticflickr.com/9/8473/8418633767_9fde60c84e_z.jpg,Bed,data/raw/openimages/candidates/openimages-02ceda7dc7da5160.jpg,0.3355859508125,home,4
https://www.flickr.com/people/trishhhh/,04b1367c2c475c5a,https://creativecommons.org/licenses/by/2.0/,https://www.flickr.com/photos/trishhhh/2334642009,https://c3.staticflickr.com/4/3070/2334642009_edaabb9ce9_o.jpg,ok,https://c7.staticflickr.com/4/3070/2334642009_7c5ccf540e_z.jpg?zz=1,Chair; Furniture; Table,data/raw/openimages/candidates/openimages-04b1367c2c475c5a.jpg,0.18802083234374997,home,4
https://www.flickr.com/people/7326810@N08/,0b4e270f5c83a133,https://creativecommons.org/licenses/by/2.0/,https://www.flickr.com/photos/7326810@N08/3540600148,https://farm4.staticflickr.com/3340/3540600148_d2779e8e8a_o.jpg,ok,https://c3.staticflickr.com/4/3340/3540600148_d0781265f4_z.jpg,Couch,data/raw/openimages/candidates/openimages-0b4e270f5c83a133.jpg,0.1791730237637003,home,4
https://www.flickr.com/people/nrdcpix/,1bde6aa77c1a45fb,https://creativecommons.org/licenses/by/2.0/,https://www.flickr.com/photos/nrdcpix/6298080475,https://c4.staticflickr.com/7/6235/6298080475_7707d5d0b3_o.jpg,ok,https://c6.staticflickr.com/7/6235/6298080475_15f5b9584d_z.jpg,Chair; Furniture; Table,data/raw/openimages/candidates/openimages-1bde6aa77c1a45fb.jpg,0.1546875,home,4
https://www.flickr.com/people/barolo/,283dafebe225590d,https://creativecommons.org/licenses/by/2.0/,https://www.flickr.com/photos/barolo/18539754166,https://c6.staticflickr.com/1/493/18539754166_68ee342984_o.jpg,ok,https://c1.staticflickr.com/1/493/18539754166_d7d07da13e_z.jpg,Chair; Furniture; Table,data/raw/openimages/candidates/openimages-283dafebe225590d.jpg,0.58470703125,home,4
https://www.flickr.com/people/bgsulib67/,356ee35811299b3e,https://creativecommons.org/licenses/by/2.0/,https://www.flickr.com/photos/bgsulib67/6937932892,https://c7.staticflickr.com/8/7261/6937932892_f02d398624_o.jpg,missing,https://c8.staticflickr.com/8/7261/6937932892_2fba48b08f_z.jpg,Chair; Furniture; Table,,0.1763671740625,home,4
https://www.flickr.com/people/karpidis/,42c05e6f790f4ef6,https://creativecommons.org/licenses/by/2.0/,https://www.flickr.com/photos/karpidis/884987473,https://farm7.staticflickr.com/1190/884987473_df0e7b399a_o.jpg,ok,https://c1.staticflickr.com/2/1190/884987473_b74b4ab914_z.jpg,Chair; Furniture; Table,data/raw/openimages/candidates/openimages-42c05e6f790f4ef6.jpg,0.07708332793750002,home,4
https://www.flickr.com/people/extra_chrisb/,4a8a66861e06950b,https://creativecommons.org/licenses/by/2.0/,https://www.flickr.com/photos/extra_chrisb/6261457653,https://c4.staticflickr.com/7/6154/6261457653_9b26b14b71_o.jpg,ok,https://c6.staticflickr.com/7/6154/6261457653_b342bbeb30_z.jpg,Chair; Furniture; Table,data/raw/openimages/candidates/openimages-4a8a66861e06950b.jpg,0.12894205431250003,home,4
https://www.flickr.com/people/agecombahia/,63e2c41f873864a3,https://creativecommons.org/licenses/by/2.0/,https://www.flickr.com/photos/agecombahia/5161333241,https://farm4.staticflickr.com/4124/5161333241_2b32901091_o.jpg,ok,https://c4.staticflickr.com/5/4124/5161333241_2483be67d0_z.jpg,Couch,data/raw/openimages/candidates/openimages-63e2c41f873864a3.jpg,0.16640235103218717,home,4
https://www.flickr.com/people/theraycenter/,78f2c3f1b0899c09,https://creativecommons.org/licenses/by/2.0/,https://www.flickr.com/photos/theraycenter/8141824718,https://c2.staticflickr.com/9/8191/8141824718_7dc572a92e_o.jpg,missing,https://c7.staticflickr.com/9/8191/8141824718_7e36bfcbc3_z.jpg,Chair; Furniture; Table,,0.5760156123750001,home,4
https://www.flickr.com/people/carlos-pacheco/,7a87225ae9d63bcd,https://creativecommons.org/licenses/by/2.0/,https://www.flickr.com/photos/carlos-pacheco/11677133105,https://c6.staticflickr.com/3/2831/11677133105_6b12f2136f_o.jpg,ok,https://c4.staticflickr.com/3/2831/11677133105_bf7fe37cc2_z.jpg,Chair; Furniture; Table,data/raw/openimages/candidates/openimages-7a87225ae9d63bcd.jpg,0.09305542404173703,home,4
https://www.flickr.com/people/chrstphre/,83c8fff6303c468a,https://creativecommons.org/licenses/by/2.0/,https://www.flickr.com/photos/chrstphre/3073299169,https://c3.staticflickr.com/4/3166/3073299169_630461aedf_o.jpg,ok,https://c4.staticflickr.com/4/3166/3073299169_74226a4047_z.jpg,Chair; Furniture; Table,data/raw/openimages/candidates/openimages-83c8fff6303c468a.jpg,0.14366196407277,home,4
https://www.flickr.com/people/rosscrawford1/,88a915f7cabb3977,https://creativecommons.org/licenses/by/2.0/,https://www.flickr.com/photos/rosscrawford1/3163374670,https://farm8.staticflickr.com/3093/3163374670_92e4628306_o.jpg,ok,https://c8.staticflickr.com/4/3093/3163374670_0a3f3b39bf_z.jpg,Couch,data/raw/openimages/candidates/openimages-88a915f7cabb3977.jpg,0.060184823842900005,home,4
https://www.flickr.com/people/carriekaufmann/,8dd2a9039f4e85b1,https://creativecommons.org/licenses/by/2.0/,https://www.flickr.com/photos/carriekaufmann/16395698389,https://farm2.staticflickr.com/7294/16395698389_62d16d2a1c_o.jpg,ok,https://c3.staticflickr.com/8/7294/16395698389_bacedeecb7_z.jpg,Chair; Furniture; Table,data/raw/openimages/candidates/openimages-8dd2a9039f4e85b1.jpg,0.42128603000000003,home,4
https://www.flickr.com/people/usarmyafrica/,8de803c15dc6dc7d,https://creativecommons.org/licenses/by/2.0/,https://www.flickr.com/photos/usarmyafrica/4077598908,https://c6.staticflickr.com/3/2604/4077598908_8586d77db2_o.jpg,ok,https://c3.staticflickr.com/3/2604/4077598908_234b91c5d6_z.jpg,Chair; Furniture; Table,data/raw/openimages/candidates/openimages-8de803c15dc6dc7d.jpg,0.10920001369547341,home,4
https://www.flickr.com/people/macinate/,973411d193107c9c,https://creativecommons.org/licenses/by/2.0/,https://www.flickr.com/photos/macinate/2061049887,https://c5.staticflickr.com/3/2338/2061049887_215ce91d4a_o.jpg,missing,https://c5.staticflickr.com/3/2338/2061049887_45a68a797c_z.jpg,Chair; Furniture; Table,,0.061638230069400585,home,4
https://www.flickr.com/people/jimmy_macdonald/,a17259b464419495,https://creativecommons.org/licenses/by/2.0/,https://www.flickr.com/photos/jimmy_macdonald/20731852075,https://farm6.staticflickr.com/622/20731852075_987dbbee49_o.jpg,ok,https://c7.staticflickr.com/1/622/20731852075_9608dbdb41_z.jpg,Chair; Coffee table,data/raw/openimages/candidates/openimages-a17259b464419495.jpg,0.053401692265625,home,4
https://www.flickr.com/people/marcogomes/,a47cd83076dc497e,https://creativecommons.org/licenses/by/2.0/,https://www.flickr.com/photos/marcogomes/3358203645,https://c7.staticflickr.com/4/3425/3358203645_2c30c651af_o.jpg,ok,https://c3.staticflickr.com/4/3425/3358203645_5c76c2bc64_z.jpg,Chair; Furniture; Table,data/raw/openimages/candidates/openimages-a47cd83076dc497e.jpg,0.5562168712422,home,4
https://www.flickr.com/people/44462117@N03/,adc62b8d5661eaaf,https://creativecommons.org/licenses/by/2.0/,https://www.flickr.com/photos/44462117@N03/16354950034,https://c8.staticflickr.com/8/7285/16354950034_ccef2ed6ff_o.jpg,missing,https://c6.staticflickr.com/8/7285/16354950034_27c4559f26_z.jpg,Chair; Furniture; Table,,0.034687494,home,4
https://www.flickr.com/people/katielips/,d8af5e9c82380fe5,https://creativecommons.org/licenses/by/2.0/,https://www.flickr.com/photos/katielips/2810300279,https://farm6.staticflickr.com/3177/2810300279_15bc226b35_o.jpg,missing,https://c8.staticflickr.com/4/3177/2810300279_e091b6e249_z.jpg,Chair; Furniture; Table,,0.09612304846874999,home,4
https://www.flickr.com/people/a_little_brighter/,dabd65b40c5f53fc,https://creativecommons.org/licenses/by/2.0/,https://www.flickr.com/photos/a_little_brighter/15159178600,https://c5.staticflickr.com/3/2942/15159178600_1afd0fc627_o.jpg,ok,https://c7.staticflickr.com/3/2942/15159178600_b60b6fd80c_z.jpg,Chair; Furniture; Table,data/raw/openimages/candidates/openimages-dabd65b40c5f53fc.jpg,0.519157737709296,home,4
https://www.flickr.com/people/collegelibrary/,ddd78d7007d17a75,https://creativecommons.org/licenses/by/2.0/,https://www.flickr.com/photos/collegelibrary/8595433397,https://farm6.staticflickr.com/8091/8595433397_e0cc4e1e30_o.jpg,ok,https://c3.staticflickr.com/9/8091/8595433397_ffef0825a0_z.jpg,Chair; Furniture; Table,data/raw/openimages/candidates/openimages-ddd78d7007d17a75.jpg,0.20618552963937234,home,4
https://www.flickr.com/people/3-bs/,e216dd92c7f1e961,https://creativecommons.org/licenses/by/2.0/,https://www.flickr.com/photos/3-bs/15388287024,https://farm2.staticflickr.com/7476/15388287024_9b7dcdcfb7_o.jpg,ok,https://c1.staticflickr.com/8/7476/15388287024_acdfab3a12_z.jpg,Chair; Furniture; Table,data/raw/openimages/candidates/openimages-e216dd92c7f1e961.jpg,0.33923304418879036,home,4
https://www.flickr.com/people/notnil/,e57187eb90af91f7,https://creativecommons.org/licenses/by/2.0/,https://www.flickr.com/photos/notnil/15682147725,https://farm8.staticflickr.com/7469/15682147725_d892b99e98_o.jpg,ok,https://c4.staticflickr.com/8/7469/15682147725_64e61ea23d_z.jpg,Couch,data/raw/openimages/candidates/openimages-e57187eb90af91f7.jpg,0.32853179013098194,home,4
https://www.flickr.com/people/scottfeldstein/,e78393874387b718,https://creativecommons.org/licenses/by/2.0/,https://www.flickr.com/photos/scottfeldstein/83154753,https://c1.staticflickr.com/1/39/83154753_e69944e649_o.jpg,missing,https://c8.staticflickr.com/1/39/83154753_e69944e649_z.jpg,Chair; Furniture; Table,,0.032524695465417613,home,4
https://www.flickr.com/people/kingtyrone/,ebd0c7e8a9463425,https://creativecommons.org/licenses/by/2.0/,https://www.flickr.com/photos/kingtyrone/2095056744,https://farm6.staticflickr.com/2386/2095056744_36b7c634fb_o.jpg,missing,https://c6.staticflickr.com/3/2386/2095056744_4e08baae06_z.jpg?zz=1,Chair; Furniture; Table,,0.1678841834525656,home,4
https://www.flickr.com/people/kswest/,efe5bbfceff71088,https://creativecommons.org/licenses/by/2.0/,https://www.flickr.com/photos/kswest/421141511,https://c1.staticflickr.com/1/156/421141511_a38f531fcf_o.jpg,ok,https://c5.staticflickr.com/1/156/421141511_25ca1a03e7_z.jpg,Bed,data/raw/openimages/candidates/openimages-efe5bbfceff71088.jpg,0.234567055734375,home,4
https://www.flickr.com/people/cenatic/,f515f74f27c71d34,https://creativecommons.org/licenses/by/2.0/,https://www.flickr.com/photos/cenatic/3438774088,https://farm5.staticflickr.com/3412/3438774088_1ac2eefdc1_o.jpg,ok,https://c3.staticflickr.com/4/3412/3438774088_86b2916c50_z.jpg?zz=1,Chair; Furniture; Table,data/raw/openimages/candidates/openimages-f515f74f27c71d34.jpg,0.52083334,home,4
https://www.flickr.com/people/121275201@N02/,fd9ddaaed288ee16,https://creativecommons.org/licenses/by/2.0/,https://www.flickr.com/photos/121275201@N02/14829073542,https://farm7.staticflickr.com/5587/14829073542_168f948835_o.jpg,missing,https://c2.staticflickr.com/6/5587/14829073542_6923055557_z.jpg,Couch,,0.060468755375,home,4
https://www.flickr.com/people/vladimirteran/,01dc49e587b180a4,https://creativecommons.org/licenses/by/2.0/,https://www.flickr.com/photos/vladimirteran/8175286164,https://farm5.staticflickr.com/8063/8175286164_60408ec5aa_o.jpg,ok,https://c7.staticflickr.com/9/8063/8175286164_4439ffc5c0_z.jpg,Furniture; Table,data/raw/openimages/candidates/openimages-01dc49e587b180a4.jpg,0.69583333,home,3
https://www.flickr.com/people/civicus/,01f26ca52e27a8d9,https://creativecommons.org/licenses/by/2.0/,https://www.flickr.com/photos/civicus/14270965637,https://c2.staticflickr.com/4/3918/14270965637_d60194a52d_o.jpg,ok,https://c2.staticflickr.com/4/3918/14270965637_d60194a52d_o.jpg,Furniture; Table,data/raw/openimages/candidates/openimages-01f26ca52e27a8d9.jpg,0.183274877640306,home,3
https://www.flickr.com/people/derbeth/,05a149770e1013f1,https://creativecommons.org/licenses/by/2.0/,https://www.flickr.com/photos/derbeth/5069179060,https://farm2.staticflickr.com/4090/5069179060_01fdd85cf3_o.jpg,ok,https://c8.staticflickr.com/5/4090/5069179060_ed8468e834_z.jpg,Furniture; Table,data/raw/openimages/candidates/openimages-05a149770e1013f1.jpg,0.09298921215351999,home,3
https://www.flickr.com/people/gmarziou/,06845739ca91dd3e,https://creativecommons.org/licenses/by/2.0/,https://www.flickr.com/photos/gmarziou/65581701,https://c7.staticflickr.com/1/26/65581701_33b1ddcf14_o.jpg,ok,https://c7.staticflickr.com/1/26/65581701_33b1ddcf14_z.jpg,Furniture; Table,data/raw/openimages/candidates/openimages-06845739ca91dd3e.jpg,0.3025491828332301,home,3
https://www.flickr.com/people/johovac/,09e094375efab7fe,https://creativecommons.org/licenses/by/2.0/,https://www.flickr.com/photos/johovac/2756964116,https://c7.staticflickr.com/4/3245/2756964116_63b981995c_o.jpg,ok,https://c8.staticflickr.com/4/3245/2756964116_d3d43d6be9_z.jpg,Chair; Furniture,data/raw/openimages/candidates/openimages-09e094375efab7fe.jpg,0.34796875000000005,home,3
https://www.flickr.com/people/gmarziou/,0f0297c3c92c39c1,https://creativecommons.org/licenses/by/2.0/,https://www.flickr.com/photos/gmarziou/15475662318,https://farm2.staticflickr.com/7567/15475662318_e6d50d504e_o.jpg,ok,https://c4.staticflickr.com/8/7567/15475662318_451a623f36_z.jpg,Furniture; Table,data/raw/openimages/candidates/openimages-0f0297c3c92c39c1.jpg,0.0522619912410264,home,3
https://www.flickr.com/people/130800505@N02/,12afe1d19dabcba1,https://creativecommons.org/licenses/by/2.0/,https://www.flickr.com/photos/130800505@N02/17780785240,https://farm2.staticflickr.com/8790/17780785240_3d62bb31fd_o.jpg,missing,https://c7.staticflickr.com/9/8790/17780785240_03230d9789_z.jpg,Furniture; Table,,0.645989307110995,home,3
https://www.flickr.com/people/donabelandewen/,141d8961e111ead7,https://creativecommons.org/licenses/by/2.0/,https://www.flickr.com/photos/donabelandewen/62858237,https://farm8.staticflickr.com/26/62858237_d85929a349_o.jpg,ok,https://c3.staticflickr.com/1/26/62858237_d85929a349_z.jpg?zz=1,Furniture; Table,data/raw/openimages/candidates/openimages-141d8961e111ead7.jpg,1.0,home,3
https://www.flickr.com/people/juhansonin/,146316cdeb2aef2a,https://creativecommons.org/licenses/by/2.0/,https://www.flickr.com/photos/juhansonin/7994369759,https://c3.staticflickr.com/9/8452/7994369759_0a63aeefbb_o.jpg,ok,https://c2.staticflickr.com/9/8452/7994369759_48a8bc69fc_z.jpg,Chair; Furniture,data/raw/openimages/candidates/openimages-146316cdeb2aef2a.jpg,0.96017699,home,3
https://www.flickr.com/people/61567423@N02/,15272ba02184a37c,https://creativecommons.org/licenses/by/2.0/,https://www.flickr.com/photos/61567423@N02/6437365405,https://c5.staticflickr.com/8/7007/6437365405_09288d8fbb_o.jpg,ok,https://c7.staticflickr.com/8/7007/6437365405_58cd833844_z.jpg,Chair; Furniture,data/raw/openimages/candidates/openimages-15272ba02184a37c.jpg,0.76200418,home,3
https://www.flickr.com/people/marianne_oleary/,1d823ca1486d2cca,https://creativecommons.org/licenses/by/2.0/,https://www.flickr.com/photos/marianne_oleary/5626204574,https://c3.staticflickr.com/6/5268/5626204574_1a4ca1fa04_o.jpg,ok,https://c7.staticflickr.com/6/5268/5626204574_0e4263f539_z.jpg,Furniture; Table,data/raw/openimages/candidates/openimages-1d823ca1486d2cca.jpg,0.377812487,home,3
https://www.flickr.com/people/ssblan/,1ea0b813513a3a40,https://creativecommons.org/licenses/by/2.0/,https://www.flickr.com/photos/ssblan/5488321263,https://farm1.staticflickr.com/5017/5488321263_f561c9f5bc_o.jpg,ok,https://c6.staticflickr.com/6/5017/5488321263_73f9d8eafb_z.jpg,Furniture; Table,data/raw/openimages/candidates/openimages-1ea0b813513a3a40.jpg,0.03919271125000001,home,3
https://www.flickr.com/people/gmarziou/,1eecb0f1e2b07d33,https://creativecommons.org/licenses/by/2.0/,https://www.flickr.com/photos/gmarziou/14138143166,https://farm4.staticflickr.com/7372/14138143166_98a3ee3d11_o.jpg,ok,https://c7.staticflickr.com/8/7372/14138143166_1d1d9442cf_z.jpg,Furniture; Table,data/raw/openimages/candidates/openimages-1eecb0f1e2b07d33.jpg,0.89380531,home,3
https://www.flickr.com/people/dan4th/,208fcde7b90bcbf8,https://creativecommons.org/licenses/by/2.0/,https://www.flickr.com/photos/dan4th/2322924860,https://c1.staticflickr.com/3/2075/2322924860_623cc184a3_o.jpg,ok,https://c7.staticflickr.com/3/2075/2322924860_78080eeede_z.jpg,Chair; Furniture,data/raw/openimages/candidates/openimages-208fcde7b90bcbf8.jpg,0.06509765728125001,home,3
https://www.flickr.com/people/rachel-amarette/,214a4b9be6fdd6c2,https://creativecommons.org/licenses/by/2.0/,https://www.flickr.com/photos/rachel-amarette/522494655,https://farm3.staticflickr.com/222/522494655_1e0e61ae1a_o.jpg,ok,https://c7.staticflickr.com/1/222/522494655_4e8950f7ce_z.jpg,Furniture; Table,data/raw/openimages/candidates/openimages-214a4b9be6fdd6c2.jpg,0.0358431005625,home,3
https://www.flickr.com/people/webgoddess/,219d48e224ce7575,https://creativecommons.org/licenses/by/2.0/,https://www.flickr.com/photos/webgoddess/3684811277,https://farm6.staticflickr.com/2457/3684811277_59bb3a3421_o.jpg,ok,https://c5.staticflickr.com/3/2457/3684811277_b4729c6261_z.jpg,Chair; Furniture,data/raw/openimages/candidates/openimages-219d48e224ce7575.jpg,0.390285759078125,home,3
https://www.flickr.com/people/44603071@N00/,22a5848e375335e3,https://creativecommons.org/licenses/by/2.0/,https://www.flickr.com/photos/44603071@N00/18452413579,https://farm4.staticflickr.com/8888/18452413579_85f66b8792_o.jpg,ok,https://c5.staticflickr.com/9/8888/18452413579_233b13109e_z.jpg,Chair; Furniture,data/raw/openimages/candidates/openimages-22a5848e375335e3.jpg,0.20687094412464638,home,3
https://www.flickr.com/people/affsum/,2a246355ed783ff0,https://creativecommons.org/licenses/by/2.0/,https://www.flickr.com/photos/affsum/4321471098,https://farm1.staticflickr.com/2691/4321471098_656fcbfe3e_o.jpg,ok,https://c5.staticflickr.com/3/2691/4321471098_51a87297c0_z.jpg,Furniture; Table,data/raw/openimages/candidates/openimages-2a246355ed783ff0.jpg,1.0,home,3
https://www.flickr.com/people/schmilblick/,2cf5ac5fe43b235c,https://creativecommons.org/licenses/by/2.0/,https://www.flickr.com/photos/schmilblick/959895126,https://c5.staticflickr.com/2/1262/959895126_ea973dfbcc_o.jpg,ok,https://c7.staticflickr.com/2/1262/959895126_594ac29b13_z.jpg,Furniture; Table,data/raw/openimages/candidates/openimages-2cf5ac5fe43b235c.jpg,0.2027343740625,home,3
https://www.flickr.com/people/afightingfaith/,308036688883a605,https://creativecommons.org/licenses/by/2.0/,https://www.flickr.com/photos/afightingfaith/358025023,https://farm6.staticflickr.com/158/358025023_01afad9d5e_o.jpg,ok,https://c6.staticflickr.com/1/158/358025023_01afad9d5e_z.jpg?zz=1,Furniture; Table,data/raw/openimages/candidates/openimages-308036688883a605.jpg,0.10641059456990998,home,3
https://www.flickr.com/people/luigimengato/,384c40047ff7c36f,https://creativecommons.org/licenses/by/2.0/,https://www.flickr.com/photos/luigimengato/4987649510,https://c8.staticflickr.com/5/4129/4987649510_55decb0cae_o.jpg,missing,https://c6.staticflickr.com/5/4129/4987649510_6892e8698d_z.jpg,Furniture; Table,,0.17759808326728801,home,3
https://www.flickr.com/people/gmarziou/,3a30bba9227d2d2b,https://creativecommons.org/licenses/by/2.0/,https://www.flickr.com/photos/gmarziou/47244017,https://c4.staticflickr.com/1/33/47244017_d7c2226bd9_o.jpg,ok,https://c1.staticflickr.com/1/33/47244017_d7c2226bd9_z.jpg,Furniture; Table,data/raw/openimages/candidates/openimages-3a30bba9227d2d2b.jpg,0.1682786393304096,home,3
https://www.flickr.com/people/gmarziou/,4043197c1365a336,https://creativecommons.org/licenses/by/2.0/,https://www.flickr.com/photos/gmarziou/297955373,https://farm7.staticflickr.com/120/297955373_1260488cde_o.jpg,ok,https://c3.staticflickr.com/1/120/297955373_1260488cde_z.jpg,Furniture; Table,data/raw/openimages/candidates/openimages-4043197c1365a336.jpg,0.9103199140223196,home,3
https://www.flickr.com/people/jdickert/,4227bf79c7da30af,https://creativecommons.org/licenses/by/2.0/,https://www.flickr.com/photos/jdickert/6347727087,https://c8.staticflickr.com/7/6092/6347727087_7c01009d06_o.jpg,missing,https://c8.staticflickr.com/7/6092/6347727087_7bf2ffabf6_z.jpg,Furniture; Table,,0.031572533825670004,home,3
https://www.flickr.com/people/tedxmonterey/,46ce1945896c6bed,https://creativecommons.org/licenses/by/2.0/,https://www.flickr.com/photos/tedxmonterey/4626946683/,https://c6.staticflickr.com/5/4022/4626946683_fe5ec6d112_o.jpg,ok,https://c7.staticflickr.com/5/4022/4626946683_5cb438b35d_z.jpg,Furniture; Table,data/raw/openimages/candidates/openimages-46ce1945896c6bed.jpg,0.3140517525250887,home,3
https://www.flickr.com/people/kostas-limitsios/,4737906639f16aef,https://creativecommons.org/licenses/by/2.0/,https://www.flickr.com/photos/kostas-limitsios/19285773440,https://c8.staticflickr.com/1/391/19285773440_d22cf0c5ab_o.jpg,ok,https://c2.staticflickr.com/1/391/19285773440_4f480c921d_z.jpg,Furniture; Table,data/raw/openimages/candidates/openimages-4737906639f16aef.jpg,0.11078459860417264,home,3
https://www.flickr.com/people/chessmagic/,49cc9e3699b6a53e,https://creativecommons.org/licenses/by/2.0/,https://www.flickr.com/photos/chessmagic/7198586102,https://c7.staticflickr.com/8/7222/7198586102_e23c01a8c0_o.jpg,ok,https://c6.staticflickr.com/8/7222/7198586102_e00811827e_z.jpg,Furniture; Table,data/raw/openimages/candidates/openimages-49cc9e3699b6a53e.jpg,0.9984375,home,3
https://www.flickr.com/people/qubodup/,49de80db0373b890,https://creativecommons.org/licenses/by/2.0/,https://www.flickr.com/photos/qubodup/9419687542,https://farm1.staticflickr.com/3760/9419687542_1ea4112c4d_o.jpg,ok,https://c8.staticflickr.com/4/3760/9419687542_8a5b5c64f4_z.jpg,Coffee table,data/raw/openimages/candidates/openimages-49de80db0373b890.jpg,0.1676820876340486,home,3
https://www.flickr.com/people/nikunoki/,4e24222b68123ef3,https://creativecommons.org/licenses/by/2.0/,https://www.flickr.com/photos/nikunoki/8034306523,https://farm4.staticflickr.com/8310/8034306523_a0358da43f_o.jpg,ok,https://c4.staticflickr.com/9/8310/8034306523_f6fd8fe6a4_z.jpg,Chair; Furniture,data/raw/openimages/candidates/openimages-4e24222b68123ef3.jpg,0.058652345812499986,home,3
https://www.flickr.com/people/snotch/,51d93439435b2c0f,https://creativecommons.org/licenses/by/2.0/,https://www.flickr.com/photos/snotch/5213303218,https://c8.staticflickr.com/6/5041/5213303218_2b57bcaf0a_o.jpg,ok,https://c3.staticflickr.com/6/5041/5213303218_ae9e659937_z.jpg,Furniture; Table,data/raw/openimages/candidates/openimages-51d93439435b2c0f.jpg,0.15611978031250004,home,3
https://www.flickr.com/people/debgalant/,5546478c4bce290e,https://creativecommons.org/licenses/by/2.0/,https://www.flickr.com/photos/debgalant/3083433383,https://c7.staticflickr.com/4/3208/3083433383_51faa77e63_o.jpg,ok,https://c8.staticflickr.com/4/3208/3083433383_319b721ef9_z.jpg,Chair; Furniture,data/raw/openimages/candidates/openimages-5546478c4bce290e.jpg,0.256640625,home,3
https://www.flickr.com/people/munimiraflores/,55f167e55cd2019c,https://creativecommons.org/licenses/by/2.0/,https://www.flickr.com/photos/munimiraflores/15236330259,https://c5.staticflickr.com/6/5600/15236330259_a5a2ef6526_o.jpg,ok,https://c7.staticflickr.com/6/5600/15236330259_95168a8ba2_z.jpg,Furniture; Table,data/raw/openimages/candidates/openimages-55f167e55cd2019c.jpg,0.93952805,home,3
https://www.flickr.com/people/phase2technology/,59f89863852379cf,https://creativecommons.org/licenses/by/2.0/,https://www.flickr.com/photos/phase2technology/9300557987,https://c8.staticflickr.com/4/3693/9300557987_e1891d0736_o.jpg,ok,https://c3.staticflickr.com/4/3693/9300557987_e8605cd4b0_z.jpg,Chair; Furniture,data/raw/openimages/candidates/openimages-59f89863852379cf.jpg,0.8042480480062499,home,3
https://www.flickr.com/people/socialtradersau/,5ddad4c882eed25b,https://creativecommons.org/licenses/by/2.0/,https://www.flickr.com/photos/socialtradersau/7306544796,https://c4.staticflickr.com/8/7235/7306544796_9cda38efb8_o.jpg,missing,https://c2.staticflickr.com/8/7235/7306544796_f9761f9425_z.jpg,Furniture; Table,,0.5978408538773945,home,3
https://www.flickr.com/people/jonstefansson/,65457227a827ae66,https://creativecommons.org/licenses/by/2.0/,https://www.flickr.com/photos/jonstefansson/2925079044,https://farm7.staticflickr.com/3196/2925079044_909c02a144_o.jpg,ok,https://c1.staticflickr.com/4/3196/2925079044_cc0be23e9f_z.jpg?zz=1,Furniture; Table,data/raw/openimages/candidates/openimages-65457227a827ae66.jpg,0.37385416868749993,home,3
https://www.flickr.com/people/budiwins/,6ab8450d1a44fc25,https://creativecommons.org/licenses/by/2.0/,https://www.flickr.com/photos/budiwins/13838022283,https://farm6.staticflickr.com/7278/13838022283_31d9312f05_o.jpg,missing,https://c8.staticflickr.com/8/7278/13838022283_7d85ba4627_z.jpg,Chair; Furniture,,0.12559065919192444,home,3
https://www.flickr.com/people/mejiaperalta/,6f4911049dd3b61d,https://creativecommons.org/licenses/by/2.0/,https://www.flickr.com/photos/mejiaperalta/2371842708,https://c6.staticflickr.com/4/3264/2371842708_33615587f3_o.jpg,ok,https://c4.staticflickr.com/4/3264/2371842708_1d8a9d295c_z.jpg?zz=1,Chair; Furniture,data/raw/openimages/candidates/openimages-6f4911049dd3b61d.jpg,0.25574632942608405,home,3
https://www.flickr.com/people/usembsweden/,709340946095cf0d,https://creativecommons.org/licenses/by/2.0/,https://www.flickr.com/photos/usembsweden/6350081786,https://c6.staticflickr.com/7/6234/6350081786_ef5e429a22_o.jpg,ok,https://c4.staticflickr.com/7/6234/6350081786_4466ff39da_z.jpg,Furniture; Table,data/raw/openimages/candidates/openimages-709340946095cf0d.jpg,0.10613931578125003,home,3
https://www.flickr.com/people/joelmueller/,72f296d97e04673c,https://creativecommons.org/licenses/by/2.0/,https://www.flickr.com/photos/joelmueller/15772984411,https://c5.staticflickr.com/8/7469/15772984411_044321b87c_o.jpg,missing,https://c5.staticflickr.com/8/7469/15772984411_a20e50155b_z.jpg,Furniture; Table,,0.6923016662338475,home,3
https://www.flickr.com/people/runneralan/,731173d27e06b210,https://creativecommons.org/licenses/by/2.0/,https://www.flickr.com/photos/runneralan/1795441870,https://farm1.staticflickr.com/2334/1795441870_39d27614e6_o.jpg,ok,https://c2.staticflickr.com/3/2334/1795441870_d57e4c12c6_z.jpg,Furniture; Table,data/raw/openimages/candidates/openimages-731173d27e06b210.jpg,0.307541691804892,home,3
https://www.flickr.com/people/phsachinidis/,73920e25dba8f27a,https://creativecommons.org/licenses/by/2.0/,https://www.flickr.com/photos/phsachinidis/4295971482,https://c3.staticflickr.com/3/2735/4295971482_3062f833ed_o.jpg,ok,https://c2.staticflickr.com/3/2735/4295971482_e1024fdc3c_z.jpg,Furniture; Table,data/raw/openimages/candidates/openimages-73920e25dba8f27a.jpg,0.15160414876184478,home,3
https://www.flickr.com/people/cote/,796bd28e09de2124,https://creativecommons.org/licenses/by/2.0/,https://www.flickr.com/photos/cote/60644414,https://farm5.staticflickr.com/24/60644414_a83de3f105_o.jpg,missing,https://c7.staticflickr.com/1/24/60644414_a83de3f105_z.jpg,Chair; Furniture,,0.064521415125784,home,3
https://www.flickr.com/people/vinofamily/,7ab810236c12cb51,https://creativecommons.org/licenses/by/2.0/,https://www.flickr.com/photos/vinofamily/4095412264,https://farm2.staticflickr.com/2540/4095412264_09f3f6ed15_o.jpg,ok,https://farm2.staticflickr.com/2540/4095412264_09f3f6ed15_o.jpg,Chair; Furniture,data/raw/openimages/candidates/openimages-7ab810236c12cb51.jpg,0.3482908344,home,3
https://www.flickr.com/people/8143727@N07/,7c8a5253847619a5,https://creativecommons.org/licenses/by/2.0/,https://www.flickr.com/photos/8143727@N07/6146156182,https://farm6.staticflickr.com/6074/6146156182_557b211b56_o.jpg,missing,https://c6.staticflickr.com/7/6074/6146156182_6243086136_z.jpg,Furniture; Table,,0.43389932676634035,home,3
https://www.flickr.com/people/10746069@N08/,81f80e77fff587c4,https://creativecommons.org/licenses/by/2.0/,https://www.flickr.com/photos/10746069@N08/1314178556,https://farm5.staticflickr.com/1172/1314178556_feba51de35_o.jpg,ok,https://c3.staticflickr.com/2/1172/1314178556_b44c4e0024_z.jpg,Chair; Furniture,data/raw/openimages/candidates/openimages-81f80e77fff587c4.jpg,0.35833331999999996,home,3
https://www.flickr.com/people/unb_agencia/,845d5f7321da00b9,https://creativecommons.org/licenses/by/2.0/,https://www.flickr.com/photos/unb_agencia/14803329582,https://c2.staticflickr.com/6/5564/14803329582_c0b461ae19_o.jpg,missing,https://c2.staticflickr.com/6/5564/14803329582_65a74db4e0_z.jpg,Furniture; Table,,0.880530976,home,3
https://www.flickr.com/people/sixteenmilesofstring/,86964f4fbe40ae5a,https://creativecommons.org/licenses/by/2.0/,https://www.flickr.com/photos/sixteenmilesofstring/203994634,https://c3.staticflickr.com/1/76/203994634_ea9d717cb1_o.jpg,missing,https://c4.staticflickr.com/1/76/203994634_ea9d717cb1_z.jpg,Furniture; Table,,0.04697266031250001,home,3
https://www.flickr.com/people/gpoo/,8710d5703cfae334,https://creativecommons.org/licenses/by/2.0/,https://www.flickr.com/photos/gpoo/1907214193,https://farm5.staticflickr.com/2197/1907214193_8da4e63a63_o.jpg,ok,https://c8.staticflickr.com/3/2197/1907214193_4f52600d10_z.jpg,Furniture; Table,data/raw/openimages/candidates/openimages-8710d5703cfae334.jpg,0.92477875,home,3
https://www.flickr.com/people/shuichi/,87e5e47fef6de6d4,https://creativecommons.org/licenses/by/2.0/,https://www.flickr.com/photos/shuichi/3183509325,https://farm5.staticflickr.com/3309/3183509325_c12af8166a_o.jpg,ok,https://c1.staticflickr.com/4/3309/3183509325_22c3f5aa2b_z.jpg,Furniture; Table,data/raw/openimages/candidates/openimages-87e5e47fef6de6d4.jpg,0.88716817,home,3
https://www.flickr.com/people/lauren_michell/,9122c61ab2de2ef5,https://creativecommons.org/licenses/by/2.0/,https://www.flickr.com/photos/lauren_michell/14654784468,https://farm6.staticflickr.com/5564/14654784468_065c6e1ef6_o.jpg,ok,https://c5.staticflickr.com/6/5564/14654784468_abe31ffb27_z.jpg,Furniture; Table,data/raw/openimages/candidates/openimages-9122c61ab2de2ef5.jpg,0.5875,home,3
https://www.flickr.com/people/cmrf_crumlin/,9a6fce7a0afd27b5,https://creativecommons.org/licenses/by/2.0/,https://www.flickr.com/photos/cmrf_crumlin/4838029136,https://farm6.staticflickr.com/4089/4838029136_8f55f4b0bc_o.jpg,ok,https://c2.staticflickr.com/5/4089/4838029136_785092918e_z.jpg,Chair; Furniture,data/raw/openimages/candidates/openimages-9a6fce7a0afd27b5.jpg,0.17004071862910175,home,3
https://www.flickr.com/people/vaillantett/,9eeefa5adc2d035d,https://creativecommons.org/licenses/by/2.0/,https://www.flickr.com/photos/vaillantett/5178483483,https://c6.staticflickr.com/2/1271/5178483483_73e25cfabc_o.jpg,ok,https://c7.staticflickr.com/2/1271/5178483483_9bf3f62434_z.jpg,Furniture; Table,data/raw/openimages/candidates/openimages-9eeefa5adc2d035d.jpg,0.141399178147447,home,3
https://www.flickr.com/people/dharrels/,a19f32649e5922bf,https://creativecommons.org/licenses/by/2.0/,https://www.flickr.com/photos/dharrels/1120211784,https://c8.staticflickr.com/2/1394/1120211784_2d46b44c47_o.jpg,ok,https://c5.staticflickr.com/2/1394/1120211784_d184a2e8a4_z.jpg,Furniture; Table,data/raw/openimages/candidates/openimages-a19f32649e5922bf.jpg,0.07588039599577039,home,3
https://www.flickr.com/people/daskerst/,a51fc84ad9e6f883,https://creativecommons.org/licenses/by/2.0/,https://www.flickr.com/photos/daskerst/2327958072,https://farm4.staticflickr.com/2260/2327958072_b2db258b55_o.jpg,ok,https://c3.staticflickr.com/3/2260/2327958072_cae1b7ac1a_z.jpg?zz=1,Chair; Furniture,data/raw/openimages/candidates/openimages-a51fc84ad9e6f883.jpg,0.08992922532687318,home,3
https://www.flickr.com/people/autovivacom/,a98ff270b240beab,https://creativecommons.org/licenses/by/2.0/,https://www.flickr.com/photos/autovivacom/5488846792,https://c4.staticflickr.com/6/5218/5488846792_9efbe98ec7_o.jpg,ok,https://c5.staticflickr.com/6/5218/5488846792_9ae00cd7f5_z.jpg,Furniture; Table,data/raw/openimages/candidates/openimages-a98ff270b240beab.jpg,1.0,home,3
https://www.flickr.com/people/demcanulty/,ac3f4e50732de3f9,https://creativecommons.org/licenses/by/2.0/,https://www.flickr.com/photos/demcanulty/3970502525,https://c2.staticflickr.com/3/2441/3970502525_af0f614196_o.jpg,ok,https://c7.staticflickr.com/3/2441/3970502525_1f114c0538_z.jpg,Furniture; Table,data/raw/openimages/candidates/openimages-ac3f4e50732de3f9.jpg,0.11928068438209197,home,3
https://www.flickr.com/people/42769260@N02/,ac8cd22259045ec4,https://creativecommons.org/licenses/by/2.0/,https://www.flickr.com/photos/42769260@N02/4165068409,https://farm5.staticflickr.com/2736/4165068409_84bef47fe0_o.jpg,ok,https://c7.staticflickr.com/3/2736/4165068409_9a55503bdf_z.jpg,Furniture; Table,data/raw/openimages/candidates/openimages-ac8cd22259045ec4.jpg,0.5080988459955456,home,3
https://www.flickr.com/people/chesterfieldsofa/,b068ced86b534913,https://creativecommons.org/licenses/by/2.0/,https://www.flickr.com/photos/chesterfieldsofa/3465482526,https://farm4.staticflickr.com/3539/3465482526_91dd9b8a83_o.jpg,ok,https://c3.staticflickr.com/4/3539/3465482526_fea3f00a23_z.jpg,Chair; Furniture,data/raw/openimages/candidates/openimages-b068ced86b534913.jpg,0.03867694359332399,home,3
https://www.flickr.com/people/sora_h/,b0e2711cbe672eb9,https://creativecommons.org/licenses/by/2.0/,https://www.flickr.com/photos/sora_h/12009950886,https://c2.staticflickr.com/6/5510/12009950886_a5d462a4a9_o.jpg,ok,https://c1.staticflickr.com/6/5510/12009950886_f43534951e_z.jpg,Furniture; Table,data/raw/openimages/candidates/openimages-b0e2711cbe672eb9.jpg,0.13068033584374997,home,3
https://www.flickr.com/people/tmunicipal/,b24820cb0c5e1b5c,https://creativecommons.org/licenses/by/2.0/,https://www.flickr.com/photos/tmunicipal/5011839784,https://c5.staticflickr.com/5/4090/5011839784_74b8ebac9b_o.jpg,ok,https://c8.staticflickr.com/5/4090/5011839784_dbf17123f0_z.jpg,Furniture; Table,data/raw/openimages/candidates/openimages-b24820cb0c5e1b5c.jpg,0.19870450746178003,home,3
https://www.flickr.com/people/halley/,b2742f8a1bb52661,https://creativecommons.org/licenses/by/2.0/,https://www.flickr.com/photos/halley/34583705,https://farm2.staticflickr.com/23/34583705_29d77cdcd3_o.jpg,ok,https://c1.staticflickr.com/1/23/34583705_29d77cdcd3_z.jpg,Chair; Furniture,data/raw/openimages/candidates/openimages-b2742f8a1bb52661.jpg,0.09677408628124999,home,3
https://www.flickr.com/people/jodiwomack/,b5cfa1114ce0d3b3,https://creativecommons.org/licenses/by/2.0/,https://www.flickr.com/photos/jodiwomack/8471732898,https://farm4.staticflickr.com/8096/8471732898_3c859da730_o.jpg,ok,https://c3.staticflickr.com/9/8096/8471732898_42ae065c67_z.jpg,Furniture; Table,data/raw/openimages/candidates/openimages-b5cfa1114ce0d3b3.jpg,0.26024291654057996,home,3
https://www.flickr.com/people/thed34n/,b5f3ee6f4f0aef60,https://creativecommons.org/licenses/by/2.0/,https://www.flickr.com/photos/thed34n/14187548256/,https://farm1.staticflickr.com/2939/14187548256_b2465a7980_o.jpg,ok,https://c8.staticflickr.com/3/2939/14187548256_887f649d44_z.jpg,Furniture; Table,data/raw/openimages/candidates/openimages-b5f3ee6f4f0aef60.jpg,0.06165857085678178,home,3
https://www.flickr.com/people/berkleevalenciamusictech/,b7640a870db80373,https://creativecommons.org/licenses/by/2.0/,https://www.flickr.com/photos/berkleevalenciamusictech/15726198876,https://farm4.staticflickr.com/3940/15726198876_88ee2a0ef7_o.jpg,ok,https://c3.staticflickr.com/4/3940/15726198876_0e68a3177a_z.jpg,Furniture; Table,data/raw/openimages/candidates/openimages-b7640a870db80373.jpg,0.3539823,home,3
https://www.flickr.com/people/florisje/,bc9967276173bb43,https://creativecommons.org/licenses/by/2.0/,https://www.flickr.com/photos/florisje/9877241425,https://farm4.staticflickr.com/3797/9877241425_6d3c88b26b_o.jpg,missing,https://c5.staticflickr.com/4/3797/9877241425_bfb4f3789f_z.jpg,Furniture; Table,,0.17787221500332848,home,3
https://www.flickr.com/people/7armyjmtc/,c020aa3c539efe6f,https://creativecommons.org/licenses/by/2.0/,https://www.flickr.com/photos/7armyjmtc/16184351650,https://c8.staticflickr.com/8/7428/16184351650_1b313faa2f_o.jpg,ok,https://c1.staticflickr.com/8/7428/16184351650_ff0332761d_z.jpg,Furniture; Table,data/raw/openimages/candidates/openimages-c020aa3c539efe6f.jpg,0.2633428690899835,home,3
https://www.flickr.com/people/astridge/,c28723be0070c9ff,https://creativecommons.org/licenses/by/2.0/,https://www.flickr.com/photos/astridge/5358345891,https://c8.staticflickr.com/6/5287/5358345891_78fa41fbf0_o.jpg,ok,https://c1.staticflickr.com/6/5287/5358345891_2c35008109_z.jpg,Furniture; Table,data/raw/openimages/candidates/openimages-c28723be0070c9ff.jpg,0.13981676217596997,home,3
https://www.flickr.com/people/ricardokba/,c514727f8c45b0a0,https://creativecommons.org/licenses/by/2.0/,https://www.flickr.com/photos/ricardokba/5209072729,https://farm1.staticflickr.com/1410/5209072729_59d0a53428_o.jpg,ok,https://c3.staticflickr.com/2/1410/5209072729_b5b6ff84d8_z.jpg,Furniture; Table,data/raw/openimages/candidates/openimages-c514727f8c45b0a0.jpg,0.032760419750000006,home,3
https://www.flickr.com/people/harvardethics/,c5b72b19796bd5a6,https://creativecommons.org/licenses/by/2.0/,https://www.flickr.com/photos/harvardethics/8205745547/,https://farm7.staticflickr.com/8488/8205745547_3ef004ec6f_o.jpg,missing,https://c4.staticflickr.com/9/8488/8205745547_5d8e7472ba_z.jpg,Furniture; Table,,0.05833137673101521,home,3
https://www.flickr.com/people/bonnerlibrary/,c6e12f0028a099c0,https://creativecommons.org/licenses/by/2.0/,https://www.flickr.com/photos/bonnerlibrary/4791225437,https://farm1.staticflickr.com/4116/4791225437_bd7a7294d5_o.jpg,ok,https://c4.staticflickr.com/5/4116/4791225437_8c094ca08d_z.jpg,Furniture; Table,data/raw/openimages/candidates/openimages-c6e12f0028a099c0.jpg,0.29939841505427395,home,3
https://www.flickr.com/people/infrogmation/,cc99dc2dc5a741fc,https://creativecommons.org/licenses/by/2.0/,https://www.flickr.com/photos/infrogmation/4095689070,https://c5.staticflickr.com/3/2756/4095689070_48b77f1e12_o.jpg,ok,https://c7.staticflickr.com/3/2756/4095689070_be9db28745_z.jpg?zz=1,Furniture; Table,data/raw/openimages/candidates/openimages-cc99dc2dc5a741fc.jpg,0.0572075377413397,home,3
https://www.flickr.com/people/everydaypants/,ce14b6c6ba6f206d,https://creativecommons.org/licenses/by/2.0/,https://www.flickr.com/photos/everydaypants/6162723361,https://c6.staticflickr.com/7/6165/6162723361_2993f3d70d_o.jpg,ok,https://c3.staticflickr.com/7/6165/6162723361_03a9711dd2_z.jpg,Chair; Furniture,data/raw/openimages/candidates/openimages-ce14b6c6ba6f206d.jpg,0.5425469503125,home,3
https://www.flickr.com/people/blakespot/,dcbba2e21302e0ad,https://creativecommons.org/licenses/by/2.0/,https://www.flickr.com/photos/blakespot/2423203447,https://c6.staticflickr.com/4/3209/2423203447_558c495b2b_o.jpg,ok,https://c3.staticflickr.com/4/3209/2423203447_eb019968d5_z.jpg,Chair; Furniture,data/raw/openimages/candidates/openimages-dcbba2e21302e0ad.jpg,0.046445312499999974,home,3
https://www.flickr.com/people/sfchefs/,df0179678dcd6762,https://creativecommons.org/licenses/by/2.0/,https://www.flickr.com/photos/sfchefs/3820016531,https://farm3.staticflickr.com/3455/3820016531_c2dd2e62d9_o.jpg,ok,https://c8.staticflickr.com/4/3455/3820016531_6a0d7838c6_z.jpg,Furniture; Table,data/raw/openimages/candidates/openimages-df0179678dcd6762.jpg,0.10956044866184948,home,3
https://www.flickr.com/people/departmentofed/,e786d714873d23cd,https://creativecommons.org/licenses/by/2.0/,https://www.flickr.com/photos/departmentofed/9905146816,https://c6.staticflickr.com/4/3728/9905146816_53e6488023_o.jpg,ok,https://c5.staticflickr.com/4/3728/9905146816_38f1607683_z.jpg,Furniture; Table,data/raw/openimages/candidates/openimages-e786d714873d23cd.jpg,0.033347590286256404,home,3
https://www.flickr.com/people/mariya_umama_wethemba_monastery/,f76903f01b94dd98,https://creativecommons.org/licenses/by/2.0/,https://www.flickr.com/photos/mariya_umama_wethemba_monastery/2106994522,https://c1.staticflickr.com/3/2332/2106994522_7787f7b01e_o.jpg,ok,https://c6.staticflickr.com/3/2332/2106994522_6a2f6656a6_z.jpg,Furniture; Table,data/raw/openimages/candidates/openimages-f76903f01b94dd98.jpg,0.150579433046875,home,3
https://www.flickr.com/people/mdgovpics/,00d33e05424ff8cc,https://creativecommons.org/licenses/by/2.0/,https://www.flickr.com/photos/mdgovpics/16513473865,https://c5.staticflickr.com/8/7384/16513473865_2c080d3649_o.jpg,ok,https://c1.staticflickr.com/8/7384/16513473865_746970dc51_z.jpg,Furniture,data/raw/openimages/candidates/openimages-00d33e05424ff8cc.jpg,0.51662973,home,2
https://www.flickr.com/people/chemiebw/,01ada3c0d980be5e,https://creativecommons.org/licenses/by/2.0/,https://www.flickr.com/photos/chemiebw/16546460324,https://c7.staticflickr.com/8/7664/16546460324_85b831e482_o.jpg,ok,https://c4.staticflickr.com/8/7664/16546460324_bbbe925655_z.jpg,Chair; Table,data/raw/openimages/candidates/openimages-01ada3c0d980be5e.jpg,0.14900174848406,home,2
https://www.flickr.com/people/chemiebw/,0ad602c943c9f568,https://creativecommons.org/licenses/by/2.0/,https://www.flickr.com/photos/chemiebw/14334940941,https://c1.staticflickr.com/4/3890/14334940941_6288faa2a3_o.jpg,missing,https://c3.staticflickr.com/4/3890/14334940941_7b79261338_z.jpg,Furniture,,0.460103489986305,home,2
https://www.flickr.com/people/skellysf/,0b83e754be780735,https://creativecommons.org/licenses/by/2.0/,https://www.flickr.com/photos/skellysf/12145678144,https://farm6.staticflickr.com/7352/12145678144_7761840757_o.jpg,ok,https://c4.staticflickr.com/8/7352/12145678144_2bc43d0ed2_z.jpg,Chair; Table,data/raw/openimages/candidates/openimages-0b83e754be780735.jpg,0.9801878475033391,home,2
https://www.flickr.com/people/wiseleyb/,0c08c1a56daae22a,https://creativecommons.org/licenses/by/2.0/,https://www.flickr.com/photos/wiseleyb/19474810921,https://c3.staticflickr.com/1/460/19474810921_a311c4d0d8_o.jpg,ok,https://c3.staticflickr.com/1/460/19474810921_d2f23de0fc_z.jpg,Furniture,data/raw/openimages/candidates/openimages-0c08c1a56daae22a.jpg,0.047591145124999984,home,2
https://www.flickr.com/people/96147639@N00/,0ca4cd34574b30be,https://creativecommons.org/licenses/by/2.0/,https://www.flickr.com/photos/96147639@N00/375125625,https://c7.staticflickr.com/1/158/375125625_c595fcd5cc_o.jpg,missing,https://c2.staticflickr.com/1/158/375125625_c595fcd5cc_z.jpg,Chair; Table,,0.44064450378125003,home,2
https://www.flickr.com/people/coniecto/,0cf3f07eb6c089c0,https://creativecommons.org/licenses/by/2.0/,https://www.flickr.com/photos/coniecto/4195432736,https://farm1.staticflickr.com/4045/4195432736_c661372698_o.jpg,ok,https://c3.staticflickr.com/5/4045/4195432736_77b8536fed_z.jpg?zz=1,Furniture,data/raw/openimages/candidates/openimages-0cf3f07eb6c089c0.jpg,0.246184906625,home,2
https://www.flickr.com/people/militaryhealth/,0d27f48afe799682,https://creativecommons.org/licenses/by/2.0/,https://www.flickr.com/photos/militaryhealth/4526351944,https://farm3.staticflickr.com/4036/4526351944_5b4f5e6699_o.jpg,missing,https://c6.staticflickr.com/5/4036/4526351944_87b51c848a_z.jpg,Chair; Table,,0.73882353,home,2
https://www.flickr.com/people/enriquefreire/,0f2976036ded177b,https://creativecommons.org/licenses/by/2.0/,https://www.flickr.com/photos/enriquefreire/7486288624,https://c4.staticflickr.com/8/7265/7486288624_151cbeef86_o.jpg,ok,https://c8.staticflickr.com/8/7265/7486288624_13fbb84241_z.jpg,Furniture,data/raw/openimages/candidates/openimages-0f2976036ded177b.jpg,0.03289473749999998,home,2
https://www.flickr.com/people/shinyasuzuki/,116b11d42594defd,https://creativecommons.org/licenses/by/2.0/,https://www.flickr.com/photos/shinyasuzuki/5463533966,https://c6.staticflickr.com/6/5097/5463533966_7cb607749a_o.jpg,ok,https://c8.staticflickr.com/6/5097/5463533966_43e8e49d71_z.jpg,Furniture,data/raw/openimages/candidates/openimages-116b11d42594defd.jpg,0.07541015624999997,home,2
https://www.flickr.com/people/g0v/,124d86a6d3953a13,https://creativecommons.org/licenses/by/2.0/,https://www.flickr.com/photos/g0v/17031718088,https://farm4.staticflickr.com/8792/17031718088_efdf744750_o.jpg,ok,https://c4.staticflickr.com/9/8792/17031718088_cb90c8e3f0_z.jpg,Furniture,data/raw/openimages/candidates/openimages-124d86a6d3953a13.jpg,0.052851558656250026,home,2
https://www.flickr.com/people/61262894@N08/,16eb4cdd8170dad7,https://creativecommons.org/licenses/by/2.0/,https://www.flickr.com/photos/61262894@N08/5572269985,https://farm8.staticflickr.com/5097/5572269985_9ffd2d4d31_o.jpg,ok,https://c8.staticflickr.com/6/5097/5572269985_ee5c90f952_z.jpg,Furniture,data/raw/openimages/candidates/openimages-16eb4cdd8170dad7.jpg,0.28563979777618503,home,2
https://www.flickr.com/people/townsquare/,2117bc938d9d9ea4,https://creativecommons.org/licenses/by/2.0/,https://www.flickr.com/photos/townsquare/9466663348,https://farm5.staticflickr.com/7323/9466663348_63e4766911_o.jpg,ok,https://c3.staticflickr.com/8/7323/9466663348_957cb61dde_z.jpg,Furniture,data/raw/openimages/candidates/openimages-2117bc938d9d9ea4.jpg,0.19687498875,home,2
https://www.flickr.com/people/17fib/,21d0851a96ca6250,https://creativecommons.org/licenses/by/2.0/,https://www.flickr.com/photos/17fib/3962651462,https://farm1.staticflickr.com/3514/3962651462_e98f55bcf9_o.jpg,ok,https://c8.staticflickr.com/4/3514/3962651462_e404b4265c_z.jpg,Furniture,data/raw/openimages/candidates/openimages-21d0851a96ca6250.jpg,0.265357147830645,home,2
https://www.flickr.com/people/usfwsmidwest/,22a08945f2e7556b,https://creativecommons.org/licenses/by/2.0/,https://www.flickr.com/photos/usfwsmidwest/21521628184,https://c4.staticflickr.com/1/640/21521628184_19cc4240bd_o.jpg,missing,https://c2.staticflickr.com/1/640/21521628184_ab8f608e3d_z.jpg,Furniture,,0.1086396968624992,home,2
https://www.flickr.com/people/varintsai/,24b14dbf64eeced1,https://creativecommons.org/licenses/by/2.0/,https://www.flickr.com/photos/varintsai/4175133344,https://farm2.staticflickr.com/4048/4175133344_904c77f663_o.jpg,missing,https://c3.staticflickr.com/5/4048/4175133344_067015cfd3_z.jpg,Furniture,,0.0605763932003289,home,2
https://www.flickr.com/people/tokuriki/,2652af185a59196c,https://creativecommons.org/licenses/by/2.0/,https://www.flickr.com/photos/tokuriki/66176756,https://c5.staticflickr.com/1/31/66176756_51eec9caca_o.jpg,ok,https://c4.staticflickr.com/1/31/66176756_51eec9caca_z.jpg?zz=1,Furniture,data/raw/openimages/candidates/openimages-2652af185a59196c.jpg,0.6421875,home,2
https://www.flickr.com/people/bbaunach/,26acbf8e8007c7c0,https://creativecommons.org/licenses/by/2.0/,https://www.flickr.com/photos/bbaunach/1055546961,https://farm1.staticflickr.com/1078/1055546961_0b95c955c9_o.jpg,missing,https://c6.staticflickr.com/2/1078/1055546961_0934828dc3_z.jpg?zz=1,Furniture,,0.80124223,home,2
https://www.flickr.com/people/marcogomes/,284b9fc66ab531fa,https://creativecommons.org/licenses/by/2.0/,https://www.flickr.com/photos/marcogomes/126779187,https://c3.staticflickr.com/1/1/126779187_32db62504a_o.jpg,missing,https://c4.staticflickr.com/1/1/126779187_32db62504a_z.jpg,Furniture,,0.16337890624999998,home,2
https://www.flickr.com/people/camay/,2a54514ac545b93b,https://creativecommons.org/licenses/by/2.0/,https://www.flickr.com/photos/camay/14794099720/,https://c4.staticflickr.com/4/3904/14794099720_b020369126_o.jpg,missing,https://c2.staticflickr.com/4/3904/14794099720_1ee8eba1c9_z.jpg,Furniture,,0.078286388125,home,2
https://www.flickr.com/people/erin_costa/,303d5c824614b59d,https://creativecommons.org/licenses/by/2.0/,https://www.flickr.com/photos/erin_costa/5616673390,https://c6.staticflickr.com/6/5064/5616673390_e9e22c80ce_o.jpg,missing,https://c6.staticflickr.com/6/5064/5616673390_7b35d625d7_z.jpg,Furniture,,0.460177,home,2
https://www.flickr.com/people/rpoll/,3a2d727b2e275af2,https://creativecommons.org/licenses/by/2.0/,https://www.flickr.com/photos/rpoll/145174391,https://farm3.staticflickr.com/44/145174391_c94e23168b_o.jpg,missing,https://c3.staticflickr.com/1/44/145174391_c94e23168b_z.jpg,Furniture,,0.11416015624999998,home,2
https://www.flickr.com/people/tomstang/,3afe638e4ca0933f,https://creativecommons.org/licenses/by/2.0/,https://www.flickr.com/photos/tomstang/83856949,https://c8.staticflickr.com/1/41/83856949_6f91caacf9_o.jpg,missing,https://c7.staticflickr.com/1/41/83856949_6f91caacf9_z.jpg?zz=1,Furniture,,0.16766927906249998,home,2
https://www.flickr.com/people/nostri-imago/,3c11db8fd0e9bc8d,https://creativecommons.org/licenses/by/2.0/,https://www.flickr.com/photos/nostri-imago/5633178255,https://c6.staticflickr.com/6/5189/5633178255_84358cbec0_o.jpg,ok,https://c1.staticflickr.com/6/5189/5633178255_836e5a466e_z.jpg,Furniture,data/raw/openimages/candidates/openimages-3c11db8fd0e9bc8d.jpg,0.911504425,home,2
https://www.flickr.com/people/ocarchives/,3c9d7e3daa57dbbc,https://creativecommons.org/licenses/by/2.0/,https://www.flickr.com/photos/ocarchives/3008519168,https://c5.staticflickr.com/4/3140/3008519168_6b1650d372_o.jpg,missing,https://c4.staticflickr.com/4/3140/3008519168_dcc706fda9_z.jpg,Furniture,,0.22314700217014566,home,2
https://www.flickr.com/people/eliazar/,3cb88e69f16e2d00,https://creativecommons.org/licenses/by/2.0/,https://www.flickr.com/photos/eliazar/115587090,https://farm1.staticflickr.com/45/115587090_dc807d1fbf_o.jpg,missing,https://c8.staticflickr.com/1/45/115587090_dc807d1fbf_z.jpg,Furniture,,0.0722623665,home,2
https://www.flickr.com/people/nihgov/,45156879c5dac37d,https://creativecommons.org/licenses/by/2.0/,https://www.flickr.com/photos/nihgov/20852088065,https://c6.staticflickr.com/1/755/20852088065_b99c3a6995_o.jpg,ok,https://c5.staticflickr.com/1/755/20852088065_caefc30454_z.jpg,Furniture,data/raw/openimages/candidates/openimages-45156879c5dac37d.jpg,0.057607278494782775,home,2
https://www.flickr.com/people/silwenae/,4706349d43922f78,https://creativecommons.org/licenses/by/2.0/,https://www.flickr.com/photos/silwenae/23928894,https://c1.staticflickr.com/1/18/23928894_85cb87ff46_o.jpg,missing,https://c3.staticflickr.com/1/18/23928894_85cb87ff46_z.jpg,Furniture,,0.18261717421875,home,2
https://www.flickr.com/people/ravnmoon/,4df46f1442f61bb3,https://creativecommons.org/licenses/by/2.0/,https://www.flickr.com/photos/ravnmoon/433396,https://farm4.staticflickr.com/1/433396_7e2adb7c1f_o.jpg,missing,https://c1.staticflickr.com/1/1/433396_7e2adb7c1f_z.jpg,Furniture,,0.239892576796875,home,2
https://www.flickr.com/people/gonmi/,5394ab5de1e1a647,https://creativecommons.org/licenses/by/2.0/,https://www.flickr.com/photos/gonmi/15539549999,https://farm8.staticflickr.com/3946/15539549999_7dc72e83dd_o.jpg,missing,https://c5.staticflickr.com/4/3946/15539549999_9841ced356_z.jpg,Chair; Table,,0.05013671874999997,home,2
https://www.flickr.com/people/77474698@N07/,56a96142277e2b3b,https://creativecommons.org/licenses/by/2.0/,https://www.flickr.com/photos/77474698@N07/18715420911,https://c4.staticflickr.com/1/487/18715420911_5f075d2922_o.jpg,missing,https://c6.staticflickr.com/1/487/18715420911_3be729e52f_z.jpg,Furniture,,0.23594367340717737,home,2
https://www.flickr.com/people/popculturegeek/,575511683cfa522f,https://creativecommons.org/licenses/by/2.0/,https://www.flickr.com/photos/popculturegeek/7640961960,https://c8.staticflickr.com/9/8018/7640961960_15454f66c4_o.jpg,missing,https://c8.staticflickr.com/9/8018/7640961960_f1be14afb0_z.jpg,Furniture,,0.212057289171875,home,2
https://www.flickr.com/people/glasgows/,592b05b18b6c9b12,https://creativecommons.org/licenses/by/2.0/,https://www.flickr.com/photos/glasgows/227700724,https://farm3.staticflickr.com/72/227700724_a49db024cb_o.jpg,missing,https://c1.staticflickr.com/1/72/227700724_a49db024cb_z.jpg,Furniture,,0.33274637983304955,home,2
https://www.flickr.com/people/bachariasoloists/,59b7255df49bb42a,https://creativecommons.org/licenses/by/2.0/,https://www.flickr.com/photos/bachariasoloists/10538020014,https://c3.staticflickr.com/4/3833/10538020014_4488f3216f_o.jpg,missing,https://c7.staticflickr.com/4/3833/10538020014_0127e0e875_z.jpg,Furniture,,0.24890625,home,2
https://www.flickr.com/people/komunews/,5a2c3cda2ce18ae5,https://creativecommons.org/licenses/by/2.0/,https://www.flickr.com/photos/komunews/2114826902,https://farm6.staticflickr.com/2158/2114826902_a553b8b6bc_o.jpg,missing,https://c2.staticflickr.com/3/2158/2114826902_c4cf6ba74c_z.jpg,Furniture,,0.34273117987499996,home,2
https://www.flickr.com/people/clairity/,5cfdbe7a108f6cd3,https://creativecommons.org/licenses/by/2.0/,https://www.flickr.com/photos/clairity/4027822618,https://farm4.staticflickr.com/2648/4027822618_88d0231363_o.jpg,missing,https://c7.staticflickr.com/3/2648/4027822618_75e9cdc998_z.jpg,Furniture,,0.8049865611371462,home,2
https://www.flickr.com/people/rudglazn/,5e73966223e8e720,https://creativecommons.org/licenses/by/2.0/,https://www.flickr.com/photos/rudglazn/7043338297,https://farm1.staticflickr.com/7229/7043338297_fd33f9a7cd_o.jpg,missing,https://c1.staticflickr.com/8/7229/7043338297_05f8d80c3a_z.jpg,Furniture,,0.8649811611394199,home,2
https://www.flickr.com/people/aecioneves/,62a0847a4d8e504a,https://creativecommons.org/licenses/by/2.0/,https://www.flickr.com/photos/aecioneves/8389715772,https://c3.staticflickr.com/9/8094/8389715772_8f74d1d312_o.jpg,missing,https://c5.staticflickr.com/9/8094/8389715772_5099c420a8_z.jpg,Furniture,,0.71976402,home,2
https://www.flickr.com/people/pena2/,64f62f4d15126abe,https://creativecommons.org/licenses/by/2.0/,https://www.flickr.com/photos/pena2/5614052763,https://c7.staticflickr.com/6/5023/5614052763_ea7064834d_o.jpg,ok,https://c6.staticflickr.com/6/5023/5614052763_2daf4e5c7b_z.jpg,Chair; Table,data/raw/openimages/candidates/openimages-64f62f4d15126abe.jpg,0.6104166799999999,home,2
https://www.flickr.com/people/carlinha/,6732fe471c0e0595,https://creativecommons.org/licenses/by/2.0/,https://www.flickr.com/photos/carlinha/3096935080,https://farm6.staticflickr.com/3015/3096935080_c884d54744_o.jpg,ok,https://c3.staticflickr.com/4/3015/3096935080_cc9734aa42_z.jpg?zz=1,Chair; Table,data/raw/openimages/candidates/openimages-6732fe471c0e0595.jpg,0.37836961674999997,home,2
https://www.flickr.com/people/usdagov/,6a5cea2eac79107f,https://creativecommons.org/licenses/by/2.0/,https://www.flickr.com/photos/usdagov/9800743164,https://c8.staticflickr.com/8/7333/9800743164_6c75f32b76_o.jpg,missing,https://c7.staticflickr.com/8/7333/9800743164_70b9d7d808_z.jpg,Furniture,,0.13285857496385495,home,2
https://www.flickr.com/people/70159240@N00/,6dc9c50218de115b,https://creativecommons.org/licenses/by/2.0/,https://www.flickr.com/photos/70159240@N00/6867765604/,https://c4.staticflickr.com/8/7229/6867765604_98c0856d20_o.jpg,missing,https://c2.staticflickr.com/8/7229/6867765604_4a8314fbf2_z.jpg,Furniture,,0.12250000199999997,home,2
https://www.flickr.com/people/romestatute/,73df255e2dd09114,https://creativecommons.org/licenses/by/2.0/,https://www.flickr.com/photos/romestatute/14630794803,https://farm5.staticflickr.com/5579/14630794803_a4883b1c01_o.jpg,missing,https://c7.staticflickr.com/6/5579/14630794803_6c8c4a5554_z.jpg,Furniture,,0.03402188470678401,home,2
https://www.flickr.com/people/njg234908/,7546e007f40fb1a9,https://creativecommons.org/licenses/by/2.0/,https://www.flickr.com/photos/njg234908/15792094940,https://c2.staticflickr.com/9/8673/15792094940_54b0fd8f84_o.jpg,missing,https://c4.staticflickr.com/9/8673/15792094940_f6a3a10032_z.jpg,Furniture,,0.531935658405402,home,2
https://www.flickr.com/people/flissphil/,76345448aabd314a,https://creativecommons.org/licenses/by/2.0/,https://www.flickr.com/photos/flissphil/4840757821,https://c3.staticflickr.com/5/4109/4840757821_d36f92680c_o.jpg,missing,https://c7.staticflickr.com/5/4109/4840757821_502fa1db16_z.jpg,Furniture,,0.13683593362500002,home,2
https://www.flickr.com/people/thomcochrane/,766de0978874e4ad,https://creativecommons.org/licenses/by/2.0/,https://www.flickr.com/photos/thomcochrane/5952284090,https://c6.staticflickr.com/7/6122/5952284090_726b6a1cf8_o.jpg,ok,https://c1.staticflickr.com/7/6122/5952284090_1de235a520_z.jpg,Furniture,data/raw/openimages/candidates/openimages-766de0978874e4ad.jpg,0.22720238310787935,home,2
https://www.flickr.com/people/greaterillinois/,7c491208fa65f51c,https://creativecommons.org/licenses/by/2.0/,https://www.flickr.com/photos/greaterillinois/16245126133,https://c5.staticflickr.com/9/8713/16245126133_cde350a519_o.jpg,missing,https://c7.staticflickr.com/9/8713/16245126133_7f4f20a46e_z.jpg,Furniture,,0.08609848197350402,home,2
https://www.flickr.com/people/140er/,7cb248b948969749,https://creativecommons.org/licenses/by/2.0/,https://www.flickr.com/photos/140er/10545929545,https://c8.staticflickr.com/4/3668/10545929545_f8f526a3c9_o.jpg,missing,https://c7.staticflickr.com/4/3668/10545929545_ca2a2ca7ce_z.jpg,Furniture,,0.05439277979488076,home,2
https://www.flickr.com/people/arndog/,82e02465a9c48fd0,https://creativecommons.org/licenses/by/2.0/,https://www.flickr.com/photos/arndog/4091665697,https://farm1.staticflickr.com/2619/4091665697_9a1b3ef0c3_o.jpg,missing,https://c1.staticflickr.com/3/2619/4091665697_22d2a2d6b9_z.jpg,Furniture,,0.7112603127517163,home,2
https://www.flickr.com/people/nat507/,84ba85776da76b9d,https://creativecommons.org/licenses/by/2.0/,https://www.flickr.com/photos/nat507/21358369064,https://c6.staticflickr.com/1/623/21358369064_69a9170b59_o.jpg,missing,https://c1.staticflickr.com/1/623/21358369064_48d7acb8ca_z.jpg,Furniture,,0.03443912703347352,home,2
https://www.flickr.com/people/citycaucus/,86558b4f454ee7e3,https://creativecommons.org/licenses/by/2.0/,https://www.flickr.com/photos/citycaucus/4805368094,https://farm4.staticflickr.com/4082/4805368094_f541c8f045_o.jpg,missing,https://c1.staticflickr.com/5/4082/4805368094_aedcb56142_z.jpg,Furniture,,0.03135416487500001,home,2
https://www.flickr.com/people/127851964@N04/,86a6366f57093823,https://creativecommons.org/licenses/by/2.0/,https://www.flickr.com/photos/127851964@N04/15071851437,https://farm4.staticflickr.com/3912/15071851437_acb8baf6eb_o.jpg,missing,https://c1.staticflickr.com/4/3912/15071851437_3304b5277b_z.jpg,Furniture,,0.17855454549260646,home,2
https://www.flickr.com/people/yurb/,89bbd2e9aed8e3ed,https://creativecommons.org/licenses/by/2.0/,https://www.flickr.com/photos/yurb/13567846734,https://c6.staticflickr.com/8/7388/13567846734_d258026c81_o.jpg,ok,https://c7.staticflickr.com/8/7388/13567846734_1537eb41c1_z.jpg,Furniture,data/raw/openimages/candidates/openimages-89bbd2e9aed8e3ed.jpg,0.11280925234375,home,2
https://www.flickr.com/people/yto/,9036157b782b13e5,https://creativecommons.org/licenses/by/2.0/,https://www.flickr.com/photos/yto/14033799676,https://farm6.staticflickr.com/2900/14033799676_181da0fcae_o.jpg,ok,https://c7.staticflickr.com/3/2900/14033799676_694414dea7_z.jpg,Furniture,data/raw/openimages/candidates/openimages-9036157b782b13e5.jpg,0.0454166689375,home,2
https://www.flickr.com/people/arnoldoochoa/,94db4acb87c96181,https://creativecommons.org/licenses/by/2.0/,https://www.flickr.com/photos/arnoldoochoa/15276927441,https://farm2.staticflickr.com/3890/15276927441_6f21f6f069_o.jpg,ok,https://c7.staticflickr.com/4/3890/15276927441_def08ca9e2_z.jpg,Chair; Table,data/raw/openimages/candidates/openimages-94db4acb87c96181.jpg,0.85416667,home,2
https://www.flickr.com/people/yachtfan/,a040394adf67e9a0,https://creativecommons.org/licenses/by/2.0/,https://www.flickr.com/photos/yachtfan/3488878760,https://farm1.staticflickr.com/3618/3488878760_b878fe15fe_o.jpg,missing,https://farm1.staticflickr.com/3618/3488878760_b878fe15fe_o.jpg,Furniture,,0.0902092072,home,2
https://www.flickr.com/people/eager/,a041215905cbc83c,https://creativecommons.org/licenses/by/2.0/,https://www.flickr.com/photos/eager/9447618917,https://c5.staticflickr.com/8/7454/9447618917_6de8a10a0a_o.jpg,missing,https://c2.staticflickr.com/8/7454/9447618917_d2e4aa8b5c_z.jpg,Furniture,,0.6533333379999999,home,2
https://www.flickr.com/people/convergenciaiunio/,a21d290f2f6164fb,https://creativecommons.org/licenses/by/2.0/,https://www.flickr.com/photos/convergenciaiunio/16096493813,https://c4.staticflickr.com/9/8585/16096493813_d1f4065284_o.jpg,missing,https://c6.staticflickr.com/9/8585/16096493813_29eebced16_z.jpg,Furniture,,0.964523282,home,2
https://www.flickr.com/people/fillmorephotography/,a26b2c00a79d2c0d,https://creativecommons.org/licenses/by/2.0/,https://www.flickr.com/photos/fillmorephotography/405433195,https://c6.staticflickr.com/1/134/405433195_419719af02_o.jpg,ok,https://c5.staticflickr.com/1/134/405433195_419719af02_z.jpg?zz=1,Furniture,data/raw/openimages/candidates/openimages-a26b2c00a79d2c0d.jpg,0.064393489242863,home,2
https://www.flickr.com/people/orestej/,a9c524228aecdba0,https://creativecommons.org/licenses/by/2.0/,https://www.flickr.com/photos/orestej/16410330387,https://farm1.staticflickr.com/8596/16410330387_b8bdda0be0_o.jpg,ok,https://c3.staticflickr.com/9/8596/16410330387_ece4be95f3_z.jpg,Chair; Table,data/raw/openimages/candidates/openimages-a9c524228aecdba0.jpg,0.9315673,home,2
https://www.flickr.com/people/globetrotteri/,abe9ff8763cdcc5d,https://creativecommons.org/licenses/by/2.0/,https://www.flickr.com/photos/globetrotteri/7520403452,https://c6.staticflickr.com/9/8028/7520403452_96cf9748d4_o.jpg,missing,https://c6.staticflickr.com/9/8028/7520403452_055540dffe_z.jpg,Furniture,,0.1464925338804041,home,2
https://www.flickr.com/people/egfocus/,ae4580cd106bb09e,https://creativecommons.org/licenses/by/2.0/,https://www.flickr.com/photos/egfocus/6429921781,https://c7.staticflickr.com/8/7022/6429921781_d8f231b5af_o.jpg,ok,https://c5.staticflickr.com/8/7022/6429921781_ebfdca00f9_z.jpg,Furniture,data/raw/openimages/candidates/openimages-ae4580cd106bb09e.jpg,0.04913085937499999,home,2
https://www.flickr.com/people/chadwickdc/,b6f6668ab9204fe8,https://creativecommons.org/licenses/by/2.0/,https://www.flickr.com/photos/chadwickdc/17592331559,https://c1.staticflickr.com/8/7770/17592331559_fe1ea73d78_o.jpg,ok,https://c3.staticflickr.com/8/7770/17592331559_c4d1f3a7f6_z.jpg,Chair; Table,data/raw/openimages/candidates/openimages-b6f6668ab9204fe8.jpg,0.3044221503857,home,2
https://www.flickr.com/people/deia/,bd818b628481ab4b,https://creativecommons.org/licenses/by/2.0/,https://www.flickr.com/photos/deia/2975866860,https://c4.staticflickr.com/4/3272/2975866860_dd3978ab99_o.jpg,missing,https://c3.staticflickr.com/4/3272/2975866860_a1a03b281b_z.jpg,Furniture,,0.07816406249999999,home,2
https://www.flickr.com/people/miamism/,c705061238b1fe30,https://creativecommons.org/licenses/by/2.0/,https://www.flickr.com/photos/miamism/3534105975,https://farm1.staticflickr.com/2476/3534105975_acab886fcb_o.jpg,ok,https://c2.staticflickr.com/3/2476/3534105975_249cacf9fd_z.jpg?zz=1,Chair; Table,data/raw/openimages/candidates/openimages-c705061238b1fe30.jpg,0.7020898501875,home,2
https://www.flickr.com/people/48795888@N08/,c8ce0fcee0637f61,https://creativecommons.org/licenses/by/2.0/,https://www.flickr.com/photos/48795888@N08/4592658145,https://farm2.staticflickr.com/3387/4592658145_1578fd6e1f_o.jpg,missing,https://c8.staticflickr.com/4/3387/4592658145_150a8b6628_z.jpg,Furniture,,0.47083334,home,2
https://www.flickr.com/people/preferenciaavida/,caf6a9012d9dca81,https://creativecommons.org/licenses/by/2.0/,https://www.flickr.com/photos/preferenciaavida/6395280767,https://farm2.staticflickr.com/7173/6395280767_2bee03740f_o.jpg,ok,https://c4.staticflickr.com/8/7173/6395280767_97cf476109_z.jpg,Chair; Table,data/raw/openimages/candidates/openimages-caf6a9012d9dca81.jpg,0.6810277862006849,home,2
https://www.flickr.com/people/brunifia/,cf3443e160ff3ca7,https://creativecommons.org/licenses/by/2.0/,https://www.flickr.com/photos/brunifia/16673826783,https://farm8.staticflickr.com/8759/16673826783_e9f6b90f94_o.jpg,missing,https://c5.staticflickr.com/9/8759/16673826783_0cf110b611_z.jpg,Furniture,,0.544376724899185,home,2
https://www.flickr.com/people/cristinacifuentes/,d71c1399a5e52c93,https://creativecommons.org/licenses/by/2.0/,https://www.flickr.com/photos/cristinacifuentes/18497948244,https://farm4.staticflickr.com/539/18497948244_17233aa32b_o.jpg,ok,https://c1.staticflickr.com/1/539/18497948244_895a51b48f_z.jpg,Chair; Table,data/raw/openimages/candidates/openimages-d71c1399a5e52c93.jpg,0.84292035,home,2
https://www.flickr.com/people/jonathan_hamner/,d8613e6975f52780,https://creativecommons.org/licenses/by/2.0/,https://www.flickr.com/photos/jonathan_hamner/3705195021,https://farm1.staticflickr.com/2656/3705195021_daa7b63c89_o.jpg,ok,https://c2.staticflickr.com/3/2656/3705195021_65138f91e4_z.jpg,Furniture,data/raw/openimages/candidates/openimages-d8613e6975f52780.jpg,0.349557503,home,2
https://www.flickr.com/people/88158121@N00/,dbfe441dab364b60,https://creativecommons.org/licenses/by/2.0/,https://www.flickr.com/photos/88158121@N00/4998950871/,https://farm1.staticflickr.com/4089/4998950871_e586d70a45_o.jpg,ok,https://c4.staticflickr.com/5/4089/4998950871_14e885996a_z.jpg,Chair; Table,data/raw/openimages/candidates/openimages-dbfe441dab364b60.jpg,0.04010565642961962,home,2
https://www.flickr.com/people/ideowl/,dcfdee0534cb3dbc,https://creativecommons.org/licenses/by/2.0/,https://www.flickr.com/photos/ideowl/3245316461,https://c5.staticflickr.com/4/3388/3245316461_be8ee0ff36_o.jpg,missing,https://c5.staticflickr.com/4/3388/3245316461_be8ee0ff36_o.jpg,Furniture,,0.1441015848125,home,2
https://www.flickr.com/people/clscphotos/,dd8a7bf210628fd7,https://creativecommons.org/licenses/by/2.0/,https://www.flickr.com/photos/clscphotos/1397988013,https://farm8.staticflickr.com/1025/1397988013_c90856c829_o.jpg,missing,https://c4.staticflickr.com/2/1025/1397988013_1121a0f10a_z.jpg?zz=1,Furniture,,0.23333855627874803,home,2
https://www.flickr.com/people/evablue/,e18f8379d3e272b5,https://creativecommons.org/licenses/by/2.0/,https://www.flickr.com/photos/evablue/5738800135,https://farm6.staticflickr.com/5022/5738800135_33dd82292a_o.jpg,ok,https://c2.staticflickr.com/6/5022/5738800135_03a0e31336_z.jpg,Furniture,data/raw/openimages/candidates/openimages-e18f8379d3e272b5.jpg,0.287588016891004,home,2
https://www.flickr.com/people/125762925@N04/,e7eca2eb3abfebf9,https://creativecommons.org/licenses/by/2.0/,https://www.flickr.com/photos/125762925@N04/14369676470,https://c2.staticflickr.com/6/5523/14369676470_a023b35a65_o.jpg,ok,https://c7.staticflickr.com/6/5523/14369676470_9f1aca91d2_z.jpg,Furniture,data/raw/openimages/candidates/openimages-e7eca2eb3abfebf9.jpg,0.12199467640039681,home,2
https://www.flickr.com/people/rockincast/,f96805120c622954,https://creativecommons.org/licenses/by/2.0/,https://www.flickr.com/photos/rockincast/15113312215,https://farm5.staticflickr.com/5573/15113312215_0b9982a3b1_o.jpg,missing,https://c8.staticflickr.com/6/5573/15113312215_8d0da079e8_z.jpg,Furniture,,0.0702678456484452,home,2
https://www.flickr.com/people/mdpettitt/,ff7822ae252af6c5,https://creativecommons.org/licenses/by/2.0/,https://www.flickr.com/photos/mdpettitt/6234080981,https://farm6.staticflickr.com/6221/6234080981_55c8484952_o.jpg,missing,https://c8.staticflickr.com/7/6221/6234080981_2cde0950a6_z.jpg,Furniture,,0.06975171939555029,home,2
https://www.flickr.com/people/125285819@N05/,00173afdc7581c41,https://creativecommons.org/licenses/by/2.0/,https://www.flickr.com/photos/125285819@N05/17208815111,https://farm2.staticflickr.com/8817/17208815111_e8c9eb55ee_o.jpg,ok,https://farm2.staticflickr.com/8817/17208815111_e8c9eb55ee_o.jpg,Table,data/raw/openimages/candidates/openimages-00173afdc7581c41.jpg,0.285435280029762,home,1
https://www.flickr.com/people/barbarabrannon/,05035aff6e43506a,https://creativecommons.org/licenses/by/2.0/,https://www.flickr.com/photos/barbarabrannon/15545030946,https://c3.staticflickr.com/6/5607/15545030946_ae5cf99689_o.jpg,ok,https://c7.staticflickr.com/6/5607/15545030946_2a2c0c7bd7_z.jpg,Table,data/raw/openimages/candidates/openimages-05035aff6e43506a.jpg,0.402848575340859,home,1
https://www.flickr.com/people/grahamhills/,057d0e3dc7e56806,https://creativecommons.org/licenses/by/2.0/,https://www.flickr.com/photos/grahamhills/3944118548,https://farm7.staticflickr.com/3435/3944118548_17e2d780e0_o.jpg,ok,https://c3.staticflickr.com/4/3435/3944118548_d6325342c3_z.jpg,Table,data/raw/openimages/candidates/openimages-057d0e3dc7e56806.jpg,0.086920569625,home,1
https://www.flickr.com/people/strobech/,06471f7dae36a831,https://creativecommons.org/licenses/by/2.0/,https://www.flickr.com/photos/strobech/8093906695,https://farm2.staticflickr.com/8331/8093906695_cd229430fa_o.jpg,ok,https://c3.staticflickr.com/9/8331/8093906695_244f93ec6d_z.jpg,Table,data/raw/openimages/candidates/openimages-06471f7dae36a831.jpg,0.11061513054789121,home,1
https://www.flickr.com/people/penreyes/,0709eb8e8c2d19fa,https://creativecommons.org/licenses/by/2.0/,https://www.flickr.com/photos/penreyes/2953486347,https://c3.staticflickr.com/4/3294/2953486347_efe307bfba_o.jpg,ok,https://c8.staticflickr.com/4/3294/2953486347_51b8f3ded9_z.jpg,Table,data/raw/openimages/candidates/openimages-0709eb8e8c2d19fa.jpg,0.09843750000000001,home,1
https://www.flickr.com/people/daninofal/,073656ee0dc47e82,https://creativecommons.org/licenses/by/2.0/,https://www.flickr.com/photos/daninofal/6834639914,https://farm3.staticflickr.com/7050/6834639914_82e0741941_o.jpg,ok,https://c6.staticflickr.com/8/7050/6834639914_3d9dd82fe7_z.jpg,Table,data/raw/openimages/candidates/openimages-073656ee0dc47e82.jpg,0.0489221837786235,home,1
https://www.flickr.com/people/gmarziou/,078fd57f81047cf3,https://creativecommons.org/licenses/by/2.0/,https://www.flickr.com/photos/gmarziou/14161664274,https://farm4.staticflickr.com/7352/14161664274_90e91221c2_o.jpg,ok,https://c8.staticflickr.com/8/7352/14161664274_eebae8a210_z.jpg,Table,data/raw/openimages/candidates/openimages-078fd57f81047cf3.jpg,0.14194533610900092,home,1
https://www.flickr.com/people/karpidis/,0847141f94804658,https://creativecommons.org/licenses/by/2.0/,https://www.flickr.com/photos/karpidis/3163739432,https://c1.staticflickr.com/4/3152/3163739432_5c7a81efb0_o.jpg,ok,https://c1.staticflickr.com/4/3152/3163739432_10c5d4315f_z.jpg,Table,data/raw/openimages/candidates/openimages-0847141f94804658.jpg,0.799117,home,1
https://www.flickr.com/people/chiaki/,0b8b9d6b70643ef1,https://creativecommons.org/licenses/by/2.0/,https://www.flickr.com/photos/chiaki/1265565890,https://farm2.staticflickr.com/1131/1265565890_1cd6e2e849_o.jpg,ok,https://c4.staticflickr.com/2/1131/1265565890_5f841d2ba8_z.jpg,Table,data/raw/openimages/candidates/openimages-0b8b9d6b70643ef1.jpg,0.13398437325,home,1
https://www.flickr.com/people/gmarziou/,0c3faec726e97005,https://creativecommons.org/licenses/by/2.0/,https://www.flickr.com/photos/gmarziou/6283936517/,https://farm6.staticflickr.com/6058/6283936517_025a908b82_o.jpg,ok,https://c3.staticflickr.com/7/6058/6283936517_068a073706_z.jpg,Table,data/raw/openimages/candidates/openimages-0c3faec726e97005.jpg,0.9719764,home,1
https://www.flickr.com/people/lenore-m/,121c740241ed3dc7,https://creativecommons.org/licenses/by/2.0/,https://www.flickr.com/photos/lenore-m/15340364961,https://farm8.staticflickr.com/2943/15340364961_edfa391af2_o.jpg,missing,https://c4.staticflickr.com/3/2943/15340364961_6a335bc43f_z.jpg,Table,,0.07106077202091,home,1
https://www.flickr.com/people/nabruuc/,131bd083b0a68588,https://creativecommons.org/licenses/by/2.0/,https://www.flickr.com/photos/nabruuc/9129289710,https://c1.staticflickr.com/8/7343/9129289710_21f8329a0f_o.jpg,missing,https://c6.staticflickr.com/8/7343/9129289710_3b66c69a61_z.jpg,Chair,,0.10990487023695002,home,1
https://www.flickr.com/people/26531284@N02/,13cfe71ebbf0ae3b,https://creativecommons.org/licenses/by/2.0/,https://www.flickr.com/photos/26531284@N02/5613309195,https://c4.staticflickr.com/6/5183/5613309195_1ca6dbb29d_o.jpg,missing,https://c2.staticflickr.com/6/5183/5613309195_da99b73646_z.jpg,Chair,,0.07984375481249999,home,1
https://www.flickr.com/people/hanspoldoja/,147bc1b2a07abe88,https://creativecommons.org/licenses/by/2.0/,https://www.flickr.com/photos/hanspoldoja/2583837124,https://c1.staticflickr.com/4/3085/2583837124_6b308ed410_o.jpg,missing,https://c5.staticflickr.com/4/3085/2583837124_2a98468ff5_z.jpg?zz=1,Chair,,0.4416145935,home,1
https://www.flickr.com/people/ejercitoargentinocuentaoficial/,14d45a56a0fe95bf,https://creativecommons.org/licenses/by/2.0/,https://www.flickr.com/photos/ejercitoargentinocuentaoficial/15038881723,https://c8.staticflickr.com/4/3944/15038881723_c00b956f6d_o.jpg,missing,https://c8.staticflickr.com/4/3944/15038881723_8f75233ae8_z.jpg,Chair,,0.13535156109375,home,1
https://www.flickr.com/people/33200530@N04/,155000d132716414,https://creativecommons.org/licenses/by/2.0/,https://www.flickr.com/photos/33200530@N04/11922512195,https://farm5.staticflickr.com/3675/11922512195_f0e348ea80_o.jpg,missing,https://c2.staticflickr.com/4/3675/11922512195_0deb3dcb0f_z.jpg,Table,,0.13458927176525878,home,1
https://www.flickr.com/people/prayitnophotography/,1777256e995e1ec6,https://creativecommons.org/licenses/by/2.0/,https://www.flickr.com/photos/prayitnophotography/8438307368,https://farm7.staticflickr.com/8496/8438307368_b40155ced4_o.jpg,missing,https://c3.staticflickr.com/9/8496/8438307368_fd560bb7f2_z.jpg,Chair,,0.44135536245855844,home,1
https://www.flickr.com/people/eekim/,1cbf13ac0cb7030d,https://creativecommons.org/licenses/by/2.0/,https://www.flickr.com/photos/eekim/3407857159,https://c6.staticflickr.com/4/3349/3407857159_f613cdf562_o.jpg,missing,https://c5.staticflickr.com/4/3349/3407857159_d3de923f6d_z.jpg,Table,,0.5890625,home,1
https://www.flickr.com/people/gmarziou/,1f8a3e507d185b7e,https://creativecommons.org/licenses/by/2.0/,https://www.flickr.com/photos/gmarziou/4792380691,https://c7.staticflickr.com/5/4075/4792380691_2471af977e_o.jpg,missing,https://c4.staticflickr.com/5/4075/4792380691_083c4d6493_z.jpg,Table,,0.07601743004594479,home,1
https://www.flickr.com/people/purpleslog/,220dd0459513f089,https://creativecommons.org/licenses/by/2.0/,https://www.flickr.com/photos/purpleslog/3921389241,https://c2.staticflickr.com/3/2654/3921389241_c82066c514_o.jpg,missing,https://c7.staticflickr.com/3/2654/3921389241_6079cfaf1c_z.jpg,Table,,0.094889324296875,home,1
https://www.flickr.com/people/usasoc/,22bed27b73a4b731,https://creativecommons.org/licenses/by/2.0/,https://www.flickr.com/photos/usasoc/5761884724,https://farm2.staticflickr.com/5303/5761884724_b33dec41b0_o.jpg,missing,https://c4.staticflickr.com/6/5303/5761884724_9e415a810c_z.jpg,Table,,0.10365853877500002,home,1
https://www.flickr.com/people/tinto/,232c22ec259d7f56,https://creativecommons.org/licenses/by/2.0/,https://www.flickr.com/photos/tinto/14428729150,https://farm7.staticflickr.com/3846/14428729150_753d8d5efd_o.jpg,ok,https://c7.staticflickr.com/4/3846/14428729150_ffaca79997_z.jpg,Table,data/raw/openimages/candidates/openimages-232c22ec259d7f56.jpg,0.18353874375000004,home,1
https://www.flickr.com/people/gmarziou/,236e8449dcd6c7a9,https://creativecommons.org/licenses/by/2.0/,https://www.flickr.com/photos/gmarziou/1306060361,https://c2.staticflickr.com/2/1249/1306060361_8e7cd5822e_o.jpg,missing,https://c8.staticflickr.com/2/1249/1306060361_d740b5e09e_z.jpg,Table,,0.41668953151819504,home,1
https://www.flickr.com/people/igemhq/,245864fdd2d7b6b8,https://creativecommons.org/licenses/by/2.0/,https://www.flickr.com/photos/igemhq/5165177826,https://c1.staticflickr.com/2/1314/5165177826_f202906621_o.jpg,missing,https://c7.staticflickr.com/2/1314/5165177826_fb40c57eb9_z.jpg,Table,,0.8849557640000001,home,1
https://www.flickr.com/people/dborman2/,2599e14289191048,https://creativecommons.org/licenses/by/2.0/,https://www.flickr.com/photos/dborman2/5846960211,https://c1.staticflickr.com/3/2756/5846960211_980a79374f_o.jpg,missing,https://c7.staticflickr.com/3/2756/5846960211_c549f31482_z.jpg,Table,,0.31539286855560006,home,1
https://www.flickr.com/people/melkorcete/,272b1e8e7117cfab,https://creativecommons.org/licenses/by/2.0/,https://www.flickr.com/photos/melkorcete/59994632,https://c4.staticflickr.com/1/32/59994632_24f0709225_o.jpg,missing,https://c5.staticflickr.com/1/32/59994632_24f0709225_z.jpg?zz=1,Table,,0.3878385358125,home,1
https://www.flickr.com/people/gmarziou/,284227f415eec091,https://creativecommons.org/licenses/by/2.0/,https://www.flickr.com/photos/gmarziou/8738609611,https://farm2.staticflickr.com/7286/8738609611_d9f7b9efe4_o.jpg,missing,https://c1.staticflickr.com/8/7286/8738609611_4faa330785_z.jpg,Table,,0.4885856402774289,home,1
https://www.flickr.com/people/sprague/,2b96210e388009ff,https://creativecommons.org/licenses/by/2.0/,https://www.flickr.com/photos/sprague/12158397495,https://c8.staticflickr.com/3/2855/12158397495_e55695c1a9_o.jpg,missing,https://c4.staticflickr.com/3/2855/12158397495_8b5856b67d_z.jpg,Table,,0.13470703125,home,1
https://www.flickr.com/people/chessmagic/,2e1b6b5c14f7d522,https://creativecommons.org/licenses/by/2.0/,https://www.flickr.com/photos/chessmagic/7858820626,https://farm3.staticflickr.com/7247/7858820626_6f1e5aabde_o.jpg,missing,https://c7.staticflickr.com/8/7247/7858820626_abfb7590c0_z.jpg,Table,,0.8937434805334181,home,1
https://www.flickr.com/people/lwpkommunikacio/,2ec1faf873dd94e8,https://creativecommons.org/licenses/by/2.0/,https://www.flickr.com/photos/lwpkommunikacio/15136947233,https://c1.staticflickr.com/8/7561/15136947233_f747f21ced_o.jpg,missing,https://c6.staticflickr.com/8/7561/15136947233_a64724d06a_z.jpg,Table,,0.27732203794220384,home,1
https://www.flickr.com/people/gmarziou/,2f7525f06ad69425,https://creativecommons.org/licenses/by/2.0/,https://www.flickr.com/photos/gmarziou/1306825778,https://farm6.staticflickr.com/1132/1306825778_63caee2b0a_o.jpg,missing,https://c7.staticflickr.com/2/1132/1306825778_e6ee668784_z.jpg,Table,,0.07789373066356199,home,1
https://www.flickr.com/people/kjarrett/,34b65dafe328d39e,https://creativecommons.org/licenses/by/2.0/,https://www.flickr.com/photos/kjarrett/617831384,https://c7.staticflickr.com/2/1440/617831384_26f7e709e0_o.jpg,ok,https://c4.staticflickr.com/2/1440/617831384_5ea71bfbd0_z.jpg?zz=1,Table,data/raw/openimages/candidates/openimages-34b65dafe328d39e.jpg,0.15065755968749997,home,1
https://www.flickr.com/people/mbellphotos/,370affc51c3f109a,https://creativecommons.org/licenses/by/2.0/,https://www.flickr.com/photos/mbellphotos/15627557169,https://c3.staticflickr.com/6/5605/15627557169_424e2cdeb4_o.jpg,missing,https://c1.staticflickr.com/6/5605/15627557169_e9270acc1f_z.jpg,Table,,0.779716537055132,home,1
https://www.flickr.com/people/slrjester/,38a18dda6a0e761f,https://creativecommons.org/licenses/by/2.0/,https://www.flickr.com/photos/slrjester/1239294940,https://c8.staticflickr.com/2/1084/1239294940_55326d4975_o.jpg,missing,https://c6.staticflickr.com/2/1084/1239294940_124e8564b1_z.jpg,Table,,0.384387988749576,home,1
https://www.flickr.com/people/enixii/,3e49a1c1b227ea28,https://creativecommons.org/licenses/by/2.0/,https://www.flickr.com/photos/enixii/497367896,https://c1.staticflickr.com/1/197/497367896_8fcba0aa5c_o.jpg,missing,https://c5.staticflickr.com/1/197/497367896_53e2b9a22c_z.jpg,Table,,0.13227538992187501,home,1
https://www.flickr.com/people/sarah_pressler/,3eedefc73da3120e,https://creativecommons.org/licenses/by/2.0/,https://www.flickr.com/photos/sarah_pressler/9926668874,https://c7.staticflickr.com/8/7377/9926668874_b37e492a5e_o.jpg,missing,https://c2.staticflickr.com/8/7377/9926668874_1df0139d2c_z.jpg,Table,,1.0,home,1
https://www.flickr.com/people/spawnster/,3f802e24c2739214,https://creativecommons.org/licenses/by/2.0/,https://www.flickr.com/photos/spawnster/450514695,https://farm5.staticflickr.com/199/450514695_cd5dc22bbe_o.jpg,missing,https://c8.staticflickr.com/1/199/450514695_74dc80136b_z.jpg?zz=1,Table,,0.2053125,home,1
https://www.flickr.com/people/chessmagic/,4002d925e4431f43,https://creativecommons.org/licenses/by/2.0/,https://www.flickr.com/photos/chessmagic/4198561740,https://farm4.staticflickr.com/2525/4198561740_69bf5c28d5_o.jpg,missing,https://c7.staticflickr.com/3/2525/4198561740_9910ba6c47_z.jpg,Table,,1.0,home,1
https://www.flickr.com/people/eekim/,40040884f39cb83d,https://creativecommons.org/licenses/by/2.0/,https://www.flickr.com/photos/eekim/2053692153,https://c6.staticflickr.com/3/2305/2053692153_3a2673f256_o.jpg,missing,https://c2.staticflickr.com/3/2305/2053692153_decaceac18_z.jpg,Table,,0.10896810234375001,home,1
https://www.flickr.com/people/thingsworthdescribing/,47826d736bad6e67,https://creativecommons.org/licenses/by/2.0/,https://www.flickr.com/photos/thingsworthdescribing/7907604490,https://farm8.staticflickr.com/8177/7907604490_ed909a06bd_o.jpg,missing,https://c4.staticflickr.com/9/8177/7907604490_030cef9d53_z.jpg,Chair,,0.6030077816015501,home,1
https://www.flickr.com/people/46751514@N06/,48ecc2c089a88115,https://creativecommons.org/licenses/by/2.0/,https://www.flickr.com/photos/46751514@N06/4307582471,https://farm6.staticflickr.com/4055/4307582471_7fe457c838_o.jpg,missing,https://c7.staticflickr.com/5/4055/4307582471_7ebe452338_z.jpg?zz=1,Table,,0.8643002808757538,home,1
https://www.flickr.com/people/nojofoto/,4bab2a5588f80c89,https://creativecommons.org/licenses/by/2.0/,https://www.flickr.com/photos/nojofoto/6934329748,https://c2.staticflickr.com/8/7236/6934329748_864080ca50_o.jpg,missing,https://c6.staticflickr.com/8/7236/6934329748_62d3196e06_z.jpg,Table,,0.033577413855953205,home,1
https://www.flickr.com/people/usasoc/,4bedb60e198caba5,https://creativecommons.org/licenses/by/2.0/,https://www.flickr.com/photos/usasoc/5821773751,https://farm6.staticflickr.com/5067/5821773751_197fd63158_o.jpg,missing,https://c2.staticflickr.com/6/5067/5821773751_635c167baf_z.jpg,Table,,0.31347986132457284,home,1
https://www.flickr.com/people/gmarziou/,4c1ae6c74047958a,https://creativecommons.org/licenses/by/2.0/,https://www.flickr.com/photos/gmarziou/6314208467,https://c3.staticflickr.com/7/6120/6314208467_eca71d63d4_o.jpg,missing,https://c5.staticflickr.com/7/6120/6314208467_802320e75e_z.jpg,Table,,0.8584070699999999,home,1
https://www.flickr.com/people/kachkaev/,4cc5578f7628abdc,https://creativecommons.org/licenses/by/2.0/,https://www.flickr.com/photos/kachkaev/7202370714,https://c5.staticflickr.com/6/5462/7202370714_429c07e9a3_o.jpg,missing,https://c8.staticflickr.com/6/5462/7202370714_33ff90658b_z.jpg,Table,,0.9317040449807454,home,1
https://www.flickr.com/people/21550498@N05/,56032f2cef91ea5d,https://creativecommons.org/licenses/by/2.0/,https://www.flickr.com/photos/21550498@N05/15705077481,https://c6.staticflickr.com/8/7475/15705077481_34fcac976d_o.jpg,missing,https://c2.staticflickr.com/8/7475/15705077481_3ccbe2e204_z.jpg,Chair,,0.04377735943402122,home,1
https://www.flickr.com/people/crossroadsfamily/,58c881c7f4cad9fd,https://creativecommons.org/licenses/by/2.0/,https://www.flickr.com/photos/crossroadsfamily/15534504881,https://c6.staticflickr.com/6/5606/15534504881_e15d7ffac2_o.jpg,missing,https://c7.staticflickr.com/6/5606/15534504881_022c279aea_z.jpg,Chair,,1.0,home,1
https://www.flickr.com/people/steffenz/,5a4ba521db5b6564,https://creativecommons.org/licenses/by/2.0/,https://www.flickr.com/photos/steffenz/3622472871,https://farm5.staticflickr.com/3588/3622472871_7558626e05_o.jpg,missing,https://c1.staticflickr.com/4/3588/3622472871_d47389818e_z.jpg,Table,,0.18014297735191653,home,1
https://www.flickr.com/people/27871066@N04/,5a63bb568d149c2e,https://creativecommons.org/licenses/by/2.0/,https://www.flickr.com/photos/27871066@N04/13916608700,https://c7.staticflickr.com/6/5113/13916608700_702d8ed5ee_o.jpg,missing,https://c1.staticflickr.com/6/5113/13916608700_f322f5ffc8_z.jpg,Table,,0.11165039235937502,home,1
https://www.flickr.com/people/paul1/,5b3d1edc765cf4db,https://creativecommons.org/licenses/by/2.0/,https://www.flickr.com/photos/paul1/3981041670,https://c4.staticflickr.com/3/2540/3981041670_9589413f91_o.jpg,missing,https://c7.staticflickr.com/3/2540/3981041670_4e75c6fba8_z.jpg?zz=1,Table,,0.9620540107500001,home,1
https://www.flickr.com/people/deboxer/,5d4327db61b2216f,https://creativecommons.org/licenses/by/2.0/,https://www.flickr.com/photos/deboxer/15007024230,https://c8.staticflickr.com/6/5560/15007024230_89ff009e66_o.jpg,missing,https://c2.staticflickr.com/6/5560/15007024230_5d1ac11b25_z.jpg,Table,,0.04675780265625,home,1
https://www.flickr.com/people/americaspower/,6157fa4f24599b1d,https://creativecommons.org/licenses/by/2.0/,https://www.flickr.com/photos/americaspower/4113313312,https://c6.staticflickr.com/3/2603/4113313312_9fa2202934_o.jpg,ok,https://c6.staticflickr.com/3/2603/4113313312_9fa2202934_o.jpg,Table,data/raw/openimages/candidates/openimages-6157fa4f24599b1d.jpg,0.12320000219999999,home,1
https://www.flickr.com/people/foto_plus/,65bc5e5a83bc7647,https://creativecommons.org/licenses/by/2.0/,https://www.flickr.com/photos/foto_plus/18460549230,https://farm8.staticflickr.com/338/18460549230_2137191789_o.jpg,ok,https://c4.staticflickr.com/1/338/18460549230_1e7d6eac8e_z.jpg,Table,data/raw/openimages/candidates/openimages-65bc5e5a83bc7647.jpg,0.7920354,home,1
https://www.flickr.com/people/averagejane/,66147ef0d4be0638,https://creativecommons.org/licenses/by/2.0/,https://www.flickr.com/photos/averagejane/9764725444,https://c1.staticflickr.com/8/7404/9764725444_4f1be5b750_o.jpg,missing,https://c1.staticflickr.com/8/7404/9764725444_eeaea15657_z.jpg,Table,,0.049062501,home,1
https://www.flickr.com/people/thrutheselines/,69090b07e028d92f,https://creativecommons.org/licenses/by/2.0/,https://www.flickr.com/photos/thrutheselines/7715860320,https://c8.staticflickr.com/9/8291/7715860320_476dc55bd4_o.jpg,missing,https://c8.staticflickr.com/9/8291/7715860320_520deba59f_z.jpg,Table,,0.294674477234375,home,1
https://www.flickr.com/people/mpeinadopa/,6b8dc280da29281a,https://creativecommons.org/licenses/by/2.0/,https://www.flickr.com/photos/mpeinadopa/4649544406,https://c3.staticflickr.com/5/4072/4649544406_6fff47f03b_o.jpg,ok,https://c3.staticflickr.com/5/4072/4649544406_694f4af2b1_z.jpg,Chair,data/raw/openimages/candidates/openimages-6b8dc280da29281a.jpg,0.7197786768749999,home,1
https://www.flickr.com/people/michaelhilton/,6be11a3a6e6dfd31,https://creativecommons.org/licenses/by/2.0/,https://www.flickr.com/photos/michaelhilton/3502742149,https://farm2.staticflickr.com/3298/3502742149_7058dec309_o.jpg,missing,https://c1.staticflickr.com/4/3298/3502742149_032a3f07d7_z.jpg,Table,,0.30825959999999997,home,1
https://www.flickr.com/people/807thpao/,6c8dafac9ee9d86e,https://creativecommons.org/licenses/by/2.0/,https://www.flickr.com/photos/807thpao/5373591480,https://c7.staticflickr.com/6/5163/5373591480_a1994782c0_o.jpg,missing,https://c5.staticflickr.com/6/5163/5373591480_86d2980b84_z.jpg,Table,,0.20503131246351214,home,1
https://www.flickr.com/people/igwindkraft/,6e38935a10c37c78,https://creativecommons.org/licenses/by/2.0/,https://www.flickr.com/photos/igwindkraft/15405587244,https://c1.staticflickr.com/9/8654/15405587244_78cc7a62a1_o.jpg,ok,https://c4.staticflickr.com/9/8654/15405587244_b7dc77e21e_z.jpg,Table,data/raw/openimages/candidates/openimages-6e38935a10c37c78.jpg,0.15662349224021518,home,1
https://www.flickr.com/people/transitomedellin/,6e8d404727e9d979,https://creativecommons.org/licenses/by/2.0/,https://www.flickr.com/photos/transitomedellin/6224828232,https://c2.staticflickr.com/7/6164/6224828232_4b2c9d23e2_o.jpg,ok,https://c5.staticflickr.com/7/6164/6224828232_c9b38ca9ee_z.jpg,Table,data/raw/openimages/candidates/openimages-6e8d404727e9d979.jpg,0.513132309764784,home,1
https://www.flickr.com/people/31403074@N00/,6e9dcdbee43b0346,https://creativecommons.org/licenses/by/2.0/,https://www.flickr.com/photos/31403074@N00/3515753460,https://farm7.staticflickr.com/3608/3515753460_dc017742db_o.jpg,missing,https://c7.staticflickr.com/4/3608/3515753460_7ae647e280_z.jpg?zz=1,Table,,0.0899609405625,home,1
https://www.flickr.com/people/tamaiyuya/,6ef26d875ac4caf2,https://creativecommons.org/licenses/by/2.0/,https://www.flickr.com/photos/tamaiyuya/12023485115,https://farm3.staticflickr.com/2820/12023485115_19932c872e_o.jpg,missing,https://c2.staticflickr.com/3/2820/12023485115_4d2e442829_z.jpg,Table,,0.8512630201968749,home,1
https://www.flickr.com/people/nayukim/,70a32d9d1d757a63,https://creativecommons.org/licenses/by/2.0/,https://www.flickr.com/photos/nayukim/5275183790,https://farm4.staticflickr.com/5204/5275183790_f2e6259c25_o.jpg,missing,https://c7.staticflickr.com/6/5204/5275183790_1331323478_z.jpg,Table,,0.202351455799272,home,1
https://www.flickr.com/people/controlarms/,715e35f77212c573,https://creativecommons.org/licenses/by/2.0/,https://www.flickr.com/photos/controlarms/15330900256,https://farm4.staticflickr.com/3921/15330900256_f48d0795e8_o.jpg,missing,https://c5.staticflickr.com/4/3921/15330900256_6da669b5ee_z.jpg,Chair,,0.503099955499256,home,1
https://www.flickr.com/people/paulshaffner/,73c2392979566426,https://creativecommons.org/licenses/by/2.0/,https://www.flickr.com/photos/paulshaffner/7422534550,https://farm7.staticflickr.com/7131/7422534550_59647ebc09_o.jpg,missing,https://c7.staticflickr.com/8/7131/7422534550_61c45071de_z.jpg,Chair,,0.08468697641374538,home,1
https://www.flickr.com/people/ddornerjr/,74b46f809c0243fc,https://creativecommons.org/licenses/by/2.0/,https://www.flickr.com/photos/ddornerjr/3475087326,https://c5.staticflickr.com/4/3344/3475087326_840edecb07_o.jpg,missing,https://c3.staticflickr.com/4/3344/3475087326_fcbd4eaa93_z.jpg,Chair,,0.61778318315625,home,1
https://www.flickr.com/people/garryknight/,7571f21c28d4f46d,https://creativecommons.org/licenses/by/2.0/,https://www.flickr.com/photos/garryknight/8006348798,https://c6.staticflickr.com/9/8320/8006348798_8f17593798_o.jpg,missing,https://c7.staticflickr.com/9/8320/8006348798_b510db22d2_z.jpg,Chair,,0.12854883801803124,home,1
https://www.flickr.com/people/evablue/,e18f8379d3e272b5,https://creativecommons.org/licenses/by/2.0/,https://www.flickr.com/photos/evablue/5738800135,https://farm6.staticflickr.com/5022/5738800135_33dd82292a_o.jpg,ok,https://c2.staticflickr.com/6/5022/5738800135_03a0e31336_z.jpg,Computer monitor; Desk; Office building,data/raw/openimages/candidates/openimages-e18f8379d3e272b5.jpg,0.287588016891004,office,22
https://www.flickr.com/people/25645682@N00/,93571caf001549a1,https://creativecommons.org/licenses/by/2.0/,https://www.flickr.com/photos/25645682@N00/3385968025,https://farm2.staticflickr.com/3628/3385968025_77df36ff18_o.jpg,ok,https://c3.staticflickr.com/4/3628/3385968025_969e0b1f67_z.jpg?zz=1,Desk; Office building; Suit,data/raw/openimages/candidates/openimages-93571caf001549a1.jpg,0.04595225528304001,office,19
https://www.flickr.com/people/theraycenter/,78f2c3f1b0899c09,https://creativecommons.org/licenses/by/2.0/,https://www.flickr.com/photos/theraycenter/8141824718,https://c2.staticflickr.com/9/8191/8141824718_7dc572a92e_o.jpg,missing,https://c7.staticflickr.com/9/8191/8141824718_7e36bfcbc3_z.jpg,Chair; Desk; Office building; Table,,0.5760156123750001,office,18
https://www.flickr.com/people/marcogomes/,a47cd83076dc497e,https://creativecommons.org/licenses/by/2.0/,https://www.flickr.com/photos/marcogomes/3358203645,https://c7.staticflickr.com/4/3425/3358203645_2c30c651af_o.jpg,ok,https://c3.staticflickr.com/4/3425/3358203645_5c76c2bc64_z.jpg,Chair; Desk; Office building; Table,data/raw/openimages/candidates/openimages-a47cd83076dc497e.jpg,0.5562168712422,office,18
https://www.flickr.com/people/katielips/,d8af5e9c82380fe5,https://creativecommons.org/licenses/by/2.0/,https://www.flickr.com/photos/katielips/2810300279,https://farm6.staticflickr.com/3177/2810300279_15bc226b35_o.jpg,missing,https://c8.staticflickr.com/4/3177/2810300279_e091b6e249_z.jpg,Chair; Desk; Office building; Table,,0.09612304846874999,office,18
https://www.flickr.com/people/scottfeldstein/,e78393874387b718,https://creativecommons.org/licenses/by/2.0/,https://www.flickr.com/photos/scottfeldstein/83154753,https://c1.staticflickr.com/1/39/83154753_e69944e649_o.jpg,missing,https://c8.staticflickr.com/1/39/83154753_e69944e649_z.jpg,Chair; Desk; Office building; Table,,0.032524695465417613,office,18
https://www.flickr.com/people/kjarrett/,34b65dafe328d39e,https://creativecommons.org/licenses/by/2.0/,https://www.flickr.com/photos/kjarrett/617831384,https://c7.staticflickr.com/2/1440/617831384_26f7e709e0_o.jpg,ok,https://c4.staticflickr.com/2/1440/617831384_5ea71bfbd0_z.jpg?zz=1,Desk; Office building; Table,data/raw/openimages/candidates/openimages-34b65dafe328d39e.jpg,0.15065755968749997,office,17
https://www.flickr.com/people/phase2technology/,59f89863852379cf,https://creativecommons.org/licenses/by/2.0/,https://www.flickr.com/photos/phase2technology/9300557987,https://c8.staticflickr.com/4/3693/9300557987_e1891d0736_o.jpg,ok,https://c3.staticflickr.com/4/3693/9300557987_e8605cd4b0_z.jpg,Chair; Desk; Office building,data/raw/openimages/candidates/openimages-59f89863852379cf.jpg,0.8042480480062499,office,17
https://www.flickr.com/people/usembsweden/,709340946095cf0d,https://creativecommons.org/licenses/by/2.0/,https://www.flickr.com/photos/usembsweden/6350081786,https://c6.staticflickr.com/7/6234/6350081786_ef5e429a22_o.jpg,ok,https://c4.staticflickr.com/7/6234/6350081786_4466ff39da_z.jpg,Desk; Office building; Table,data/raw/openimages/candidates/openimages-709340946095cf0d.jpg,0.10613931578125003,office,17
https://www.flickr.com/people/48698930@N04/,8748e08a3fcf868d,https://creativecommons.org/licenses/by/2.0/,https://www.flickr.com/photos/48698930@N04/7637202958,https://c6.staticflickr.com/8/7267/7637202958_37a3b20215_o.jpg,ok,https://c4.staticflickr.com/8/7267/7637202958_27bb7a20d7_z.jpg,Desk; Office building; Table,data/raw/openimages/candidates/openimages-8748e08a3fcf868d.jpg,0.07186022847189817,office,17
https://www.flickr.com/people/tmunicipal/,b24820cb0c5e1b5c,https://creativecommons.org/licenses/by/2.0/,https://www.flickr.com/photos/tmunicipal/5011839784,https://c5.staticflickr.com/5/4090/5011839784_74b8ebac9b_o.jpg,ok,https://c8.staticflickr.com/5/4090/5011839784_dbf17123f0_z.jpg,Desk; Office building; Table,data/raw/openimages/candidates/openimages-b24820cb0c5e1b5c.jpg,0.19870450746178003,office,17
https://www.flickr.com/people/70159240@N00/,6dc9c50218de115b,https://creativecommons.org/licenses/by/2.0/,https://www.flickr.com/photos/70159240@N00/6867765604/,https://c4.staticflickr.com/8/7229/6867765604_98c0856d20_o.jpg,missing,https://c2.staticflickr.com/8/7229/6867765604_4a8314fbf2_z.jpg,Desk; Office building,,0.12250000199999997,office,16
https://www.flickr.com/people/egfocus/,ae4580cd106bb09e,https://creativecommons.org/licenses/by/2.0/,https://www.flickr.com/photos/egfocus/6429921781,https://c7.staticflickr.com/8/7022/6429921781_d8f231b5af_o.jpg,ok,https://c5.staticflickr.com/8/7022/6429921781_ebfdca00f9_z.jpg,Desk; Office building,data/raw/openimages/candidates/openimages-ae4580cd106bb09e.jpg,0.04913085937499999,office,16
https://www.flickr.com/people/125762925@N04/,e7eca2eb3abfebf9,https://creativecommons.org/licenses/by/2.0/,https://www.flickr.com/photos/125762925@N04/14369676470,https://c2.staticflickr.com/6/5523/14369676470_a023b35a65_o.jpg,ok,https://c7.staticflickr.com/6/5523/14369676470_9f1aca91d2_z.jpg,Desk; Office building,data/raw/openimages/candidates/openimages-e7eca2eb3abfebf9.jpg,0.12199467640039681,office,16
https://www.flickr.com/people/nihgov/,45156879c5dac37d,https://creativecommons.org/licenses/by/2.0/,https://www.flickr.com/photos/nihgov/20852088065,https://c6.staticflickr.com/1/755/20852088065_b99c3a6995_o.jpg,ok,https://c5.staticflickr.com/1/755/20852088065_caefc30454_z.jpg,Computer monitor; Office building,data/raw/openimages/candidates/openimages-45156879c5dac37d.jpg,0.057607278494782775,office,15
https://www.flickr.com/people/tokuriki/,2652af185a59196c,https://creativecommons.org/licenses/by/2.0/,https://www.flickr.com/photos/tokuriki/66176756,https://c5.staticflickr.com/1/31/66176756_51eec9caca_o.jpg,ok,https://c4.staticflickr.com/1/31/66176756_51eec9caca_z.jpg?zz=1,Office building; Suit,data/raw/openimages/candidates/openimages-2652af185a59196c.jpg,0.6421875,office,12
https://www.flickr.com/people/chemiebw/,01ada3c0d980be5e,https://creativecommons.org/licenses/by/2.0/,https://www.flickr.com/photos/chemiebw/16546460324,https://c7.staticflickr.com/8/7664/16546460324_85b831e482_o.jpg,ok,https://c4.staticflickr.com/8/7664/16546460324_bbbe925655_z.jpg,Chair; Office building; Table,data/raw/openimages/candidates/openimages-01ada3c0d980be5e.jpg,0.14900174848406,office,11
https://www.flickr.com/people/apreche/,16f352b006a890cd,https://creativecommons.org/licenses/by/2.0/,https://www.flickr.com/photos/apreche/7172331523,https://c6.staticflickr.com/8/7218/7172331523_3c30c303bc_o.jpg,ok,https://c2.staticflickr.com/8/7218/7172331523_82a14c43a8_z.jpg,Chair; Office building; Table,data/raw/openimages/candidates/openimages-16f352b006a890cd.jpg,0.048242193187500004,office,11
https://www.flickr.com/people/usarmyafrica/,8de803c15dc6dc7d,https://creativecommons.org/licenses/by/2.0/,https://www.flickr.com/photos/usarmyafrica/4077598908,https://c6.staticflickr.com/3/2604/4077598908_8586d77db2_o.jpg,ok,https://c3.staticflickr.com/3/2604/4077598908_234b91c5d6_z.jpg,Chair; Office building; Table,data/raw/openimages/candidates/openimages-8de803c15dc6dc7d.jpg,0.10920001369547341,office,11
https://www.flickr.com/people/arnoldoochoa/,94db4acb87c96181,https://creativecommons.org/licenses/by/2.0/,https://www.flickr.com/photos/arnoldoochoa/15276927441,https://farm2.staticflickr.com/3890/15276927441_6f21f6f069_o.jpg,ok,https://c7.staticflickr.com/4/3890/15276927441_def08ca9e2_z.jpg,Chair; Office building; Table,data/raw/openimages/candidates/openimages-94db4acb87c96181.jpg,0.85416667,office,11
https://www.flickr.com/people/collegelibrary/,ddd78d7007d17a75,https://creativecommons.org/licenses/by/2.0/,https://www.flickr.com/photos/collegelibrary/8595433397,https://farm6.staticflickr.com/8091/8595433397_e0cc4e1e30_o.jpg,ok,https://c3.staticflickr.com/9/8091/8595433397_ffef0825a0_z.jpg,Chair; Office building; Table,data/raw/openimages/candidates/openimages-ddd78d7007d17a75.jpg,0.20618552963937234,office,11
https://www.flickr.com/people/juhansonin/,146316cdeb2aef2a,https://creativecommons.org/licenses/by/2.0/,https://www.flickr.com/photos/juhansonin/7994369759,https://c3.staticflickr.com/9/8452/7994369759_0a63aeefbb_o.jpg,ok,https://c2.staticflickr.com/9/8452/7994369759_48a8bc69fc_z.jpg,Chair; Office building,data/raw/openimages/candidates/openimages-146316cdeb2aef2a.jpg,0.96017699,office,10
https://www.flickr.com/people/igwindkraft/,6e38935a10c37c78,https://creativecommons.org/licenses/by/2.0/,https://www.flickr.com/photos/igwindkraft/15405587244,https://c1.staticflickr.com/9/8654/15405587244_78cc7a62a1_o.jpg,ok,https://c4.staticflickr.com/9/8654/15405587244_b7dc77e21e_z.jpg,Office building; Table,data/raw/openimages/candidates/openimages-6e38935a10c37c78.jpg,0.15662349224021518,office,10
https://www.flickr.com/people/berkleevalenciamusictech/,b7640a870db80373,https://creativecommons.org/licenses/by/2.0/,https://www.flickr.com/photos/berkleevalenciamusictech/15726198876,https://farm4.staticflickr.com/3940/15726198876_88ee2a0ef7_o.jpg,ok,https://c3.staticflickr.com/4/3940/15726198876_0e68a3177a_z.jpg,Office building; Table,data/raw/openimages/candidates/openimages-b7640a870db80373.jpg,0.3539823,office,10
https://www.flickr.com/people/szene/,bfa65e0e57804889,https://creativecommons.org/licenses/by/2.0/,https://www.flickr.com/photos/szene/8459310426/,https://c2.staticflickr.com/9/8511/8459310426_1d375aec86_o.jpg,ok,https://c4.staticflickr.com/9/8511/8459310426_bf11a11f88_z.jpg,Office building; Table,data/raw/openimages/candidates/openimages-bfa65e0e57804889.jpg,0.27703816540253806,office,10
https://www.flickr.com/people/yuko_ppp/,c1030024bf97809c,https://creativecommons.org/licenses/by/2.0/,https://www.flickr.com/photos/yuko_ppp/2902147055,https://c5.staticflickr.com/4/3158/2902147055_7e1fce22dd_o.jpg,ok,https://c5.staticflickr.com/4/3158/2902147055_dba3efcf3b_z.jpg,Office building; Table,data/raw/openimages/candidates/openimages-c1030024bf97809c.jpg,0.044997897054594005,office,10
https://www.flickr.com/people/wufoo/,e7574843621495bd,https://creativecommons.org/licenses/by/2.0/,https://www.flickr.com/photos/wufoo/5603527713,https://c6.staticflickr.com/6/5186/5603527713_4fdd059cc2_o.jpg,ok,https://c8.staticflickr.com/6/5186/5603527713_f8279581af_z.jpg,Chair; Office building,data/raw/openimages/candidates/openimages-e7574843621495bd.jpg,0.06902100725316612,office,10
https://www.flickr.com/people/bgsulib67/,356ee35811299b3e,https://creativecommons.org/licenses/by/2.0/,https://www.flickr.com/photos/bgsulib67/6937932892,https://c7.staticflickr.com/8/7261/6937932892_f02d398624_o.jpg,missing,https://c8.staticflickr.com/8/7261/6937932892_2fba48b08f_z.jpg,Chair; Desk; Table,,0.1763671740625,office,9
https://www.flickr.com/people/m0g/,373c26ce480f8d29,https://creativecommons.org/licenses/by/2.0/,https://www.flickr.com/photos/m0g/18669617612,https://c2.staticflickr.com/1/258/18669617612_fbb14c434b_o.jpg,ok,https://c2.staticflickr.com/1/258/18669617612_9c3ffe94aa_z.jpg,Office building,data/raw/openimages/candidates/openimages-373c26ce480f8d29.jpg,0.33002072840821994,office,9
https://www.flickr.com/people/colegioabg/,40a05ea0282d5897,https://creativecommons.org/licenses/by/2.0/,https://www.flickr.com/photos/colegioabg/21514412514,https://farm8.staticflickr.com/5658/21514412514_efdbb3ca75_o.jpg,ok,https://c7.staticflickr.com/6/5658/21514412514_a0ce821d88_z.jpg,Office building,data/raw/openimages/candidates/openimages-40a05ea0282d5897.jpg,0.7214242698037074,office,9
https://www.flickr.com/people/luigimengato/,384c40047ff7c36f,https://creativecommons.org/licenses/by/2.0/,https://www.flickr.com/photos/luigimengato/4987649510,https://c8.staticflickr.com/5/4129/4987649510_55decb0cae_o.jpg,missing,https://c6.staticflickr.com/5/4129/4987649510_6892e8698d_z.jpg,Desk; Table,,0.17759808326728801,office,8
https://www.flickr.com/people/snotch/,51d93439435b2c0f,https://creativecommons.org/licenses/by/2.0/,https://www.flickr.com/photos/snotch/5213303218,https://c8.staticflickr.com/6/5041/5213303218_2b57bcaf0a_o.jpg,ok,https://c3.staticflickr.com/6/5041/5213303218_ae9e659937_z.jpg,Desk; Table,data/raw/openimages/candidates/openimages-51d93439435b2c0f.jpg,0.15611978031250004,office,8
https://www.flickr.com/people/transitomedellin/,6e8d404727e9d979,https://creativecommons.org/licenses/by/2.0/,https://www.flickr.com/photos/transitomedellin/6224828232,https://c2.staticflickr.com/7/6164/6224828232_4b2c9d23e2_o.jpg,ok,https://c5.staticflickr.com/7/6164/6224828232_c9b38ca9ee_z.jpg,Desk; Table,data/raw/openimages/candidates/openimages-6e8d404727e9d979.jpg,0.513132309764784,office,8
https://www.flickr.com/people/runneralan/,731173d27e06b210,https://creativecommons.org/licenses/by/2.0/,https://www.flickr.com/photos/runneralan/1795441870,https://farm1.staticflickr.com/2334/1795441870_39d27614e6_o.jpg,ok,https://c2.staticflickr.com/3/2334/1795441870_d57e4c12c6_z.jpg,Desk; Table,data/raw/openimages/candidates/openimages-731173d27e06b210.jpg,0.307541691804892,office,8
https://www.flickr.com/people/chuck_notorious/,82e651da7cf386ae,https://creativecommons.org/licenses/by/2.0/,https://www.flickr.com/photos/chuck_notorious/8401319422,https://c7.staticflickr.com/9/8076/8401319422_10686bbf6d_o.jpg,ok,https://c2.staticflickr.com/9/8076/8401319422_12ed425b56_z.jpg,Computer; Computer monitor,data/raw/openimages/candidates/openimages-82e651da7cf386ae.jpg,0.1304460917004349,office,8
https://www.flickr.com/people/departmentofed/,e786d714873d23cd,https://creativecommons.org/licenses/by/2.0/,https://www.flickr.com/photos/departmentofed/9905146816,https://c6.staticflickr.com/4/3728/9905146816_53e6488023_o.jpg,ok,https://c5.staticflickr.com/4/3728/9905146816_38f1607683_z.jpg,Desk; Table,data/raw/openimages/candidates/openimages-e786d714873d23cd.jpg,0.033347590286256404,office,8
https://www.flickr.com/people/mariya_umama_wethemba_monastery/,f76903f01b94dd98,https://creativecommons.org/licenses/by/2.0/,https://www.flickr.com/photos/mariya_umama_wethemba_monastery/2106994522,https://c1.staticflickr.com/3/2332/2106994522_7787f7b01e_o.jpg,ok,https://c6.staticflickr.com/3/2332/2106994522_6a2f6656a6_z.jpg,Desk; Table,data/raw/openimages/candidates/openimages-f76903f01b94dd98.jpg,0.150579433046875,office,8
https://www.flickr.com/people/53743295@N00/,fd1088e194f01b60,https://creativecommons.org/licenses/by/2.0/,https://www.flickr.com/photos/53743295@N00/2461425480,https://farm1.staticflickr.com/3222/2461425480_d47ea25f14_o.jpg,ok,https://c2.staticflickr.com/4/3222/2461425480_f2af6f474a_z.jpg,Desk; Table,data/raw/openimages/candidates/openimages-fd1088e194f01b60.jpg,0.046142578124999986,office,8
https://www.flickr.com/people/ashleymackinnon/,04cf81f7483d5c72,https://creativecommons.org/licenses/by/2.0/,https://www.flickr.com/photos/ashleymackinnon/10953985114,https://farm3.staticflickr.com/3719/10953985114_822faa472f_o.jpg,ok,https://c2.staticflickr.com/4/3719/10953985114_824d03c7ac_z.jpg,Formal wear; Suit,data/raw/openimages/candidates/openimages-04cf81f7483d5c72.jpg,0.927621864,office,7
https://www.flickr.com/people/jamiecook/,0ca06a9280f4d1ae,https://creativecommons.org/licenses/by/2.0/,https://www.flickr.com/photos/jamiecook/221967229,https://c7.staticflickr.com/1/81/221967229_d360c6e8a5_o.jpg,ok,https://c4.staticflickr.com/1/81/221967229_d360c6e8a5_z.jpg?zz=1,Formal wear; Suit,data/raw/openimages/candidates/openimages-0ca06a9280f4d1ae.jpg,0.4809525429853468,office,7
https://www.flickr.com/people/g0v/,124d86a6d3953a13,https://creativecommons.org/licenses/by/2.0/,https://www.flickr.com/photos/g0v/17031718088,https://farm4.staticflickr.com/8792/17031718088_efdf744750_o.jpg,ok,https://c4.staticflickr.com/9/8792/17031718088_cb90c8e3f0_z.jpg,Desk,data/raw/openimages/candidates/openimages-124d86a6d3953a13.jpg,0.052851558656250026,office,7
https://www.flickr.com/people/jason_hutchens/,5635c9b530f89131,https://creativecommons.org/licenses/by/2.0/,https://www.flickr.com/photos/jason_hutchens/1664078,https://farm2.staticflickr.com/2/1664078_1e808bbd6c_o.jpg,ok,https://c8.staticflickr.com/1/2/1664078_1e808bbd6c_z.jpg,Formal wear; Suit,data/raw/openimages/candidates/openimages-5635c9b530f89131.jpg,0.08418826575560404,office,7
https://www.flickr.com/people/colecamplese/,58753b106a49132b,https://creativecommons.org/licenses/by/2.0/,https://www.flickr.com/photos/colecamplese/14199642222,https://c4.staticflickr.com/6/5473/14199642222_567d2afa69_o.jpg,ok,https://c1.staticflickr.com/6/5473/14199642222_58b92b4f26_z.jpg,Formal wear; Suit,data/raw/openimages/candidates/openimages-58753b106a49132b.jpg,0.6425992899999999,office,7
https://www.flickr.com/people/yto/,9036157b782b13e5,https://creativecommons.org/licenses/by/2.0/,https://www.flickr.com/photos/yto/14033799676,https://farm6.staticflickr.com/2900/14033799676_181da0fcae_o.jpg,ok,https://c7.staticflickr.com/3/2900/14033799676_694414dea7_z.jpg,Desk,data/raw/openimages/candidates/openimages-9036157b782b13e5.jpg,0.0454166689375,office,7
https://www.flickr.com/people/51118464@N06/,cf8402aeb5c286d8,https://creativecommons.org/licenses/by/2.0/,https://www.flickr.com/photos/51118464@N06/7285158826,https://c1.staticflickr.com/8/7071/7285158826_0e39f13941_o.jpg,ok,https://c5.staticflickr.com/8/7071/7285158826_d57b5d9c73_z.jpg,Formal wear; Suit,data/raw/openimages/candidates/openimages-cf8402aeb5c286d8.jpg,0.5296747290832615,office,7
https://www.flickr.com/people/aaronpk/,09ea349ee555b61d,https://creativecommons.org/licenses/by/2.0/,https://www.flickr.com/photos/aaronpk/5871553771,https://c6.staticflickr.com/6/5031/5871553771_8e637f5473_o.jpg,ok,https://c6.staticflickr.com/6/5031/5871553771_c3996648b8_z.jpg,Computer monitor,data/raw/openimages/candidates/openimages-09ea349ee555b61d.jpg,0.448004429570725,office,6
https://www.flickr.com/people/lateja/,0c295283d2a46bd7,https://creativecommons.org/licenses/by/2.0/,https://www.flickr.com/photos/lateja/3585134759,https://farm8.staticflickr.com/3319/3585134759_ae62e270cd_o.jpg,ok,https://c7.staticflickr.com/4/3319/3585134759_72ed0d882e_z.jpg,Computer monitor,data/raw/openimages/candidates/openimages-0c295283d2a46bd7.jpg,0.6104714685259928,office,6
https://www.flickr.com/people/pinnaclecollege/,24e4a46f7ce04aa6,https://creativecommons.org/licenses/by/2.0/,https://www.flickr.com/photos/pinnaclecollege/15012990996,https://farm7.staticflickr.com/3861/15012990996_c783a3fbd3_o.jpg,missing,https://c5.staticflickr.com/4/3861/15012990996_9c2810e5ac_z.jpg,Computer monitor,,0.21732318950093998,office,6
https://www.flickr.com/people/dplanet/,45a98c6eb828a0c9,https://creativecommons.org/licenses/by/2.0/,https://www.flickr.com/photos/dplanet/1852555351,https://c2.staticflickr.com/3/2381/1852555351_9f0eab7265_o.jpg,ok,https://c7.staticflickr.com/3/2381/1852555351_b0ae0232dc_z.jpg?zz=1,Computer monitor,data/raw/openimages/candidates/openimages-45a98c6eb828a0c9.jpg,0.17955729371875004,office,6
https://www.flickr.com/people/workshop/,46b3ee69cede9f7c,https://creativecommons.org/licenses/by/2.0/,https://www.flickr.com/photos/workshop/7195722208,https://c5.staticflickr.com/8/7244/7195722208_5f17454c84_o.jpg,ok,https://c7.staticflickr.com/8/7244/7195722208_910edac83d_z.jpg,Computer monitor,data/raw/openimages/candidates/openimages-46b3ee69cede9f7c.jpg,0.08669433347795442,office,6
https://www.flickr.com/people/thomcochrane/,766de0978874e4ad,https://creativecommons.org/licenses/by/2.0/,https://www.flickr.com/photos/thomcochrane/5952284090,https://c6.staticflickr.com/7/6122/5952284090_726b6a1cf8_o.jpg,ok,https://c1.staticflickr.com/7/6122/5952284090_1de235a520_z.jpg,Computer monitor,data/raw/openimages/candidates/openimages-766de0978874e4ad.jpg,0.22720238310787935,office,6
https://www.flickr.com/people/olpc/,a6cd0e29296069a8,https://creativecommons.org/licenses/by/2.0/,https://www.flickr.com/photos/olpc/8199059662,https://c1.staticflickr.com/9/8208/8199059662_349c89b038_o.jpg,ok,https://c6.staticflickr.com/9/8208/8199059662_0570668db2_z.jpg,Computer monitor,data/raw/openimages/candidates/openimages-a6cd0e29296069a8.jpg,0.43112221058131533,office,6
https://www.flickr.com/people/jakecaptive/,b1a6a754a6776670,https://creativecommons.org/licenses/by/2.0/,https://www.flickr.com/photos/jakecaptive/2424473631,https://farm1.staticflickr.com/3036/2424473631_928ab8205e_o.jpg,ok,https://c6.staticflickr.com/4/3036/2424473631_fc678cf977_z.jpg,Computer monitor,data/raw/openimages/candidates/openimages-b1a6a754a6776670.jpg,0.13234374656249995,office,6
https://www.flickr.com/people/osseous/,b36f6840e4856280,https://creativecommons.org/licenses/by/2.0/,https://www.flickr.com/photos/osseous/5624843741,https://farm1.staticflickr.com/5187/5624843741_dfebf77d2f_o.jpg,ok,https://c4.staticflickr.com/6/5187/5624843741_8efc4dea36_z.jpg,Computer monitor,data/raw/openimages/candidates/openimages-b36f6840e4856280.jpg,0.5065429865625,office,6
https://www.flickr.com/people/karles/,b461eb437bf426b3,https://creativecommons.org/licenses/by/2.0/,https://www.flickr.com/photos/karles/2596235922,https://c7.staticflickr.com/4/3026/2596235922_5c156704b8_o.jpg,ok,https://c6.staticflickr.com/4/3026/2596235922_4dabaf1cf7_z.jpg,Computer monitor,data/raw/openimages/candidates/openimages-b461eb437bf426b3.jpg,0.03046875187500001,office,6
https://www.flickr.com/people/56891095@N00/,d631e3098d7ae780,https://creativecommons.org/licenses/by/2.0/,https://www.flickr.com/photos/56891095@N00/2882259586,https://farm1.staticflickr.com/3079/2882259586_39533f9c8c_o.jpg,ok,https://c3.staticflickr.com/4/3079/2882259586_9669f1496c_z.jpg,Computer monitor,data/raw/openimages/candidates/openimages-d631e3098d7ae780.jpg,0.7064897,office,6
https://www.flickr.com/people/uclmedphys/,eb0f9fbe76bdc635,https://creativecommons.org/licenses/by/2.0/,https://www.flickr.com/photos/uclmedphys/12116215433,https://farm6.staticflickr.com/7434/12116215433_23fef7ed88_o.jpg,ok,https://c4.staticflickr.com/8/7434/12116215433_e891589126_z.jpg,Computer monitor,data/raw/openimages/candidates/openimages-eb0f9fbe76bdc635.jpg,0.67551626,office,6
https://www.flickr.com/people/cliniquebeaulieu/,fea234629eea3827,https://creativecommons.org/licenses/by/2.0/,https://www.flickr.com/photos/cliniquebeaulieu/4345910813,https://farm8.staticflickr.com/4056/4345910813_dd1ba4fded_o.jpg,ok,https://c5.staticflickr.com/5/4056/4345910813_c691717ee7_z.jpg?zz=1,Computer monitor,data/raw/openimages/candidates/openimages-fea234629eea3827.jpg,0.1973914206093648,office,6
https://www.flickr.com/people/125285819@N05/,00173afdc7581c41,https://creativecommons.org/licenses/by/2.0/,https://www.flickr.com/photos/125285819@N05/17208815111,https://farm2.staticflickr.com/8817/17208815111_e8c9eb55ee_o.jpg,ok,https://farm2.staticflickr.com/8817/17208815111_e8c9eb55ee_o.jpg,Suit; Table,data/raw/openimages/candidates/openimages-00173afdc7581c41.jpg,0.285435280029762,office,4
https://www.flickr.com/people/61567423@N02/,15272ba02184a37c,https://creativecommons.org/licenses/by/2.0/,https://www.flickr.com/photos/61567423@N02/6437365405,https://c5.staticflickr.com/8/7007/6437365405_09288d8fbb_o.jpg,ok,https://c7.staticflickr.com/8/7007/6437365405_58cd833844_z.jpg,Chair; Suit,data/raw/openimages/candidates/openimages-15272ba02184a37c.jpg,0.76200418,office,4
https://www.flickr.com/people/51465099@N00/,4a1459ae4b03ed76,https://creativecommons.org/licenses/by/2.0/,https://www.flickr.com/photos/51465099@N00/4937187330,https://farm7.staticflickr.com/4082/4937187330_dc5065f13d_o.jpg,ok,https://c2.staticflickr.com/5/4082/4937187330_4fd7812732_z.jpg,Formal wear,data/raw/openimages/candidates/openimages-4a1459ae4b03ed76.jpg,0.939820196781672,office,4
https://www.flickr.com/people/americaspower/,6157fa4f24599b1d,https://creativecommons.org/licenses/by/2.0/,https://www.flickr.com/photos/americaspower/4113313312,https://c6.staticflickr.com/3/2603/4113313312_9fa2202934_o.jpg,ok,https://c6.staticflickr.com/3/2603/4113313312_9fa2202934_o.jpg,Suit; Table,data/raw/openimages/candidates/openimages-6157fa4f24599b1d.jpg,0.12320000219999999,office,4
https://www.flickr.com/people/foto_plus/,65bc5e5a83bc7647,https://creativecommons.org/licenses/by/2.0/,https://www.flickr.com/photos/foto_plus/18460549230,https://farm8.staticflickr.com/338/18460549230_2137191789_o.jpg,ok,https://c4.staticflickr.com/1/338/18460549230_1e7d6eac8e_z.jpg,Suit; Table,data/raw/openimages/candidates/openimages-65bc5e5a83bc7647.jpg,0.7920354,office,4
https://www.flickr.com/people/jamiesrabbits/,75d6ce536f0e3403,https://creativecommons.org/licenses/by/2.0/,https://www.flickr.com/photos/jamiesrabbits/3681406763,https://farm4.staticflickr.com/3646/3681406763_2bb7a65acc_o.jpg,ok,https://c7.staticflickr.com/4/3646/3681406763_22ae0783cd_z.jpg?zz=1,Formal wear,data/raw/openimages/candidates/openimages-75d6ce536f0e3403.jpg,0.6885042409842871,office,4
https://www.flickr.com/people/hiang/,809d426b0ed06d55,https://creativecommons.org/licenses/by/2.0/,https://www.flickr.com/photos/hiang/5813090954,https://farm6.staticflickr.com/5027/5813090954_a056b6a6a4_o.jpg,ok,https://c6.staticflickr.com/6/5027/5813090954_6b91a80c7a_z.jpg,Chair; Suit,data/raw/openimages/candidates/openimages-809d426b0ed06d55.jpg,0.6733533577200992,office,4
https://www.flickr.com/people/estonian-foreign-ministry/,839f30c238af6419,https://creativecommons.org/licenses/by/2.0/,https://www.flickr.com/photos/estonian-foreign-ministry/4543291416,https://c2.staticflickr.com/5/4057/4543291416_8968371fdc_o.jpg,ok,https://c3.staticflickr.com/5/4057/4543291416_3434cbd525_z.jpg,Suit; Table,data/raw/openimages/candidates/openimages-839f30c238af6419.jpg,0.87284483,office,4
https://www.flickr.com/people/javyer/,8b7682ecc501e171,https://creativecommons.org/licenses/by/2.0/,https://www.flickr.com/photos/javyer/5149942186,https://farm2.staticflickr.com/4149/5149942186_5ebf7280a8_o.jpg,missing,https://c7.staticflickr.com/5/4149/5149942186_890bb48dae_z.jpg,Formal wear,,0.99631596306876,office,4
https://www.flickr.com/people/ninian_reid/,9c388e71ce77ff97,https://creativecommons.org/licenses/by/2.0/,https://www.flickr.com/photos/ninian_reid/18649180178,https://farm8.staticflickr.com/3950/18649180178_21250c4a2e_o.jpg,missing,https://c4.staticflickr.com/4/3950/18649180178_f6c90caca1_z.jpg,Suit; Table,,0.4065982438225806,office,4
https://www.flickr.com/people/minoritenplatz8/,9d29fde9c9e6a818,https://creativecommons.org/licenses/by/2.0/,https://www.flickr.com/photos/minoritenplatz8/8185059353,https://c1.staticflickr.com/9/8204/8185059353_42a62d2ba6_o.jpg,ok,https://c2.staticflickr.com/9/8204/8185059353_a944a65256_z.jpg,Chair; Suit,data/raw/openimages/candidates/openimages-9d29fde9c9e6a818.jpg,0.23485392837941763,office,4
https://www.flickr.com/people/treemediaextensions/,9feb65ec5bd010c5,https://creativecommons.org/licenses/by/2.0/,https://www.flickr.com/photos/treemediaextensions/13902783671,https://farm6.staticflickr.com/3723/13902783671_fdbcb3ee87_o.jpg,ok,https://c8.staticflickr.com/4/3723/13902783671_d309381239_z.jpg,Formal wear,data/raw/openimages/candidates/openimages-9feb65ec5bd010c5.jpg,0.44343732753624626,office,4
https://www.flickr.com/people/26326001@N08/,10e35627dac58772,https://creativecommons.org/licenses/by/2.0/,https://www.flickr.com/photos/26326001@N08/10397811763,https://farm3.staticflickr.com/5493/10397811763_b023ac145e_o.jpg,ok,https://c7.staticflickr.com/6/5493/10397811763_e2a6206f23_z.jpg,Suit,data/raw/openimages/candidates/openimages-10e35627dac58772.jpg,0.7205664062500001,office,3
https://www.flickr.com/people/mauriziolupi/,127e3f5d73ce1c24,https://creativecommons.org/licenses/by/2.0/,https://www.flickr.com/photos/mauriziolupi/15389371422,https://farm5.staticflickr.com/3929/15389371422_aab4c1f60c_o.jpg,ok,https://c6.staticflickr.com/4/3929/15389371422_afebd99dcd_z.jpg,Suit,data/raw/openimages/candidates/openimages-127e3f5d73ce1c24.jpg,0.6238350506325216,office,3
https://www.flickr.com/people/yortw/,1314838e2ee5b090,https://creativecommons.org/licenses/by/2.0/,https://www.flickr.com/photos/yortw/5191722122,https://farm1.staticflickr.com/4111/5191722122_12dd963b24_o.jpg,ok,https://c1.staticflickr.com/5/4111/5191722122_3e34580c31_z.jpg,Suit,data/raw/openimages/candidates/openimages-1314838e2ee5b090.jpg,0.04937499999999999,office,3
https://www.flickr.com/people/ralphandjenny/,200de26cc03b5d3c,https://creativecommons.org/licenses/by/2.0/,https://www.flickr.com/photos/ralphandjenny/11937913343,https://c5.staticflickr.com/3/2823/11937913343_4ab9e1c0a5_o.jpg,ok,https://c7.staticflickr.com/3/2823/11937913343_4d14204546_z.jpg,Suit,data/raw/openimages/candidates/openimages-200de26cc03b5d3c.jpg,0.59070796,office,3
https://www.flickr.com/people/75602249@N02/,263bde34e379b258,https://creativecommons.org/licenses/by/2.0/,https://www.flickr.com/photos/75602249@N02/8660197592,https://c1.staticflickr.com/9/8102/8660197592_977fb5644e_o.jpg,ok,https://c5.staticflickr.com/9/8102/8660197592_2f6d3fde40_z.jpg,Suit,data/raw/openimages/candidates/openimages-263bde34e379b258.jpg,0.051700740582400005,office,3
https://www.flickr.com/people/jamoral/,2a1dd6244c9d21b8,https://creativecommons.org/licenses/by/2.0/,https://www.flickr.com/photos/jamoral/16993547941,https://c1.staticflickr.com/8/7623/16993547941_c499aa4bcb_o.jpg,ok,https://c6.staticflickr.com/8/7623/16993547941_b78c41bf52_z.jpg,Suit,data/raw/openimages/candidates/openimages-2a1dd6244c9d21b8.jpg,0.257341979076409,office,3
https://www.flickr.com/people/us_mission_canada/,2da40ca9908b6145,https://creativecommons.org/licenses/by/2.0/,https://www.flickr.com/photos/us_mission_canada/5912458472,https://farm6.staticflickr.com/6051/5912458472_ab1610e579_o.jpg,ok,https://c5.staticflickr.com/7/6051/5912458472_d1bb40c23c_z.jpg,Suit,data/raw/openimages/candidates/openimages-2da40ca9908b6145.jpg,0.946308725,office,3
https://www.flickr.com/people/23066640@N08/,2dd05a7ffa09c95d,https://creativecommons.org/licenses/by/2.0/,https://www.flickr.com/photos/23066640@N08/5424896625,https://c6.staticflickr.com/6/5259/5424896625_9b6e9c1e79_o.jpg,ok,https://c4.staticflickr.com/6/5259/5424896625_c4d45eb32f_z.jpg,Suit,data/raw/openimages/candidates/openimages-2dd05a7ffa09c95d.jpg,1.0,office,3
https://www.flickr.com/people/szene/,30dc8f6e837f7b47,https://creativecommons.org/licenses/by/2.0/,https://www.flickr.com/photos/szene/3624977549,https://farm8.staticflickr.com/3334/3624977549_4f92f14b94_o.jpg,ok,https://c8.staticflickr.com/4/3334/3624977549_125e43d149_z.jpg,Suit,data/raw/openimages/candidates/openimages-30dc8f6e837f7b47.jpg,0.046988797227659994,office,3
https://www.flickr.com/people/mbosio/,33e560e47afb32fc,https://creativecommons.org/licenses/by/2.0/,https://www.flickr.com/photos/mbosio/3109687343,https://c5.staticflickr.com/4/3024/3109687343_9bc9d8ecf0_o.jpg,missing,https://c8.staticflickr.com/4/3024/3109687343_5e971cdc9b_z.jpg?zz=1,Suit,,0.76218613,office,3
https://www.flickr.com/people/81421369@N04/,35e495ce9e92e7c8,https://creativecommons.org/licenses/by/2.0/,https://www.flickr.com/photos/81421369@N04/14133321741,https://c1.staticflickr.com/6/5195/14133321741_a3b659a644_o.jpg,missing,https://c3.staticflickr.com/6/5195/14133321741_02b3aea740_z.jpg,Suit,,0.9715060085214017,office,3
https://www.flickr.com/people/joebackward/,3722904d5b45c676,https://creativecommons.org/licenses/by/2.0/,https://www.flickr.com/photos/joebackward/14411599230,https://farm7.staticflickr.com/3917/14411599230_4124b2801d_o.jpg,ok,https://c6.staticflickr.com/4/3917/14411599230_f5dd8a26a9_z.jpg,Suit,data/raw/openimages/candidates/openimages-3722904d5b45c676.jpg,0.9234375,office,3
https://www.flickr.com/people/pandemia/,377124bb7d32d9d3,https://creativecommons.org/licenses/by/2.0/,https://www.flickr.com/photos/pandemia/64001840,https://farm4.staticflickr.com/34/64001840_51189ff192_o.jpg,missing,https://farm4.staticflickr.com/34/64001840_51189ff192_o.jpg,Suit,,0.7185142502500124,office,3
https://www.flickr.com/people/nostri-imago/,3c11db8fd0e9bc8d,https://creativecommons.org/licenses/by/2.0/,https://www.flickr.com/photos/nostri-imago/5633178255,https://c6.staticflickr.com/6/5189/5633178255_84358cbec0_o.jpg,ok,https://c1.staticflickr.com/6/5189/5633178255_836e5a466e_z.jpg,Suit,data/raw/openimages/candidates/openimages-3c11db8fd0e9bc8d.jpg,0.911504425,office,3
https://www.flickr.com/people/egevad/,3ecbdb0ec36b0ece,https://creativecommons.org/licenses/by/2.0/,https://www.flickr.com/photos/egevad/2611989149,https://c7.staticflickr.com/4/3046/2611989149_6f1baeeea0_o.jpg,ok,https://c7.staticflickr.com/4/3046/2611989149_e81bb34147_z.jpg,Suit,data/raw/openimages/candidates/openimages-3ecbdb0ec36b0ece.jpg,0.87417221,office,3
https://www.flickr.com/people/pamelav/,4f7930bdc1214e9e,https://creativecommons.org/licenses/by/2.0/,https://www.flickr.com/photos/pamelav/2429158183,https://c7.staticflickr.com/4/3268/2429158183_48199a594d_o.jpg,ok,https://c7.staticflickr.com/4/3268/2429158183_85c6637ca1_z.jpg,Suit,data/raw/openimages/candidates/openimages-4f7930bdc1214e9e.jpg,0.12584309595312498,office,3
https://www.flickr.com/people/mc4army/,51fe97432f896dc3,https://creativecommons.org/licenses/by/2.0/,https://www.flickr.com/photos/mc4army/13902683870,https://farm4.staticflickr.com/2929/13902683870_bfc6309c58_o.jpg,ok,https://c1.staticflickr.com/3/2929/13902683870_f4a3aa0daa_z.jpg,Suit,data/raw/openimages/candidates/openimages-51fe97432f896dc3.jpg,0.904684976,office,3
https://www.flickr.com/people/peosoldier/,53c991dec4e98d84,https://creativecommons.org/licenses/by/2.0/,https://www.flickr.com/photos/peosoldier/3880594388,https://farm5.staticflickr.com/2646/3880594388_780e498877_o.jpg,missing,https://c2.staticflickr.com/3/2646/3880594388_30fc17a610_z.jpg,Suit,,0.46647446476962057,office,3
https://www.flickr.com/people/quintanomedia/,54b7a0bc0d489fe8,https://creativecommons.org/licenses/by/2.0/,https://www.flickr.com/photos/quintanomedia/5010433194,https://c1.staticflickr.com/5/4105/5010433194_b595d0be2d_o.jpg,ok,https://c4.staticflickr.com/5/4105/5010433194_4cf886ec40_z.jpg,Suit,data/raw/openimages/candidates/openimages-54b7a0bc0d489fe8.jpg,0.08384069637940832,office,3
https://www.flickr.com/people/grimmelm/,55416d49ac2820ce,https://creativecommons.org/licenses/by/2.0/,https://www.flickr.com/photos/grimmelm/10524192044,https://c7.staticflickr.com/4/3723/10524192044_d141373730_o.jpg,ok,https://c2.staticflickr.com/4/3723/10524192044_dd2e81181a_z.jpg,Suit,data/raw/openimages/candidates/openimages-55416d49ac2820ce.jpg,0.7765486699999999,office,3
https://www.flickr.com/people/ross_elliott/,55e73e0a4a55e948,https://creativecommons.org/licenses/by/2.0/,https://www.flickr.com/photos/ross_elliott/3418470811,https://c1.staticflickr.com/4/3646/3418470811_e12d8bc0bd_o.jpg,ok,https://c1.staticflickr.com/4/3646/3418470811_e12d8bc0bd_o.jpg,Suit,data/raw/openimages/candidates/openimages-55e73e0a4a55e948.jpg,0.14659523147321438,office,3
https://www.flickr.com/people/ncauk/,58939ba30e3a8de8,https://creativecommons.org/licenses/by/2.0/,https://www.flickr.com/photos/ncauk/14411247392,https://c1.staticflickr.com/6/5314/14411247392_d2d5e5ea1e_o.jpg,missing,https://c8.staticflickr.com/6/5314/14411247392_9125be93e8_z.jpg,Suit,,0.9498954532491247,office,3
https://www.flickr.com/people/usasoc/,5d8d2efdbd18a0a6,https://creativecommons.org/licenses/by/2.0/,https://www.flickr.com/photos/usasoc/8233192262,https://farm7.staticflickr.com/8477/8233192262_b96c847d2d_o.jpg,missing,https://c3.staticflickr.com/9/8477/8233192262_0d75fec180_z.jpg,Suit,,0.06085352523744003,office,3
https://www.flickr.com/people/neoninc/,5f801240a38e74af,https://creativecommons.org/licenses/by/2.0/,https://www.flickr.com/photos/neoninc/15585174652,https://c8.staticflickr.com/4/3941/15585174652_5c3764ddff_o.jpg,missing,https://c7.staticflickr.com/4/3941/15585174652_602f42b06f_z.jpg,Suit,,0.2900476237795836,office,3
https://www.flickr.com/people/usfsregion5/,6426af1ed12a3b32,https://creativecommons.org/licenses/by/2.0/,https://www.flickr.com/photos/usfsregion5/15235351687,https://farm3.staticflickr.com/2944/15235351687_716c9585d3_o.jpg,ok,https://c2.staticflickr.com/3/2944/15235351687_9977e2ecf3_z.jpg,Suit,data/raw/openimages/candidates/openimages-6426af1ed12a3b32.jpg,0.9497487736404737,office,3
https://www.flickr.com/people/charlottefd/,6a36e3834174d055,https://creativecommons.org/licenses/by/2.0/,https://www.flickr.com/photos/charlottefd/7160067267,https://farm6.staticflickr.com/7079/7160067267_0e47e45ef2_o.jpg,ok,https://c4.staticflickr.com/8/7079/7160067267_aa99f6f23a_z.jpg,Suit,data/raw/openimages/candidates/openimages-6a36e3834174d055.jpg,0.0663925889690208,office,3
https://www.flickr.com/people/big-ashb/,7ab271c8f5409673,https://creativecommons.org/licenses/by/2.0/,https://www.flickr.com/photos/big-ashb/15901372995,https://farm4.staticflickr.com/8586/15901372995_2f4f2829da_o.jpg,ok,https://c1.staticflickr.com/9/8586/15901372995_30ea5dcc4b_z.jpg,Suit,data/raw/openimages/candidates/openimages-7ab271c8f5409673.jpg,0.10628281748042105,office,3
https://www.flickr.com/people/designtrustforpublicspace/,7ae7c4cce6345f50,https://creativecommons.org/licenses/by/2.0/,https://www.flickr.com/photos/designtrustforpublicspace/4968162722,https://farm1.staticflickr.com/4150/4968162722_01353bd539_o.jpg,ok,https://c7.staticflickr.com/5/4150/4968162722_2d1e5a83c3_z.jpg,Suit,data/raw/openimages/candidates/openimages-7ae7c4cce6345f50.jpg,0.136361414992194,office,3
https://www.flickr.com/people/irekia/,7c0eb6425d59d816,https://creativecommons.org/licenses/by/2.0/,https://www.flickr.com/photos/irekia/5949811275,https://farm7.staticflickr.com/6121/5949811275_7839d5168f_o.jpg,missing,https://c1.staticflickr.com/7/6121/5949811275_f51818592a_z.jpg,Suit,,0.18215339,office,3
https://www.flickr.com/people/uchperu/,82f1a9e2176a2145,https://creativecommons.org/licenses/by/2.0/,https://www.flickr.com/photos/uchperu/8201407984,https://farm6.staticflickr.com/8198/8201407984_7047e49eb9_o.jpg,ok,https://c8.staticflickr.com/9/8198/8201407984_a1c3810593_z.jpg,Suit,data/raw/openimages/candidates/openimages-82f1a9e2176a2145.jpg,0.22843424296875,office,3
https://www.flickr.com/people/magharebia/,8573762933cbef9d,https://creativecommons.org/licenses/by/2.0/,https://www.flickr.com/photos/magharebia/6153202074,https://c6.staticflickr.com/7/6067/6153202074_fbea4493a7_o.jpg,ok,https://c3.staticflickr.com/7/6067/6153202074_d37880d303_z.jpg,Suit,data/raw/openimages/candidates/openimages-8573762933cbef9d.jpg,0.63438736,office,3
https://www.flickr.com/people/yurb/,89bbd2e9aed8e3ed,https://creativecommons.org/licenses/by/2.0/,https://www.flickr.com/photos/yurb/13567846734,https://c6.staticflickr.com/8/7388/13567846734_d258026c81_o.jpg,ok,https://c7.staticflickr.com/8/7388/13567846734_1537eb41c1_z.jpg,Suit,data/raw/openimages/candidates/openimages-89bbd2e9aed8e3ed.jpg,0.11280925234375,office,3
https://www.flickr.com/people/29311691@N05/,8c74211b512b477d,https://creativecommons.org/licenses/by/2.0/,https://www.flickr.com/photos/29311691@N05/4077565227,https://c6.staticflickr.com/3/2675/4077565227_32d0b517a4_o.jpg,ok,https://c4.staticflickr.com/3/2675/4077565227_3fcc4c7e17_z.jpg?zz=1,Suit,data/raw/openimages/candidates/openimages-8c74211b512b477d.jpg,0.16574244146391795,office,3
https://www.flickr.com/people/elmimmo/,9019714440b78dca,https://creativecommons.org/licenses/by/2.0/,https://www.flickr.com/photos/elmimmo/673354264,https://c3.staticflickr.com/2/1384/673354264_ccc85c09cd_o.jpg,ok,https://c2.staticflickr.com/2/1384/673354264_2a05aaf862_z.jpg,Suit,data/raw/openimages/candidates/openimages-9019714440b78dca.jpg,0.7433628400000001,office,3
https://www.flickr.com/people/sfupamr/,90bfb292135a852e,https://creativecommons.org/licenses/by/2.0/,https://www.flickr.com/photos/sfupamr/6097413301,https://c7.staticflickr.com/7/6183/6097413301_55d92da74c_o.jpg,ok,https://c1.staticflickr.com/7/6183/6097413301_c27a5797da_z.jpg,Suit,data/raw/openimages/candidates/openimages-90bfb292135a852e.jpg,0.31073476248954096,office,3
https://www.flickr.com/people/usembassymadrid/,93835a4c76f55770,https://creativecommons.org/licenses/by/2.0/,https://www.flickr.com/photos/usembassymadrid/8099992393,https://farm1.staticflickr.com/8474/8099992393_4b43324480_o.jpg,missing,https://c6.staticflickr.com/9/8474/8099992393_c9d1ef8786_z.jpg,Suit,,0.21849791721924083,office,3
https://www.flickr.com/people/99781513@N04/,97cc841354b635d4,https://creativecommons.org/licenses/by/2.0/,https://www.flickr.com/photos/99781513@N04/14855615483,https://farm5.staticflickr.com/3903/14855615483_807b1da37b_o.jpg,missing,https://c6.staticflickr.com/4/3903/14855615483_369c1ec379_z.jpg,Suit,,0.73477672,office,3
https://www.flickr.com/people/gobiernodechile/,9d47e1dc37ee71a1,https://creativecommons.org/licenses/by/2.0/,https://www.flickr.com/photos/gobiernodechile/5494392400,https://farm2.staticflickr.com/5299/5494392400_a0ac854dc2_o.jpg,ok,https://c5.staticflickr.com/6/5299/5494392400_58024b46ce_z.jpg,Suit,data/raw/openimages/candidates/openimages-9d47e1dc37ee71a1.jpg,0.09737601467171778,office,3
https://www.flickr.com/people/fillmorephotography/,a26b2c00a79d2c0d,https://creativecommons.org/licenses/by/2.0/,https://www.flickr.com/photos/fillmorephotography/405433195,https://c6.staticflickr.com/1/134/405433195_419719af02_o.jpg,ok,https://c5.staticflickr.com/1/134/405433195_419719af02_z.jpg?zz=1,Suit,data/raw/openimages/candidates/openimages-a26b2c00a79d2c0d.jpg,0.064393489242863,office,3
https://www.flickr.com/people/kyngpao/,a3898d7be48dded7,https://creativecommons.org/licenses/by/2.0/,https://www.flickr.com/photos/kyngpao/8642125093,https://farm8.staticflickr.com/8406/8642125093_b7b66b94ee_o.jpg,ok,https://c8.staticflickr.com/9/8406/8642125093_7ba20f5737_z.jpg,Suit,data/raw/openimages/candidates/openimages-a3898d7be48dded7.jpg,0.6296010098575981,office,3
https://www.flickr.com/people/ennahdha/,a518c1b00e92e328,https://creativecommons.org/licenses/by/2.0/,https://www.flickr.com/photos/ennahdha/15154199807,https://c1.staticflickr.com/4/3873/15154199807_9d7fd1012d_o.jpg,ok,https://c8.staticflickr.com/4/3873/15154199807_10e1071169_z.jpg,Suit,data/raw/openimages/candidates/openimages-a518c1b00e92e328.jpg,0.84292035,office,3
https://www.flickr.com/people/betsyweber/,ad08afb5c0f5bb34,https://creativecommons.org/licenses/by/2.0/,https://www.flickr.com/photos/betsyweber/13091680695/,https://farm5.staticflickr.com/7450/13091680695_046f82af42_o.jpg,ok,https://c8.staticflickr.com/8/7450/13091680695_d776974d76_z.jpg,Suit,data/raw/openimages/candidates/openimages-ad08afb5c0f5bb34.jpg,0.0427641401803748,office,3
https://www.flickr.com/people/nzdefenceforce/,ad0a21a5d439eca0,https://creativecommons.org/licenses/by/2.0/,https://www.flickr.com/photos/nzdefenceforce/6098440185,https://farm1.staticflickr.com/6192/6098440185_32c1111f78_o.jpg,missing,https://c8.staticflickr.com/7/6192/6098440185_1f8992d000_z.jpg,Suit,,0.980088495,office,3
https://www.flickr.com/people/john_t_harwood/,b1e5b49b153ca521,https://creativecommons.org/licenses/by/2.0/,https://www.flickr.com/photos/john_t_harwood/3453566727,https://farm2.staticflickr.com/3406/3453566727_20694ec8c1_o.jpg,ok,https://c5.staticflickr.com/4/3406/3453566727_4194bc2eb0_z.jpg,Suit,data/raw/openimages/candidates/openimages-b1e5b49b153ca521.jpg,0.9963153906948611,office,3
https://www.flickr.com/people/69570125@N05/,b4e13abee1f93dde,https://creativecommons.org/licenses/by/2.0/,https://www.flickr.com/photos/69570125@N05/8113235076,https://c7.staticflickr.com/9/8466/8113235076_84d3b1f387_o.jpg,ok,https://c6.staticflickr.com/9/8466/8113235076_825ce8e53c_z.jpg,Suit,data/raw/openimages/candidates/openimages-b4e13abee1f93dde.jpg,0.21720571918043702,office,3
https://www.flickr.com/people/nikunoki/,b76711dd9a34497e,https://creativecommons.org/licenses/by/2.0/,https://www.flickr.com/photos/nikunoki/16124176601,https://c7.staticflickr.com/8/7482/16124176601_32fc86dab0_o.jpg,ok,https://c8.staticflickr.com/8/7482/16124176601_206b97d6b2_z.jpg,Suit,data/raw/openimages/candidates/openimages-b76711dd9a34497e.jpg,0.20534829078125003,office,3
https://www.flickr.com/people/115331056@N07/,ba44038134ebd371,https://creativecommons.org/licenses/by/2.0/,https://www.flickr.com/photos/115331056@N07/12114436746,https://farm2.staticflickr.com/3725/12114436746_61b3c8b3f6_o.jpg,ok,https://c2.staticflickr.com/4/3725/12114436746_94839c5a2a_z.jpg,Suit,data/raw/openimages/candidates/openimages-ba44038134ebd371.jpg,0.171851793749253,office,3
https://www.flickr.com/people/rzuranski/,ca025cba1d6fd1c8,https://creativecommons.org/licenses/by/2.0/,https://www.flickr.com/photos/rzuranski/6931640672,https://c1.staticflickr.com/6/5200/6931640672_d822c42a5b_o.jpg,ok,https://c1.staticflickr.com/6/5200/6931640672_f530090b2f_z.jpg,Suit,data/raw/openimages/candidates/openimages-ca025cba1d6fd1c8.jpg,0.441247727266166,office,3
https://www.flickr.com/people/buenosairesprensa/,d52f68ba4a1d8bdd,https://creativecommons.org/licenses/by/2.0/,https://www.flickr.com/photos/buenosairesprensa/10190807793,https://c6.staticflickr.com/9/8547/10190807793_c2567fb21c_o.jpg,ok,https://c7.staticflickr.com/9/8547/10190807793_6865e01893_z.jpg,Suit,data/raw/openimages/candidates/openimages-d52f68ba4a1d8bdd.jpg,0.13226728234723004,office,3
https://www.flickr.com/people/23876049@N06/,e36107e0a375cb0b,https://creativecommons.org/licenses/by/2.0/,https://www.flickr.com/photos/23876049@N06/15451870441,https://c4.staticflickr.com/3/2945/15451870441_6a24b6f0b9_o.jpg,ok,https://c2.staticflickr.com/3/2945/15451870441_1f3b2d9061_z.jpg,Suit,data/raw/openimages/candidates/openimages-e36107e0a375cb0b.jpg,0.292344173972563,office,3
https://www.flickr.com/people/nataliemaynor/,e39cd20c9e0a6147,https://creativecommons.org/licenses/by/2.0/,https://www.flickr.com/photos/nataliemaynor/6310978908,https://farm8.staticflickr.com/6043/6310978908_7f2e249470_o.jpg,ok,https://c2.staticflickr.com/7/6043/6310978908_a823778e00_z.jpg,Suit,data/raw/openimages/candidates/openimages-e39cd20c9e0a6147.jpg,0.10423325347030402,office,3
https://www.flickr.com/people/agenciabrasilia/,e46c6bbaeea33716,https://creativecommons.org/licenses/by/2.0/,https://www.flickr.com/photos/agenciabrasilia/15899393033,https://farm7.staticflickr.com/7288/15899393033_920b454e69_o.jpg,missing,https://c6.staticflickr.com/8/7288/15899393033_64b6192a62_z.jpg,Suit,,0.12043165369136202,office,3
https://www.flickr.com/people/thinking_europe/,e5fa395738f46185,https://creativecommons.org/licenses/by/2.0/,https://www.flickr.com/photos/thinking_europe/15420341218,https://farm6.staticflickr.com/3940/15420341218_605ee6fa06_o.jpg,ok,https://c6.staticflickr.com/4/3940/15420341218_3fd13885f2_z.jpg,Suit,data/raw/openimages/candidates/openimages-e5fa395738f46185.jpg,0.5814446028352471,office,3
https://www.flickr.com/people/zapmole/,e91870c9dffbc26a,https://creativecommons.org/licenses/by/2.0/,https://www.flickr.com/photos/zapmole/4806586150,https://c3.staticflickr.com/5/4093/4806586150_d1216f4b3f_o.jpg,ok,https://c3.staticflickr.com/5/4093/4806586150_01db3d0d2c_z.jpg,Suit,data/raw/openimages/candidates/openimages-e91870c9dffbc26a.jpg,0.03742970774512201,office,3
https://www.flickr.com/people/dvids/,f0366aa3cacc4e76,https://creativecommons.org/licenses/by/2.0/,https://www.flickr.com/photos/dvids/6943826897,https://farm7.staticflickr.com/7198/6943826897_ef8a7dedf6_o.jpg,ok,https://c4.staticflickr.com/8/7198/6943826897_d94fc33e60_z.jpg,Suit,data/raw/openimages/candidates/openimages-f0366aa3cacc4e76.jpg,0.39740636852484396,office,3
https://www.flickr.com/people/vladimirteran/,f65a453b330eb66a,https://creativecommons.org/licenses/by/2.0/,https://www.flickr.com/photos/vladimirteran/8202516418,https://c3.staticflickr.com/9/8210/8202516418_159ace5b28_o.jpg,ok,https://c5.staticflickr.com/9/8210/8202516418_fcc618446d_z.jpg,Suit,data/raw/openimages/candidates/openimages-f65a453b330eb66a.jpg,0.94375,office,3
https://www.flickr.com/people/trishhhh/,04b1367c2c475c5a,https://creativecommons.org/licenses/by/2.0/,https://www.flickr.com/photos/trishhhh/2334642009,https://c3.staticflickr.com/4/3070/2334642009_edaabb9ce9_o.jpg,ok,https://c7.staticflickr.com/4/3070/2334642009_7c5ccf540e_z.jpg?zz=1,Chair; Table,data/raw/openimages/candidates/openimages-04b1367c2c475c5a.jpg,0.18802083234374997,office,2
https://www.flickr.com/people/skellysf/,0b83e754be780735,https://creativecommons.org/licenses/by/2.0/,https://www.flickr.com/photos/skellysf/12145678144,https://farm6.staticflickr.com/7352/12145678144_7761840757_o.jpg,ok,https://c4.staticflickr.com/8/7352/12145678144_2bc43d0ed2_z.jpg,Chair; Table,data/raw/openimages/candidates/openimages-0b83e754be780735.jpg,0.9801878475033391,office,2
https://www.flickr.com/people/96147639@N00/,0ca4cd34574b30be,https://creativecommons.org/licenses/by/2.0/,https://www.flickr.com/photos/96147639@N00/375125625,https://c7.staticflickr.com/1/158/375125625_c595fcd5cc_o.jpg,missing,https://c2.staticflickr.com/1/158/375125625_c595fcd5cc_z.jpg,Chair; Table,,0.44064450378125003,office,2
https://www.flickr.com/people/militaryhealth/,0d27f48afe799682,https://creativecommons.org/licenses/by/2.0/,https://www.flickr.com/photos/militaryhealth/4526351944,https://farm3.staticflickr.com/4036/4526351944_5b4f5e6699_o.jpg,missing,https://c6.staticflickr.com/5/4036/4526351944_87b51c848a_z.jpg,Chair; Table,,0.73882353,office,2
https://www.flickr.com/people/nrdcpix/,1bde6aa77c1a45fb,https://creativecommons.org/licenses/by/2.0/,https://www.flickr.com/photos/nrdcpix/6298080475,https://c4.staticflickr.com/7/6235/6298080475_7707d5d0b3_o.jpg,ok,https://c6.staticflickr.com/7/6235/6298080475_15f5b9584d_z.jpg,Chair; Table,data/raw/openimages/candidates/openimages-1bde6aa77c1a45fb.jpg,0.1546875,office,2
https://www.flickr.com/people/barolo/,283dafebe225590d,https://creativecommons.org/licenses/by/2.0/,https://www.flickr.com/photos/barolo/18539754166,https://c6.staticflickr.com/1/493/18539754166_68ee342984_o.jpg,ok,https://c1.staticflickr.com/1/493/18539754166_d7d07da13e_z.jpg,Chair; Table,data/raw/openimages/candidates/openimages-283dafebe225590d.jpg,0.58470703125,office,2
https://www.flickr.com/people/karpidis/,42c05e6f790f4ef6,https://creativecommons.org/licenses/by/2.0/,https://www.flickr.com/photos/karpidis/884987473,https://farm7.staticflickr.com/1190/884987473_df0e7b399a_o.jpg,ok,https://c1.staticflickr.com/2/1190/884987473_b74b4ab914_z.jpg,Chair; Table,data/raw/openimages/candidates/openimages-42c05e6f790f4ef6.jpg,0.07708332793750002,office,2
https://www.flickr.com/people/cezzie901/,48bd83368a70defc,https://creativecommons.org/licenses/by/2.0/,https://www.flickr.com/photos/cezzie901/14963871812,https://c5.staticflickr.com/4/3852/14963871812_67d5a1c539_o.jpg,ok,https://c8.staticflickr.com/4/3852/14963871812_76a3ef33ab_z.jpg,Chair; Table,data/raw/openimages/candidates/openimages-48bd83368a70defc.jpg,0.09699853143981665,office,2
https://www.flickr.com/people/extra_chrisb/,4a8a66861e06950b,https://creativecommons.org/licenses/by/2.0/,https://www.flickr.com/photos/extra_chrisb/6261457653,https://c4.staticflickr.com/7/6154/6261457653_9b26b14b71_o.jpg,ok,https://c6.staticflickr.com/7/6154/6261457653_b342bbeb30_z.jpg,Chair; Table,data/raw/openimages/candidates/openimages-4a8a66861e06950b.jpg,0.12894205431250003,office,2
https://www.flickr.com/people/gonmi/,5394ab5de1e1a647,https://creativecommons.org/licenses/by/2.0/,https://www.flickr.com/photos/gonmi/15539549999,https://farm8.staticflickr.com/3946/15539549999_7dc72e83dd_o.jpg,missing,https://c5.staticflickr.com/4/3946/15539549999_9841ced356_z.jpg,Chair; Table,,0.05013671874999997,office,2
https://www.flickr.com/people/pena2/,64f62f4d15126abe,https://creativecommons.org/licenses/by/2.0/,https://www.flickr.com/photos/pena2/5614052763,https://c7.staticflickr.com/6/5023/5614052763_ea7064834d_o.jpg,ok,https://c6.staticflickr.com/6/5023/5614052763_2daf4e5c7b_z.jpg,Chair; Table,data/raw/openimages/candidates/openimages-64f62f4d15126abe.jpg,0.6104166799999999,office,2
https://www.flickr.com/people/carlinha/,6732fe471c0e0595,https://creativecommons.org/licenses/by/2.0/,https://www.flickr.com/photos/carlinha/3096935080,https://farm6.staticflickr.com/3015/3096935080_c884d54744_o.jpg,ok,https://c3.staticflickr.com/4/3015/3096935080_cc9734aa42_z.jpg?zz=1,Chair; Table,data/raw/openimages/candidates/openimages-6732fe471c0e0595.jpg,0.37836961674999997,office,2
https://www.flickr.com/people/carlos-pacheco/,7a87225ae9d63bcd,https://creativecommons.org/licenses/by/2.0/,https://www.flickr.com/photos/carlos-pacheco/11677133105,https://c6.staticflickr.com/3/2831/11677133105_6b12f2136f_o.jpg,ok,https://c4.staticflickr.com/3/2831/11677133105_bf7fe37cc2_z.jpg,Chair; Table,data/raw/openimages/candidates/openimages-7a87225ae9d63bcd.jpg,0.09305542404173703,office,2
https://www.flickr.com/people/chrstphre/,83c8fff6303c468a,https://creativecommons.org/licenses/by/2.0/,https://www.flickr.com/photos/chrstphre/3073299169,https://c3.staticflickr.com/4/3166/3073299169_630461aedf_o.jpg,ok,https://c4.staticflickr.com/4/3166/3073299169_74226a4047_z.jpg,Chair; Table,data/raw/openimages/candidates/openimages-83c8fff6303c468a.jpg,0.14366196407277,office,2
https://www.flickr.com/people/carriekaufmann/,8dd2a9039f4e85b1,https://creativecommons.org/licenses/by/2.0/,https://www.flickr.com/photos/carriekaufmann/16395698389,https://farm2.staticflickr.com/7294/16395698389_62d16d2a1c_o.jpg,ok,https://c3.staticflickr.com/8/7294/16395698389_bacedeecb7_z.jpg,Chair; Table,data/raw/openimages/candidates/openimages-8dd2a9039f4e85b1.jpg,0.42128603000000003,office,2
https://www.flickr.com/people/istolethetv/,8f2e423a486c893b,https://creativecommons.org/licenses/by/2.0/,https://www.flickr.com/photos/istolethetv/3479871193,https://c4.staticflickr.com/4/3302/3479871193_88557f82e0_o.jpg,ok,https://c5.staticflickr.com/4/3302/3479871193_e00a96f75f_z.jpg?zz=1,Computer,data/raw/openimages/candidates/openimages-8f2e423a486c893b.jpg,0.052484995432275604,office,2
https://www.flickr.com/people/macinate/,973411d193107c9c,https://creativecommons.org/licenses/by/2.0/,https://www.flickr.com/photos/macinate/2061049887,https://c5.staticflickr.com/3/2338/2061049887_215ce91d4a_o.jpg,missing,https://c5.staticflickr.com/3/2338/2061049887_45a68a797c_z.jpg,Chair; Table,,0.061638230069400585,office,2
https://www.flickr.com/people/mediummaria/,9c54662ca0b0074f,https://creativecommons.org/licenses/by/2.0/,https://www.flickr.com/photos/mediummaria/10617121794,https://c8.staticflickr.com/6/5545/10617121794_c0a691bf4b_o.jpg,ok,https://c4.staticflickr.com/6/5545/10617121794_724403df2c_z.jpg,Chair; Table,data/raw/openimages/candidates/openimages-9c54662ca0b0074f.jpg,0.06838541124999999,office,2
https://www.flickr.com/people/orestej/,a9c524228aecdba0,https://creativecommons.org/licenses/by/2.0/,https://www.flickr.com/photos/orestej/16410330387,https://farm1.staticflickr.com/8596/16410330387_b8bdda0be0_o.jpg,ok,https://c3.staticflickr.com/9/8596/16410330387_ece4be95f3_z.jpg,Chair; Table,data/raw/openimages/candidates/openimages-a9c524228aecdba0.jpg,0.9315673,office,2
https://www.flickr.com/people/44462117@N03/,adc62b8d5661eaaf,https://creativecommons.org/licenses/by/2.0/,https://www.flickr.com/photos/44462117@N03/16354950034,https://c8.staticflickr.com/8/7285/16354950034_ccef2ed6ff_o.jpg,missing,https://c6.staticflickr.com/8/7285/16354950034_27c4559f26_z.jpg,Chair; Table,,0.034687494,office,2
https://www.flickr.com/people/chadwickdc/,b6f6668ab9204fe8,https://creativecommons.org/licenses/by/2.0/,https://www.flickr.com/photos/chadwickdc/17592331559,https://c1.staticflickr.com/8/7770/17592331559_fe1ea73d78_o.jpg,ok,https://c3.staticflickr.com/8/7770/17592331559_c4d1f3a7f6_z.jpg,Chair; Table,data/raw/openimages/candidates/openimages-b6f6668ab9204fe8.jpg,0.3044221503857,office,2
https://www.flickr.com/people/miamism/,c705061238b1fe30,https://creativecommons.org/licenses/by/2.0/,https://www.flickr.com/photos/miamism/3534105975,https://farm1.staticflickr.com/2476/3534105975_acab886fcb_o.jpg,ok,https://c2.staticflickr.com/3/2476/3534105975_249cacf9fd_z.jpg?zz=1,Chair; Table,data/raw/openimages/candidates/openimages-c705061238b1fe30.jpg,0.7020898501875,office,2
https://www.flickr.com/people/preferenciaavida/,caf6a9012d9dca81,https://creativecommons.org/licenses/by/2.0/,https://www.flickr.com/photos/preferenciaavida/6395280767,https://farm2.staticflickr.com/7173/6395280767_2bee03740f_o.jpg,ok,https://c4.staticflickr.com/8/7173/6395280767_97cf476109_z.jpg,Chair; Table,data/raw/openimages/candidates/openimages-caf6a9012d9dca81.jpg,0.6810277862006849,office,2
https://www.flickr.com/people/cristinacifuentes/,d71c1399a5e52c93,https://creativecommons.org/licenses/by/2.0/,https://www.flickr.com/photos/cristinacifuentes/18497948244,https://farm4.staticflickr.com/539/18497948244_17233aa32b_o.jpg,ok,https://c1.staticflickr.com/1/539/18497948244_895a51b48f_z.jpg,Chair; Table,data/raw/openimages/candidates/openimages-d71c1399a5e52c93.jpg,0.84292035,office,2
https://www.flickr.com/people/a_little_brighter/,dabd65b40c5f53fc,https://creativecommons.org/licenses/by/2.0/,https://www.flickr.com/photos/a_little_brighter/15159178600,https://c5.staticflickr.com/3/2942/15159178600_1afd0fc627_o.jpg,ok,https://c7.staticflickr.com/3/2942/15159178600_b60b6fd80c_z.jpg,Chair; Table,data/raw/openimages/candidates/openimages-dabd65b40c5f53fc.jpg,0.519157737709296,office,2
https://www.flickr.com/people/88158121@N00/,dbfe441dab364b60,https://creativecommons.org/licenses/by/2.0/,https://www.flickr.com/photos/88158121@N00/4998950871/,https://farm1.staticflickr.com/4089/4998950871_e586d70a45_o.jpg,ok,https://c4.staticflickr.com/5/4089/4998950871_14e885996a_z.jpg,Chair; Table,data/raw/openimages/candidates/openimages-dbfe441dab364b60.jpg,0.04010565642961962,office,2
https://www.flickr.com/people/3-bs/,e216dd92c7f1e961,https://creativecommons.org/licenses/by/2.0/,https://www.flickr.com/photos/3-bs/15388287024,https://farm2.staticflickr.com/7476/15388287024_9b7dcdcfb7_o.jpg,ok,https://c1.staticflickr.com/8/7476/15388287024_acdfab3a12_z.jpg,Chair; Table,data/raw/openimages/candidates/openimages-e216dd92c7f1e961.jpg,0.33923304418879036,office,2
https://www.flickr.com/people/kingtyrone/,ebd0c7e8a9463425,https://creativecommons.org/licenses/by/2.0/,https://www.flickr.com/photos/kingtyrone/2095056744,https://farm6.staticflickr.com/2386/2095056744_36b7c634fb_o.jpg,missing,https://c6.staticflickr.com/3/2386/2095056744_4e08baae06_z.jpg?zz=1,Chair; Table,,0.1678841834525656,office,2
https://www.flickr.com/people/cenatic/,f515f74f27c71d34,https://creativecommons.org/licenses/by/2.0/,https://www.flickr.com/photos/cenatic/3438774088,https://farm5.staticflickr.com/3412/3438774088_1ac2eefdc1_o.jpg,ok,https://c3.staticflickr.com/4/3412/3438774088_86b2916c50_z.jpg?zz=1,Chair; Table,data/raw/openimages/candidates/openimages-f515f74f27c71d34.jpg,0.52083334,office,2
https://www.flickr.com/people/vladimirteran/,01dc49e587b180a4,https://creativecommons.org/licenses/by/2.0/,https://www.flickr.com/photos/vladimirteran/8175286164,https://farm5.staticflickr.com/8063/8175286164_60408ec5aa_o.jpg,ok,https://c7.staticflickr.com/9/8063/8175286164_4439ffc5c0_z.jpg,Table,data/raw/openimages/candidates/openimages-01dc49e587b180a4.jpg,0.69583333,office,1
https://www.flickr.com/people/civicus/,01f26ca52e27a8d9,https://creativecommons.org/licenses/by/2.0/,https://www.flickr.com/photos/civicus/14270965637,https://c2.staticflickr.com/4/3918/14270965637_d60194a52d_o.jpg,ok,https://c2.staticflickr.com/4/3918/14270965637_d60194a52d_o.jpg,Table,data/raw/openimages/candidates/openimages-01f26ca52e27a8d9.jpg,0.183274877640306,office,1
https://www.flickr.com/people/barbarabrannon/,05035aff6e43506a,https://creativecommons.org/licenses/by/2.0/,https://www.flickr.com/photos/barbarabrannon/15545030946,https://c3.staticflickr.com/6/5607/15545030946_ae5cf99689_o.jpg,ok,https://c7.staticflickr.com/6/5607/15545030946_2a2c0c7bd7_z.jpg,Table,data/raw/openimages/candidates/openimages-05035aff6e43506a.jpg,0.402848575340859,office,1
https://www.flickr.com/people/grahamhills/,057d0e3dc7e56806,https://creativecommons.org/licenses/by/2.0/,https://www.flickr.com/photos/grahamhills/3944118548,https://farm7.staticflickr.com/3435/3944118548_17e2d780e0_o.jpg,ok,https://c3.staticflickr.com/4/3435/3944118548_d6325342c3_z.jpg,Table,data/raw/openimages/candidates/openimages-057d0e3dc7e56806.jpg,0.086920569625,office,1
https://www.flickr.com/people/derbeth/,05a149770e1013f1,https://creativecommons.org/licenses/by/2.0/,https://www.flickr.com/photos/derbeth/5069179060,https://farm2.staticflickr.com/4090/5069179060_01fdd85cf3_o.jpg,ok,https://c8.staticflickr.com/5/4090/5069179060_ed8468e834_z.jpg,Table,data/raw/openimages/candidates/openimages-05a149770e1013f1.jpg,0.09298921215351999,office,1
https://www.flickr.com/people/strobech/,06471f7dae36a831,https://creativecommons.org/licenses/by/2.0/,https://www.flickr.com/photos/strobech/8093906695,https://farm2.staticflickr.com/8331/8093906695_cd229430fa_o.jpg,ok,https://c3.staticflickr.com/9/8331/8093906695_244f93ec6d_z.jpg,Table,data/raw/openimages/candidates/openimages-06471f7dae36a831.jpg,0.11061513054789121,office,1
https://www.flickr.com/people/gmarziou/,06845739ca91dd3e,https://creativecommons.org/licenses/by/2.0/,https://www.flickr.com/photos/gmarziou/65581701,https://c7.staticflickr.com/1/26/65581701_33b1ddcf14_o.jpg,ok,https://c7.staticflickr.com/1/26/65581701_33b1ddcf14_z.jpg,Table,data/raw/openimages/candidates/openimages-06845739ca91dd3e.jpg,0.3025491828332301,office,1
https://www.flickr.com/people/penreyes/,0709eb8e8c2d19fa,https://creativecommons.org/licenses/by/2.0/,https://www.flickr.com/photos/penreyes/2953486347,https://c3.staticflickr.com/4/3294/2953486347_efe307bfba_o.jpg,ok,https://c8.staticflickr.com/4/3294/2953486347_51b8f3ded9_z.jpg,Table,data/raw/openimages/candidates/openimages-0709eb8e8c2d19fa.jpg,0.09843750000000001,office,1
https://www.flickr.com/people/daninofal/,073656ee0dc47e82,https://creativecommons.org/licenses/by/2.0/,https://www.flickr.com/photos/daninofal/6834639914,https://farm3.staticflickr.com/7050/6834639914_82e0741941_o.jpg,ok,https://c6.staticflickr.com/8/7050/6834639914_3d9dd82fe7_z.jpg,Table,data/raw/openimages/candidates/openimages-073656ee0dc47e82.jpg,0.0489221837786235,office,1
https://www.flickr.com/people/gmarziou/,078fd57f81047cf3,https://creativecommons.org/licenses/by/2.0/,https://www.flickr.com/photos/gmarziou/14161664274,https://farm4.staticflickr.com/7352/14161664274_90e91221c2_o.jpg,ok,https://c8.staticflickr.com/8/7352/14161664274_eebae8a210_z.jpg,Table,data/raw/openimages/candidates/openimages-078fd57f81047cf3.jpg,0.14194533610900092,office,1
https://www.flickr.com/people/karpidis/,0847141f94804658,https://creativecommons.org/licenses/by/2.0/,https://www.flickr.com/photos/karpidis/3163739432,https://c1.staticflickr.com/4/3152/3163739432_5c7a81efb0_o.jpg,ok,https://c1.staticflickr.com/4/3152/3163739432_10c5d4315f_z.jpg,Table,data/raw/openimages/candidates/openimages-0847141f94804658.jpg,0.799117,office,1
https://www.flickr.com/people/johovac/,09e094375efab7fe,https://creativecommons.org/licenses/by/2.0/,https://www.flickr.com/photos/johovac/2756964116,https://c7.staticflickr.com/4/3245/2756964116_63b981995c_o.jpg,ok,https://c8.staticflickr.com/4/3245/2756964116_d3d43d6be9_z.jpg,Chair,data/raw/openimages/candidates/openimages-09e094375efab7fe.jpg,0.34796875000000005,office,1
https://www.flickr.com/people/chiaki/,0b8b9d6b70643ef1,https://creativecommons.org/licenses/by/2.0/,https://www.flickr.com/photos/chiaki/1265565890,https://farm2.staticflickr.com/1131/1265565890_1cd6e2e849_o.jpg,ok,https://c4.staticflickr.com/2/1131/1265565890_5f841d2ba8_z.jpg,Table,data/raw/openimages/candidates/openimages-0b8b9d6b70643ef1.jpg,0.13398437325,office,1
https://www.flickr.com/people/gmarziou/,0c3faec726e97005,https://creativecommons.org/licenses/by/2.0/,https://www.flickr.com/photos/gmarziou/6283936517/,https://farm6.staticflickr.com/6058/6283936517_025a908b82_o.jpg,ok,https://c3.staticflickr.com/7/6058/6283936517_068a073706_z.jpg,Table,data/raw/openimages/candidates/openimages-0c3faec726e97005.jpg,0.9719764,office,1
https://www.flickr.com/people/gmarziou/,0f0297c3c92c39c1,https://creativecommons.org/licenses/by/2.0/,https://www.flickr.com/photos/gmarziou/15475662318,https://farm2.staticflickr.com/7567/15475662318_e6d50d504e_o.jpg,ok,https://c4.staticflickr.com/8/7567/15475662318_451a623f36_z.jpg,Table,data/raw/openimages/candidates/openimages-0f0297c3c92c39c1.jpg,0.0522619912410264,office,1
https://www.flickr.com/people/lenore-m/,121c740241ed3dc7,https://creativecommons.org/licenses/by/2.0/,https://www.flickr.com/photos/lenore-m/15340364961,https://farm8.staticflickr.com/2943/15340364961_edfa391af2_o.jpg,missing,https://c4.staticflickr.com/3/2943/15340364961_6a335bc43f_z.jpg,Table,,0.07106077202091,office,1
https://www.flickr.com/people/130800505@N02/,12afe1d19dabcba1,https://creativecommons.org/licenses/by/2.0/,https://www.flickr.com/photos/130800505@N02/17780785240,https://farm2.staticflickr.com/8790/17780785240_3d62bb31fd_o.jpg,missing,https://c7.staticflickr.com/9/8790/17780785240_03230d9789_z.jpg,Table,,0.645989307110995,office,1
https://www.flickr.com/people/nabruuc/,131bd083b0a68588,https://creativecommons.org/licenses/by/2.0/,https://www.flickr.com/photos/nabruuc/9129289710,https://c1.staticflickr.com/8/7343/9129289710_21f8329a0f_o.jpg,missing,https://c6.staticflickr.com/8/7343/9129289710_3b66c69a61_z.jpg,Chair,,0.10990487023695002,office,1
https://www.flickr.com/people/26531284@N02/,13cfe71ebbf0ae3b,https://creativecommons.org/licenses/by/2.0/,https://www.flickr.com/photos/26531284@N02/5613309195,https://c4.staticflickr.com/6/5183/5613309195_1ca6dbb29d_o.jpg,missing,https://c2.staticflickr.com/6/5183/5613309195_da99b73646_z.jpg,Chair,,0.07984375481249999,office,1
https://www.flickr.com/people/donabelandewen/,141d8961e111ead7,https://creativecommons.org/licenses/by/2.0/,https://www.flickr.com/photos/donabelandewen/62858237,https://farm8.staticflickr.com/26/62858237_d85929a349_o.jpg,ok,https://c3.staticflickr.com/1/26/62858237_d85929a349_z.jpg?zz=1,Table,data/raw/openimages/candidates/openimages-141d8961e111ead7.jpg,1.0,office,1
https://www.flickr.com/people/hanspoldoja/,147bc1b2a07abe88,https://creativecommons.org/licenses/by/2.0/,https://www.flickr.com/photos/hanspoldoja/2583837124,https://c1.staticflickr.com/4/3085/2583837124_6b308ed410_o.jpg,missing,https://c5.staticflickr.com/4/3085/2583837124_2a98468ff5_z.jpg?zz=1,Chair,,0.4416145935,office,1
https://www.flickr.com/people/ejercitoargentinocuentaoficial/,14d45a56a0fe95bf,https://creativecommons.org/licenses/by/2.0/,https://www.flickr.com/photos/ejercitoargentinocuentaoficial/15038881723,https://c8.staticflickr.com/4/3944/15038881723_c00b956f6d_o.jpg,missing,https://c8.staticflickr.com/4/3944/15038881723_8f75233ae8_z.jpg,Chair,,0.13535156109375,office,1
https://www.flickr.com/people/33200530@N04/,155000d132716414,https://creativecommons.org/licenses/by/2.0/,https://www.flickr.com/photos/33200530@N04/11922512195,https://farm5.staticflickr.com/3675/11922512195_f0e348ea80_o.jpg,missing,https://c2.staticflickr.com/4/3675/11922512195_0deb3dcb0f_z.jpg,Table,,0.13458927176525878,office,1
https://www.flickr.com/people/prayitnophotography/,1777256e995e1ec6,https://creativecommons.org/licenses/by/2.0/,https://www.flickr.com/photos/prayitnophotography/8438307368,https://farm7.staticflickr.com/8496/8438307368_b40155ced4_o.jpg,missing,https://c3.staticflickr.com/9/8496/8438307368_fd560bb7f2_z.jpg,Chair,,0.44135536245855844,office,1
https://www.flickr.com/people/eekim/,1cbf13ac0cb7030d,https://creativecommons.org/licenses/by/2.0/,https://www.flickr.com/photos/eekim/3407857159,https://c6.staticflickr.com/4/3349/3407857159_f613cdf562_o.jpg,missing,https://c5.staticflickr.com/4/3349/3407857159_d3de923f6d_z.jpg,Table,,0.5890625,office,1
https://www.flickr.com/people/marianne_oleary/,1d823ca1486d2cca,https://creativecommons.org/licenses/by/2.0/,https://www.flickr.com/photos/marianne_oleary/5626204574,https://c3.staticflickr.com/6/5268/5626204574_1a4ca1fa04_o.jpg,ok,https://c7.staticflickr.com/6/5268/5626204574_0e4263f539_z.jpg,Table,data/raw/openimages/candidates/openimages-1d823ca1486d2cca.jpg,0.377812487,office,1
https://www.flickr.com/people/ssblan/,1ea0b813513a3a40,https://creativecommons.org/licenses/by/2.0/,https://www.flickr.com/photos/ssblan/5488321263,https://farm1.staticflickr.com/5017/5488321263_f561c9f5bc_o.jpg,ok,https://c6.staticflickr.com/6/5017/5488321263_73f9d8eafb_z.jpg,Table,data/raw/openimages/candidates/openimages-1ea0b813513a3a40.jpg,0.03919271125000001,office,1
https://www.flickr.com/people/gmarziou/,1eecb0f1e2b07d33,https://creativecommons.org/licenses/by/2.0/,https://www.flickr.com/photos/gmarziou/14138143166,https://farm4.staticflickr.com/7372/14138143166_98a3ee3d11_o.jpg,ok,https://c7.staticflickr.com/8/7372/14138143166_1d1d9442cf_z.jpg,Table,data/raw/openimages/candidates/openimages-1eecb0f1e2b07d33.jpg,0.89380531,office,1
https://www.flickr.com/people/gmarziou/,1f8a3e507d185b7e,https://creativecommons.org/licenses/by/2.0/,https://www.flickr.com/photos/gmarziou/4792380691,https://c7.staticflickr.com/5/4075/4792380691_2471af977e_o.jpg,missing,https://c4.staticflickr.com/5/4075/4792380691_083c4d6493_z.jpg,Table,,0.07601743004594479,office,1
https://www.flickr.com/people/dan4th/,208fcde7b90bcbf8,https://creativecommons.org/licenses/by/2.0/,https://www.flickr.com/photos/dan4th/2322924860,https://c1.staticflickr.com/3/2075/2322924860_623cc184a3_o.jpg,ok,https://c7.staticflickr.com/3/2075/2322924860_78080eeede_z.jpg,Chair,data/raw/openimages/candidates/openimages-208fcde7b90bcbf8.jpg,0.06509765728125001,office,1
https://www.flickr.com/people/rachel-amarette/,214a4b9be6fdd6c2,https://creativecommons.org/licenses/by/2.0/,https://www.flickr.com/photos/rachel-amarette/522494655,https://farm3.staticflickr.com/222/522494655_1e0e61ae1a_o.jpg,ok,https://c7.staticflickr.com/1/222/522494655_4e8950f7ce_z.jpg,Table,data/raw/openimages/candidates/openimages-214a4b9be6fdd6c2.jpg,0.0358431005625,office,1
https://www.flickr.com/people/webgoddess/,219d48e224ce7575,https://creativecommons.org/licenses/by/2.0/,https://www.flickr.com/photos/webgoddess/3684811277,https://farm6.staticflickr.com/2457/3684811277_59bb3a3421_o.jpg,ok,https://c5.staticflickr.com/3/2457/3684811277_b4729c6261_z.jpg,Chair,data/raw/openimages/candidates/openimages-219d48e224ce7575.jpg,0.390285759078125,office,1
https://www.flickr.com/people/purpleslog/,220dd0459513f089,https://creativecommons.org/licenses/by/2.0/,https://www.flickr.com/photos/purpleslog/3921389241,https://c2.staticflickr.com/3/2654/3921389241_c82066c514_o.jpg,missing,https://c7.staticflickr.com/3/2654/3921389241_6079cfaf1c_z.jpg,Table,,0.094889324296875,office,1
https://www.flickr.com/people/44603071@N00/,22a5848e375335e3,https://creativecommons.org/licenses/by/2.0/,https://www.flickr.com/photos/44603071@N00/18452413579,https://farm4.staticflickr.com/8888/18452413579_85f66b8792_o.jpg,ok,https://c5.staticflickr.com/9/8888/18452413579_233b13109e_z.jpg,Chair,data/raw/openimages/candidates/openimages-22a5848e375335e3.jpg,0.20687094412464638,office,1
https://www.flickr.com/people/usasoc/,22bed27b73a4b731,https://creativecommons.org/licenses/by/2.0/,https://www.flickr.com/photos/usasoc/5761884724,https://farm2.staticflickr.com/5303/5761884724_b33dec41b0_o.jpg,missing,https://c4.staticflickr.com/6/5303/5761884724_9e415a810c_z.jpg,Table,,0.10365853877500002,office,1
https://www.flickr.com/people/tinto/,232c22ec259d7f56,https://creativecommons.org/licenses/by/2.0/,https://www.flickr.com/photos/tinto/14428729150,https://farm7.staticflickr.com/3846/14428729150_753d8d5efd_o.jpg,ok,https://c7.staticflickr.com/4/3846/14428729150_ffaca79997_z.jpg,Table,data/raw/openimages/candidates/openimages-232c22ec259d7f56.jpg,0.18353874375000004,office,1
https://www.flickr.com/people/gmarziou/,236e8449dcd6c7a9,https://creativecommons.org/licenses/by/2.0/,https://www.flickr.com/photos/gmarziou/1306060361,https://c2.staticflickr.com/2/1249/1306060361_8e7cd5822e_o.jpg,missing,https://c8.staticflickr.com/2/1249/1306060361_d740b5e09e_z.jpg,Table,,0.41668953151819504,office,1
https://www.flickr.com/people/igemhq/,245864fdd2d7b6b8,https://creativecommons.org/licenses/by/2.0/,https://www.flickr.com/photos/igemhq/5165177826,https://c1.staticflickr.com/2/1314/5165177826_f202906621_o.jpg,missing,https://c7.staticflickr.com/2/1314/5165177826_fb40c57eb9_z.jpg,Table,,0.8849557640000001,office,1
https://www.flickr.com/people/dborman2/,2599e14289191048,https://creativecommons.org/licenses/by/2.0/,https://www.flickr.com/photos/dborman2/5846960211,https://c1.staticflickr.com/3/2756/5846960211_980a79374f_o.jpg,missing,https://c7.staticflickr.com/3/2756/5846960211_c549f31482_z.jpg,Table,,0.31539286855560006,office,1
https://www.flickr.com/people/melkorcete/,272b1e8e7117cfab,https://creativecommons.org/licenses/by/2.0/,https://www.flickr.com/photos/melkorcete/59994632,https://c4.staticflickr.com/1/32/59994632_24f0709225_o.jpg,missing,https://c5.staticflickr.com/1/32/59994632_24f0709225_z.jpg?zz=1,Table,,0.3878385358125,office,1
https://www.flickr.com/people/gmarziou/,284227f415eec091,https://creativecommons.org/licenses/by/2.0/,https://www.flickr.com/photos/gmarziou/8738609611,https://farm2.staticflickr.com/7286/8738609611_d9f7b9efe4_o.jpg,missing,https://c1.staticflickr.com/8/7286/8738609611_4faa330785_z.jpg,Table,,0.4885856402774289,office,1
https://www.flickr.com/people/zenm/,28d973ee8659aef7,https://creativecommons.org/licenses/by/2.0/,https://www.flickr.com/photos/zenm/5898310719,https://farm8.staticflickr.com/6017/5898310719_a1f7895c14_o.jpg,ok,https://c3.staticflickr.com/7/6017/5898310719_02ba92a45e_z.jpg,Table,data/raw/openimages/candidates/openimages-28d973ee8659aef7.jpg,0.28328125153125,office,1
https://www.flickr.com/people/affsum/,2a246355ed783ff0,https://creativecommons.org/licenses/by/2.0/,https://www.flickr.com/photos/affsum/4321471098,https://farm1.staticflickr.com/2691/4321471098_656fcbfe3e_o.jpg,ok,https://c5.staticflickr.com/3/2691/4321471098_51a87297c0_z.jpg,Table,data/raw/openimages/candidates/openimages-2a246355ed783ff0.jpg,1.0,office,1
https://www.flickr.com/people/sprague/,2b96210e388009ff,https://creativecommons.org/licenses/by/2.0/,https://www.flickr.com/photos/sprague/12158397495,https://c8.staticflickr.com/3/2855/12158397495_e55695c1a9_o.jpg,missing,https://c4.staticflickr.com/3/2855/12158397495_8b5856b67d_z.jpg,Table,,0.13470703125,office,1
https://www.flickr.com/people/schmilblick/,2cf5ac5fe43b235c,https://creativecommons.org/licenses/by/2.0/,https://www.flickr.com/photos/schmilblick/959895126,https://c5.staticflickr.com/2/1262/959895126_ea973dfbcc_o.jpg,ok,https://c7.staticflickr.com/2/1262/959895126_594ac29b13_z.jpg,Table,data/raw/openimages/candidates/openimages-2cf5ac5fe43b235c.jpg,0.2027343740625,office,1
https://www.flickr.com/people/chessmagic/,2e1b6b5c14f7d522,https://creativecommons.org/licenses/by/2.0/,https://www.flickr.com/photos/chessmagic/7858820626,https://farm3.staticflickr.com/7247/7858820626_6f1e5aabde_o.jpg,missing,https://c7.staticflickr.com/8/7247/7858820626_abfb7590c0_z.jpg,Table,,0.8937434805334181,office,1
https://www.flickr.com/people/lwpkommunikacio/,2ec1faf873dd94e8,https://creativecommons.org/licenses/by/2.0/,https://www.flickr.com/photos/lwpkommunikacio/15136947233,https://c1.staticflickr.com/8/7561/15136947233_f747f21ced_o.jpg,missing,https://c6.staticflickr.com/8/7561/15136947233_a64724d06a_z.jpg,Table,,0.27732203794220384,office,1
https://www.flickr.com/people/gmarziou/,2f7525f06ad69425,https://creativecommons.org/licenses/by/2.0/,https://www.flickr.com/photos/gmarziou/1306825778,https://farm6.staticflickr.com/1132/1306825778_63caee2b0a_o.jpg,missing,https://c7.staticflickr.com/2/1132/1306825778_e6ee668784_z.jpg,Table,,0.07789373066356199,office,1
https://www.flickr.com/people/afightingfaith/,308036688883a605,https://creativecommons.org/licenses/by/2.0/,https://www.flickr.com/photos/afightingfaith/358025023,https://farm6.staticflickr.com/158/358025023_01afad9d5e_o.jpg,ok,https://c6.staticflickr.com/1/158/358025023_01afad9d5e_z.jpg?zz=1,Table,data/raw/openimages/candidates/openimages-308036688883a605.jpg,0.10641059456990998,office,1
https://www.flickr.com/people/mbellphotos/,370affc51c3f109a,https://creativecommons.org/licenses/by/2.0/,https://www.flickr.com/photos/mbellphotos/15627557169,https://c3.staticflickr.com/6/5605/15627557169_424e2cdeb4_o.jpg,missing,https://c1.staticflickr.com/6/5605/15627557169_e9270acc1f_z.jpg,Table,,0.779716537055132,office,1
https://www.flickr.com/people/slrjester/,38a18dda6a0e761f,https://creativecommons.org/licenses/by/2.0/,https://www.flickr.com/photos/slrjester/1239294940,https://c8.staticflickr.com/2/1084/1239294940_55326d4975_o.jpg,missing,https://c6.staticflickr.com/2/1084/1239294940_124e8564b1_z.jpg,Table,,0.384387988749576,office,1
https://www.flickr.com/people/gmarziou/,3a30bba9227d2d2b,https://creativecommons.org/licenses/by/2.0/,https://www.flickr.com/photos/gmarziou/47244017,https://c4.staticflickr.com/1/33/47244017_d7c2226bd9_o.jpg,ok,https://c1.staticflickr.com/1/33/47244017_d7c2226bd9_z.jpg,Table,data/raw/openimages/candidates/openimages-3a30bba9227d2d2b.jpg,0.1682786393304096,office,1
https://www.flickr.com/people/enixii/,3e49a1c1b227ea28,https://creativecommons.org/licenses/by/2.0/,https://www.flickr.com/photos/enixii/497367896,https://c1.staticflickr.com/1/197/497367896_8fcba0aa5c_o.jpg,missing,https://c5.staticflickr.com/1/197/497367896_53e2b9a22c_z.jpg,Table,,0.13227538992187501,office,1
https://www.flickr.com/people/sarah_pressler/,3eedefc73da3120e,https://creativecommons.org/licenses/by/2.0/,https://www.flickr.com/photos/sarah_pressler/9926668874,https://c7.staticflickr.com/8/7377/9926668874_b37e492a5e_o.jpg,missing,https://c2.staticflickr.com/8/7377/9926668874_1df0139d2c_z.jpg,Table,,1.0,office,1
https://www.flickr.com/people/spawnster/,3f802e24c2739214,https://creativecommons.org/licenses/by/2.0/,https://www.flickr.com/photos/spawnster/450514695,https://farm5.staticflickr.com/199/450514695_cd5dc22bbe_o.jpg,missing,https://c8.staticflickr.com/1/199/450514695_74dc80136b_z.jpg?zz=1,Table,,0.2053125,office,1
https://www.flickr.com/people/chessmagic/,4002d925e4431f43,https://creativecommons.org/licenses/by/2.0/,https://www.flickr.com/photos/chessmagic/4198561740,https://farm4.staticflickr.com/2525/4198561740_69bf5c28d5_o.jpg,missing,https://c7.staticflickr.com/3/2525/4198561740_9910ba6c47_z.jpg,Table,,1.0,office,1
https://www.flickr.com/people/eekim/,40040884f39cb83d,https://creativecommons.org/licenses/by/2.0/,https://www.flickr.com/photos/eekim/2053692153,https://c6.staticflickr.com/3/2305/2053692153_3a2673f256_o.jpg,missing,https://c2.staticflickr.com/3/2305/2053692153_decaceac18_z.jpg,Table,,0.10896810234375001,office,1
https://www.flickr.com/people/gmarziou/,4043197c1365a336,https://creativecommons.org/licenses/by/2.0/,https://www.flickr.com/photos/gmarziou/297955373,https://farm7.staticflickr.com/120/297955373_1260488cde_o.jpg,ok,https://c3.staticflickr.com/1/120/297955373_1260488cde_z.jpg,Table,data/raw/openimages/candidates/openimages-4043197c1365a336.jpg,0.9103199140223196,office,1
https://www.flickr.com/people/jdickert/,4227bf79c7da30af,https://creativecommons.org/licenses/by/2.0/,https://www.flickr.com/photos/jdickert/6347727087,https://c8.staticflickr.com/7/6092/6347727087_7c01009d06_o.jpg,missing,https://c8.staticflickr.com/7/6092/6347727087_7bf2ffabf6_z.jpg,Table,,0.031572533825670004,office,1
https://www.flickr.com/people/tedxmonterey/,46ce1945896c6bed,https://creativecommons.org/licenses/by/2.0/,https://www.flickr.com/photos/tedxmonterey/4626946683/,https://c6.staticflickr.com/5/4022/4626946683_fe5ec6d112_o.jpg,ok,https://c7.staticflickr.com/5/4022/4626946683_5cb438b35d_z.jpg,Table,data/raw/openimages/candidates/openimages-46ce1945896c6bed.jpg,0.3140517525250887,office,1
https://www.flickr.com/people/kostas-limitsios/,4737906639f16aef,https://creativecommons.org/licenses/by/2.0/,https://www.flickr.com/photos/kostas-limitsios/19285773440,https://c8.staticflickr.com/1/391/19285773440_d22cf0c5ab_o.jpg,ok,https://c2.staticflickr.com/1/391/19285773440_4f480c921d_z.jpg,Table,data/raw/openimages/candidates/openimages-4737906639f16aef.jpg,0.11078459860417264,office,1
https://www.flickr.com/people/thingsworthdescribing/,47826d736bad6e67,https://creativecommons.org/licenses/by/2.0/,https://www.flickr.com/photos/thingsworthdescribing/7907604490,https://farm8.staticflickr.com/8177/7907604490_ed909a06bd_o.jpg,missing,https://c4.staticflickr.com/9/8177/7907604490_030cef9d53_z.jpg,Chair,,0.6030077816015501,office,1
https://www.flickr.com/people/46751514@N06/,48ecc2c089a88115,https://creativecommons.org/licenses/by/2.0/,https://www.flickr.com/photos/46751514@N06/4307582471,https://farm6.staticflickr.com/4055/4307582471_7fe457c838_o.jpg,missing,https://c7.staticflickr.com/5/4055/4307582471_7ebe452338_z.jpg?zz=1,Table,,0.8643002808757538,office,1
https://www.flickr.com/people/chessmagic/,49cc9e3699b6a53e,https://creativecommons.org/licenses/by/2.0/,https://www.flickr.com/photos/chessmagic/7198586102,https://c7.staticflickr.com/8/7222/7198586102_e23c01a8c0_o.jpg,ok,https://c6.staticflickr.com/8/7222/7198586102_e00811827e_z.jpg,Table,data/raw/openimages/candidates/openimages-49cc9e3699b6a53e.jpg,0.9984375,office,1
https://www.flickr.com/people/nojofoto/,4bab2a5588f80c89,https://creativecommons.org/licenses/by/2.0/,https://www.flickr.com/photos/nojofoto/6934329748,https://c2.staticflickr.com/8/7236/6934329748_864080ca50_o.jpg,missing,https://c6.staticflickr.com/8/7236/6934329748_62d3196e06_z.jpg,Table,,0.033577413855953205,office,1
https://www.flickr.com/people/usasoc/,4bedb60e198caba5,https://creativecommons.org/licenses/by/2.0/,https://www.flickr.com/photos/usasoc/5821773751,https://farm6.staticflickr.com/5067/5821773751_197fd63158_o.jpg,missing,https://c2.staticflickr.com/6/5067/5821773751_635c167baf_z.jpg,Table,,0.31347986132457284,office,1
https://www.flickr.com/people/gmarziou/,4c1ae6c74047958a,https://creativecommons.org/licenses/by/2.0/,https://www.flickr.com/photos/gmarziou/6314208467,https://c3.staticflickr.com/7/6120/6314208467_eca71d63d4_o.jpg,missing,https://c5.staticflickr.com/7/6120/6314208467_802320e75e_z.jpg,Table,,0.8584070699999999,office,1
https://www.flickr.com/people/kachkaev/,4cc5578f7628abdc,https://creativecommons.org/licenses/by/2.0/,https://www.flickr.com/photos/kachkaev/7202370714,https://c5.staticflickr.com/6/5462/7202370714_429c07e9a3_o.jpg,missing,https://c8.staticflickr.com/6/5462/7202370714_33ff90658b_z.jpg,Table,,0.9317040449807454,office,1
https://www.flickr.com/people/nikunoki/,4e24222b68123ef3,https://creativecommons.org/licenses/by/2.0/,https://www.flickr.com/photos/nikunoki/8034306523,https://farm4.staticflickr.com/8310/8034306523_a0358da43f_o.jpg,ok,https://c4.staticflickr.com/9/8310/8034306523_f6fd8fe6a4_z.jpg,Chair,data/raw/openimages/candidates/openimages-4e24222b68123ef3.jpg,0.058652345812499986,office,1
https://www.flickr.com/people/debgalant/,5546478c4bce290e,https://creativecommons.org/licenses/by/2.0/,https://www.flickr.com/photos/debgalant/3083433383,https://c7.staticflickr.com/4/3208/3083433383_51faa77e63_o.jpg,ok,https://c8.staticflickr.com/4/3208/3083433383_319b721ef9_z.jpg,Chair,data/raw/openimages/candidates/openimages-5546478c4bce290e.jpg,0.256640625,office,1
https://www.flickr.com/people/munimiraflores/,55f167e55cd2019c,https://creativecommons.org/licenses/by/2.0/,https://www.flickr.com/photos/munimiraflores/15236330259,https://c5.staticflickr.com/6/5600/15236330259_a5a2ef6526_o.jpg,ok,https://c7.staticflickr.com/6/5600/15236330259_95168a8ba2_z.jpg,Table,data/raw/openimages/candidates/openimages-55f167e55cd2019c.jpg,0.93952805,office,1
https://www.flickr.com/people/21550498@N05/,56032f2cef91ea5d,https://creativecommons.org/licenses/by/2.0/,https://www.flickr.com/photos/21550498@N05/15705077481,https://c6.staticflickr.com/8/7475/15705077481_34fcac976d_o.jpg,missing,https://c2.staticflickr.com/8/7475/15705077481_3ccbe2e204_z.jpg,Chair,,0.04377735943402122,office,1
https://www.flickr.com/people/crossroadsfamily/,58c881c7f4cad9fd,https://creativecommons.org/licenses/by/2.0/,https://www.flickr.com/photos/crossroadsfamily/15534504881,https://c6.staticflickr.com/6/5606/15534504881_e15d7ffac2_o.jpg,missing,https://c7.staticflickr.com/6/5606/15534504881_022c279aea_z.jpg,Chair,,1.0,office,1
https://www.flickr.com/people/steffenz/,5a4ba521db5b6564,https://creativecommons.org/licenses/by/2.0/,https://www.flickr.com/photos/steffenz/3622472871,https://farm5.staticflickr.com/3588/3622472871_7558626e05_o.jpg,missing,https://c1.staticflickr.com/4/3588/3622472871_d47389818e_z.jpg,Table,,0.18014297735191653,office,1
https://www.flickr.com/people/27871066@N04/,5a63bb568d149c2e,https://creativecommons.org/licenses/by/2.0/,https://www.flickr.com/photos/27871066@N04/13916608700,https://c7.staticflickr.com/6/5113/13916608700_702d8ed5ee_o.jpg,missing,https://c1.staticflickr.com/6/5113/13916608700_f322f5ffc8_z.jpg,Table,,0.11165039235937502,office,1
https://www.flickr.com/people/paul1/,5b3d1edc765cf4db,https://creativecommons.org/licenses/by/2.0/,https://www.flickr.com/photos/paul1/3981041670,https://c4.staticflickr.com/3/2540/3981041670_9589413f91_o.jpg,missing,https://c7.staticflickr.com/3/2540/3981041670_4e75c6fba8_z.jpg?zz=1,Table,,0.9620540107500001,office,1
https://www.flickr.com/people/deboxer/,5d4327db61b2216f,https://creativecommons.org/licenses/by/2.0/,https://www.flickr.com/photos/deboxer/15007024230,https://c8.staticflickr.com/6/5560/15007024230_89ff009e66_o.jpg,missing,https://c2.staticflickr.com/6/5560/15007024230_5d1ac11b25_z.jpg,Table,,0.04675780265625,office,1
https://www.flickr.com/people/socialtradersau/,5ddad4c882eed25b,https://creativecommons.org/licenses/by/2.0/,https://www.flickr.com/photos/socialtradersau/7306544796,https://c4.staticflickr.com/8/7235/7306544796_9cda38efb8_o.jpg,missing,https://c2.staticflickr.com/8/7235/7306544796_f9761f9425_z.jpg,Table,,0.5978408538773945,office,1
https://www.flickr.com/people/jonstefansson/,65457227a827ae66,https://creativecommons.org/licenses/by/2.0/,https://www.flickr.com/photos/jonstefansson/2925079044,https://farm7.staticflickr.com/3196/2925079044_909c02a144_o.jpg,ok,https://c1.staticflickr.com/4/3196/2925079044_cc0be23e9f_z.jpg?zz=1,Table,data/raw/openimages/candidates/openimages-65457227a827ae66.jpg,0.37385416868749993,office,1
https://www.flickr.com/people/averagejane/,66147ef0d4be0638,https://creativecommons.org/licenses/by/2.0/,https://www.flickr.com/photos/averagejane/9764725444,https://c1.staticflickr.com/8/7404/9764725444_4f1be5b750_o.jpg,missing,https://c1.staticflickr.com/8/7404/9764725444_eeaea15657_z.jpg,Table,,0.049062501,office,1
https://www.flickr.com/people/thrutheselines/,69090b07e028d92f,https://creativecommons.org/licenses/by/2.0/,https://www.flickr.com/photos/thrutheselines/7715860320,https://c8.staticflickr.com/9/8291/7715860320_476dc55bd4_o.jpg,missing,https://c8.staticflickr.com/9/8291/7715860320_520deba59f_z.jpg,Table,,0.294674477234375,office,1
https://www.flickr.com/people/budiwins/,6ab8450d1a44fc25,https://creativecommons.org/licenses/by/2.0/,https://www.flickr.com/photos/budiwins/13838022283,https://farm6.staticflickr.com/7278/13838022283_31d9312f05_o.jpg,missing,https://c8.staticflickr.com/8/7278/13838022283_7d85ba4627_z.jpg,Chair,,0.12559065919192444,office,1
https://www.flickr.com/people/mpeinadopa/,6b8dc280da29281a,https://creativecommons.org/licenses/by/2.0/,https://www.flickr.com/photos/mpeinadopa/4649544406,https://c3.staticflickr.com/5/4072/4649544406_6fff47f03b_o.jpg,ok,https://c3.staticflickr.com/5/4072/4649544406_694f4af2b1_z.jpg,Chair,data/raw/openimages/candidates/openimages-6b8dc280da29281a.jpg,0.7197786768749999,office,1
https://www.flickr.com/people/michaelhilton/,6be11a3a6e6dfd31,https://creativecommons.org/licenses/by/2.0/,https://www.flickr.com/photos/michaelhilton/3502742149,https://farm2.staticflickr.com/3298/3502742149_7058dec309_o.jpg,missing,https://c1.staticflickr.com/4/3298/3502742149_032a3f07d7_z.jpg,Table,,0.30825959999999997,office,1
https://www.flickr.com/people/807thpao/,6c8dafac9ee9d86e,https://creativecommons.org/licenses/by/2.0/,https://www.flickr.com/photos/807thpao/5373591480,https://c7.staticflickr.com/6/5163/5373591480_a1994782c0_o.jpg,missing,https://c5.staticflickr.com/6/5163/5373591480_86d2980b84_z.jpg,Table,,0.20503131246351214,office,1
https://www.flickr.com/people/31403074@N00/,6e9dcdbee43b0346,https://creativecommons.org/licenses/by/2.0/,https://www.flickr.com/photos/31403074@N00/3515753460,https://farm7.staticflickr.com/3608/3515753460_dc017742db_o.jpg,missing,https://c7.staticflickr.com/4/3608/3515753460_7ae647e280_z.jpg?zz=1,Table,,0.0899609405625,office,1
https://www.flickr.com/people/tamaiyuya/,6ef26d875ac4caf2,https://creativecommons.org/licenses/by/2.0/,https://www.flickr.com/photos/tamaiyuya/12023485115,https://farm3.staticflickr.com/2820/12023485115_19932c872e_o.jpg,missing,https://c2.staticflickr.com/3/2820/12023485115_4d2e442829_z.jpg,Table,,0.8512630201968749,office,1
https://www.flickr.com/people/mejiaperalta/,6f4911049dd3b61d,https://creativecommons.org/licenses/by/2.0/,https://www.flickr.com/photos/mejiaperalta/2371842708,https://c6.staticflickr.com/4/3264/2371842708_33615587f3_o.jpg,ok,https://c4.staticflickr.com/4/3264/2371842708_1d8a9d295c_z.jpg?zz=1,Chair,data/raw/openimages/candidates/openimages-6f4911049dd3b61d.jpg,0.25574632942608405,office,1
https://www.flickr.com/people/nayukim/,70a32d9d1d757a63,https://creativecommons.org/licenses/by/2.0/,https://www.flickr.com/photos/nayukim/5275183790,https://farm4.staticflickr.com/5204/5275183790_f2e6259c25_o.jpg,missing,https://c7.staticflickr.com/6/5204/5275183790_1331323478_z.jpg,Table,,0.202351455799272,office,1
https://www.flickr.com/people/controlarms/,715e35f77212c573,https://creativecommons.org/licenses/by/2.0/,https://www.flickr.com/photos/controlarms/15330900256,https://farm4.staticflickr.com/3921/15330900256_f48d0795e8_o.jpg,missing,https://c5.staticflickr.com/4/3921/15330900256_6da669b5ee_z.jpg,Chair,,0.503099955499256,office,1
https://www.flickr.com/people/joelmueller/,72f296d97e04673c,https://creativecommons.org/licenses/by/2.0/,https://www.flickr.com/photos/joelmueller/15772984411,https://c5.staticflickr.com/8/7469/15772984411_044321b87c_o.jpg,missing,https://c5.staticflickr.com/8/7469/15772984411_a20e50155b_z.jpg,Table,,0.6923016662338475,office,1
https://www.flickr.com/people/phsachinidis/,73920e25dba8f27a,https://creativecommons.org/licenses/by/2.0/,https://www.flickr.com/photos/phsachinidis/4295971482,https://c3.staticflickr.com/3/2735/4295971482_3062f833ed_o.jpg,ok,https://c2.staticflickr.com/3/2735/4295971482_e1024fdc3c_z.jpg,Table,data/raw/openimages/candidates/openimages-73920e25dba8f27a.jpg,0.15160414876184478,office,1
https://www.flickr.com/people/paulshaffner/,73c2392979566426,https://creativecommons.org/licenses/by/2.0/,https://www.flickr.com/photos/paulshaffner/7422534550,https://farm7.staticflickr.com/7131/7422534550_59647ebc09_o.jpg,missing,https://c7.staticflickr.com/8/7131/7422534550_61c45071de_z.jpg,Chair,,0.08468697641374538,office,1
https://www.flickr.com/people/ddornerjr/,74b46f809c0243fc,https://creativecommons.org/licenses/by/2.0/,https://www.flickr.com/photos/ddornerjr/3475087326,https://c5.staticflickr.com/4/3344/3475087326_840edecb07_o.jpg,missing,https://c3.staticflickr.com/4/3344/3475087326_fcbd4eaa93_z.jpg,Chair,,0.61778318315625,office,1
https://www.flickr.com/people/garryknight/,7571f21c28d4f46d,https://creativecommons.org/licenses/by/2.0/,https://www.flickr.com/photos/garryknight/8006348798,https://c6.staticflickr.com/9/8320/8006348798_8f17593798_o.jpg,missing,https://c7.staticflickr.com/9/8320/8006348798_b510db22d2_z.jpg,Chair,,0.12854883801803124,office,1
https://www.flickr.com/people/june29/,7588b31f8abc4fbe,https://creativecommons.org/licenses/by/2.0/,https://www.flickr.com/photos/june29/3014694911,https://c7.staticflickr.com/4/3006/3014694911_ce3ca477cb_o.jpg,missing,https://c1.staticflickr.com/4/3006/3014694911_d7034d09bf_z.jpg,Table,,1.0,office,1
https://www.flickr.com/people/bergenoff/,75a34bbde7873c6d,https://creativecommons.org/licenses/by/2.0/,https://www.flickr.com/photos/bergenoff/5191914826,https://c6.staticflickr.com/5/4091/5191914826_c4c03b6af4_o.jpg,missing,https://c5.staticflickr.com/5/4091/5191914826_166700b909_z.jpg,Table,,0.44255859375000006,office,1
https://www.flickr.com/people/dyingregime/,76411fe4eb8fa23f,https://creativecommons.org/licenses/by/2.0/,https://www.flickr.com/photos/dyingregime/9317706449,https://c8.staticflickr.com/4/3739/9317706449_ff881a8ef0_o.jpg,missing,https://c1.staticflickr.com/4/3739/9317706449_d3d33599ed_z.jpg,Chair,,0.82079646,office,1
https://www.flickr.com/people/chessmagic/,76edbab307e158fc,https://creativecommons.org/licenses/by/2.0/,https://www.flickr.com/photos/chessmagic/5843019111,https://c5.staticflickr.com/6/5223/5843019111_3ce80880d8_o.jpg,missing,https://c4.staticflickr.com/6/5223/5843019111_143e0224da_z.jpg,Table,,0.09570312562499998,office,1
https://www.flickr.com/people/stevensnodgrass/,76f8fdd48b7ff734,https://creativecommons.org/licenses/by/2.0/,https://www.flickr.com/photos/stevensnodgrass/16846707879,https://farm5.staticflickr.com/7653/16846707879_d93bcc5b08_o.jpg,missing,https://c8.staticflickr.com/8/7653/16846707879_795881216a_z.jpg,Chair,,0.3001016834124,office,1
https://www.flickr.com/people/cote/,796bd28e09de2124,https://creativecommons.org/licenses/by/2.0/,https://www.flickr.com/photos/cote/60644414,https://farm5.staticflickr.com/24/60644414_a83de3f105_o.jpg,missing,https://c7.staticflickr.com/1/24/60644414_a83de3f105_z.jpg,Chair,,0.064521415125784,office,1
https://www.flickr.com/people/vinofamily/,7ab810236c12cb51,https://creativecommons.org/licenses/by/2.0/,https://www.flickr.com/photos/vinofamily/4095412264,https://farm2.staticflickr.com/2540/4095412264_09f3f6ed15_o.jpg,ok,https://farm2.staticflickr.com/2540/4095412264_09f3f6ed15_o.jpg,Chair,data/raw/openimages/candidates/openimages-7ab810236c12cb51.jpg,0.3482908344,office,1
https://www.flickr.com/people/8143727@N07/,7c8a5253847619a5,https://creativecommons.org/licenses/by/2.0/,https://www.flickr.com/photos/8143727@N07/6146156182,https://farm6.staticflickr.com/6074/6146156182_557b211b56_o.jpg,missing,https://c6.staticflickr.com/7/6074/6146156182_6243086136_z.jpg,Table,,0.43389932676634035,office,1
https://www.flickr.com/people/mfortini/,7dbfeb4cef319270,https://creativecommons.org/licenses/by/2.0/,https://www.flickr.com/photos/mfortini/13507712405,https://farm1.staticflickr.com/2894/13507712405_1768b31c89_o.jpg,missing,https://c2.staticflickr.com/3/2894/13507712405_10bd893fff_z.jpg,Table,,0.258891977106273,office,1
https://www.flickr.com/people/13476480@N07/,7f8ef92c55a63b32,https://creativecommons.org/licenses/by/2.0/,https://www.flickr.com/photos/13476480@N07/12523086433,https://farm3.staticflickr.com/3714/12523086433_e0f0331f0e_o.jpg,missing,https://c8.staticflickr.com/4/3714/12523086433_44709bb5a7_z.jpg,Table,,0.04317432656250002,office,1
https://www.flickr.com/people/10746069@N08/,81f80e77fff587c4,https://creativecommons.org/licenses/by/2.0/,https://www.flickr.com/photos/10746069@N08/1314178556,https://farm5.staticflickr.com/1172/1314178556_feba51de35_o.jpg,ok,https://c3.staticflickr.com/2/1172/1314178556_b44c4e0024_z.jpg,Chair,data/raw/openimages/candidates/openimages-81f80e77fff587c4.jpg,0.35833331999999996,office,1
https://www.flickr.com/people/alga/,8272c6a561d307a9,https://creativecommons.org/licenses/by/2.0/,https://www.flickr.com/photos/alga/434017882,https://c2.staticflickr.com/1/188/434017882_0e3ecc3a7b_o.jpg,missing,https://c2.staticflickr.com/1/188/434017882_ffd03908b8_z.jpg?zz=1,Chair,,0.3307720798375399,office,1
https://www.flickr.com/people/nonsanguineous/,82a0e7c2d6f35770,https://creativecommons.org/licenses/by/2.0/,https://www.flickr.com/photos/nonsanguineous/6212883719/,https://farm1.staticflickr.com/6167/6212883719_4a2c440917_o.jpg,missing,https://c2.staticflickr.com/7/6167/6212883719_062520caa1_z.jpg,Chair,,0.6083456031155756,office,1
https://www.flickr.com/people/unb_agencia/,845d5f7321da00b9,https://creativecommons.org/licenses/by/2.0/,https://www.flickr.com/photos/unb_agencia/14803329582,https://c2.staticflickr.com/6/5564/14803329582_c0b461ae19_o.jpg,missing,https://c2.staticflickr.com/6/5564/14803329582_65a74db4e0_z.jpg,Table,,0.880530976,office,1
https://www.flickr.com/people/kaja_a/,8492e5d67d7ac44c,https://creativecommons.org/licenses/by/2.0/,https://www.flickr.com/photos/kaja_a/5216794171,https://c5.staticflickr.com/6/5206/5216794171_ee5fda879b_o.jpg,ok,https://c5.staticflickr.com/6/5206/5216794171_27040fd0d0_z.jpg,Table,data/raw/openimages/candidates/openimages-8492e5d67d7ac44c.jpg,0.059427767996709964,office,1
https://www.flickr.com/people/sixteenmilesofstring/,86964f4fbe40ae5a,https://creativecommons.org/licenses/by/2.0/,https://www.flickr.com/photos/sixteenmilesofstring/203994634,https://c3.staticflickr.com/1/76/203994634_ea9d717cb1_o.jpg,missing,https://c4.staticflickr.com/1/76/203994634_ea9d717cb1_z.jpg,Table,,0.04697266031250001,office,1
https://www.flickr.com/people/gpoo/,8710d5703cfae334,https://creativecommons.org/licenses/by/2.0/,https://www.flickr.com/photos/gpoo/1907214193,https://farm5.staticflickr.com/2197/1907214193_8da4e63a63_o.jpg,ok,https://c8.staticflickr.com/3/2197/1907214193_4f52600d10_z.jpg,Table,data/raw/openimages/candidates/openimages-8710d5703cfae334.jpg,0.92477875,office,1
https://www.flickr.com/people/shuichi/,87e5e47fef6de6d4,https://creativecommons.org/licenses/by/2.0/,https://www.flickr.com/photos/shuichi/3183509325,https://farm5.staticflickr.com/3309/3183509325_c12af8166a_o.jpg,ok,https://c1.staticflickr.com/4/3309/3183509325_22c3f5aa2b_z.jpg,Table,data/raw/openimages/candidates/openimages-87e5e47fef6de6d4.jpg,0.88716817,office,1
https://www.flickr.com/people/c_conn/,8a7797eeb1b7d958,https://creativecommons.org/licenses/by/2.0/,https://www.flickr.com/photos/c_conn/6783420028,https://c1.staticflickr.com/8/7202/6783420028_82737bbbfe_o.jpg,missing,https://c8.staticflickr.com/8/7202/6783420028_78a37a9f88_z.jpg,Table,,0.071057944078125,office,1
https://www.flickr.com/people/seelensturm/,8b52b595f9d8f087,https://creativecommons.org/licenses/by/2.0/,https://www.flickr.com/photos/seelensturm/5476837834,https://farm8.staticflickr.com/5294/5476837834_ec3816bf2a_o.jpg,missing,https://c7.staticflickr.com/6/5294/5476837834_5811688f48_z.jpg,Chair,,0.5641706474436001,office,1
https://www.flickr.com/people/126582797@N07/,8c8313003cc8f081,https://creativecommons.org/licenses/by/2.0/,https://www.flickr.com/photos/126582797@N07/15084036122/,https://farm2.staticflickr.com/3859/15084036122_cacae0103e_o.jpg,missing,https://c1.staticflickr.com/4/3859/15084036122_79d8309ca0_z.jpg,Table,,0.349544479052392,office,1
https://www.flickr.com/people/perica_000/,8cb7d659e2d0a541,https://creativecommons.org/licenses/by/2.0/,https://www.flickr.com/photos/perica_000/14696682263,https://farm2.staticflickr.com/3870/14696682263_6e8e2e57e5_o.jpg,missing,https://c7.staticflickr.com/4/3870/14696682263_424d0771bf_z.jpg,Table,,0.068115234375,office,1
https://www.flickr.com/people/glass_window/,8cbfa31b6d47b025,https://creativecommons.org/licenses/by/2.0/,https://www.flickr.com/photos/glass_window/414391955,https://farm6.staticflickr.com/148/414391955_b9c99c818d_o.jpg,missing,https://c8.staticflickr.com/1/148/414391955_ba137d1ace_z.jpg,Table,,0.1930800925769124,office,1
https://www.flickr.com/people/linkhumans/,8d67f792bb6201da,https://creativecommons.org/licenses/by/2.0/,https://www.flickr.com/photos/linkhumans/16709012724,https://c3.staticflickr.com/9/8759/16709012724_ac7a2e2249_o.jpg,missing,https://c6.staticflickr.com/9/8759/16709012724_40c8453e11_z.jpg,Table,,0.17730583627598395,office,1
https://www.flickr.com/people/12453467@N00/,8e974b3bd584a025,https://creativecommons.org/licenses/by/2.0/,https://www.flickr.com/photos/12453467@N00/882877511,https://farm6.staticflickr.com/1237/882877511_f5cefa9133_o.jpg,missing,https://c2.staticflickr.com/2/1237/882877511_559523c75f_z.jpg,Chair,,0.06545827665350101,office,1
https://www.flickr.com/people/ministeriodedefensaperu/,90bf07553eef753f,https://creativecommons.org/licenses/by/2.0/,https://www.flickr.com/photos/92793865@N07/15694987326,https://c8.staticflickr.com/4/3947/15694987326_fb36df8e17_o.jpg,missing,https://c6.staticflickr.com/4/3947/15694987326_154c1893e0_z.jpg,Chair,,0.8224432,office,1
https://www.flickr.com/people/lauren_michell/,9122c61ab2de2ef5,https://creativecommons.org/licenses/by/2.0/,https://www.flickr.com/photos/lauren_michell/14654784468,https://farm6.staticflickr.com/5564/14654784468_065c6e1ef6_o.jpg,ok,https://c5.staticflickr.com/6/5564/14654784468_abe31ffb27_z.jpg,Table,data/raw/openimages/candidates/openimages-9122c61ab2de2ef5.jpg,0.5875,office,1
https://www.flickr.com/people/delaere/,975965e5beac5720,https://creativecommons.org/licenses/by/2.0/,https://www.flickr.com/photos/delaere/4342156050/,https://farm1.staticflickr.com/4072/4342156050_190e662afd_o.jpg,missing,https://c7.staticflickr.com/5/4072/4342156050_03430c638c_z.jpg,Table,,0.034739582375,office,1
https://www.flickr.com/people/gusilu/,9903bb72f8ee1a99,https://creativecommons.org/licenses/by/2.0/,https://www.flickr.com/photos/gusilu/7754973822,https://c2.staticflickr.com/9/8297/7754973822_28e4c62cf8_o.jpg,ok,https://c3.staticflickr.com/9/8297/7754973822_309a6dda53_z.jpg,Table,data/raw/openimages/candidates/openimages-9903bb72f8ee1a99.jpg,0.15141133244868668,office,1
https://www.flickr.com/people/cmrf_crumlin/,9a6fce7a0afd27b5,https://creativecommons.org/licenses/by/2.0/,https://www.flickr.com/photos/cmrf_crumlin/4838029136,https://farm6.staticflickr.com/4089/4838029136_8f55f4b0bc_o.jpg,ok,https://c2.staticflickr.com/5/4089/4838029136_785092918e_z.jpg,Chair,data/raw/openimages/candidates/openimages-9a6fce7a0afd27b5.jpg,0.17004071862910175,office,1
https://www.flickr.com/people/ukinisrael/,9ab68feecff4295f,https://creativecommons.org/licenses/by/2.0/,https://www.flickr.com/photos/ukinisrael/5512573014/,https://c8.staticflickr.com/6/5296/5512573014_f25a4cdab4_o.jpg,missing,https://c1.staticflickr.com/6/5296/5512573014_ee11f10198_z.jpg,Table,,0.3921998170431,office,1
https://www.flickr.com/people/battlecreekcvb/,9b0861c3fa756c20,https://creativecommons.org/licenses/by/2.0/,https://www.flickr.com/photos/battlecreekcvb/4100356003,https://farm1.staticflickr.com/2559/4100356003_f81f78d7f0_o.jpg,missing,https://c7.staticflickr.com/3/2559/4100356003_19af97d38b_z.jpg?zz=1,Table,,0.21709537684316405,office,1
https://www.flickr.com/people/maurina/,9c857c70c88e5762,https://creativecommons.org/licenses/by/2.0/,https://www.flickr.com/photos/maurina/2812762543,https://farm3.staticflickr.com/3186/2812762543_d80446bd04_o.jpg,missing,https://c5.staticflickr.com/4/3186/2812762543_049cd26eac_z.jpg?zz=1,Chair,,0.15039062671874998,office,1
https://www.flickr.com/people/45131642@N00/,9c900db293e37506,https://creativecommons.org/licenses/by/2.0/,https://www.flickr.com/photos/45131642@N00/4917184662,https://farm7.staticflickr.com/4075/4917184662_ab2150e6b3_o.jpg,missing,https://c8.staticflickr.com/5/4075/4917184662_70fb005acb_z.jpg,Chair,,0.242112468671875,office,1
https://www.flickr.com/people/vaillantett/,9eeefa5adc2d035d,https://creativecommons.org/licenses/by/2.0/,https://www.flickr.com/photos/vaillantett/5178483483,https://c6.staticflickr.com/2/1271/5178483483_73e25cfabc_o.jpg,ok,https://c7.staticflickr.com/2/1271/5178483483_9bf3f62434_z.jpg,Table,data/raw/openimages/candidates/openimages-9eeefa5adc2d035d.jpg,0.141399178147447,office,1
https://www.flickr.com/people/mwichary/,9f4c0e5471672b86,https://creativecommons.org/licenses/by/2.0/,https://www.flickr.com/photos/mwichary/2283399556,https://farm7.staticflickr.com/2330/2283399556_50894f55a0_o.jpg,missing,https://c1.staticflickr.com/3/2330/2283399556_771fbdbe9d_z.jpg,Table,,0.17793619634375,office,1
https://www.flickr.com/people/jimmy_macdonald/,a17259b464419495,https://creativecommons.org/licenses/by/2.0/,https://www.flickr.com/photos/jimmy_macdonald/20731852075,https://farm6.staticflickr.com/622/20731852075_987dbbee49_o.jpg,ok,https://c7.staticflickr.com/1/622/20731852075_9608dbdb41_z.jpg,Chair,data/raw/openimages/candidates/openimages-a17259b464419495.jpg,0.053401692265625,office,1
https://www.flickr.com/people/dharrels/,a19f32649e5922bf,https://creativecommons.org/licenses/by/2.0/,https://www.flickr.com/photos/dharrels/1120211784,https://c8.staticflickr.com/2/1394/1120211784_2d46b44c47_o.jpg,ok,https://c5.staticflickr.com/2/1394/1120211784_d184a2e8a4_z.jpg,Table,data/raw/openimages/candidates/openimages-a19f32649e5922bf.jpg,0.07588039599577039,office,1
https://www.flickr.com/people/transport_myette/,a2e9e0465112b0e2,https://creativecommons.org/licenses/by/2.0/,https://www.flickr.com/photos/transport_myette/4058341857,https://farm3.staticflickr.com/2799/4058341857_3013b435de_o.jpg,missing,https://c4.staticflickr.com/3/2799/4058341857_e83b65bc87_z.jpg?zz=1,Table,,0.22269206575000006,office,1
https://www.flickr.com/people/daskerst/,a51fc84ad9e6f883,https://creativecommons.org/licenses/by/2.0/,https://www.flickr.com/photos/daskerst/2327958072,https://farm4.staticflickr.com/2260/2327958072_b2db258b55_o.jpg,ok,https://c3.staticflickr.com/3/2260/2327958072_cae1b7ac1a_z.jpg?zz=1,Chair,data/raw/openimages/candidates/openimages-a51fc84ad9e6f883.jpg,0.08992922532687318,office,1
https://www.flickr.com/people/dinesarasota/,a6b7ef4b389559ea,https://creativecommons.org/licenses/by/2.0/,https://www.flickr.com/photos/dinesarasota/3201030113,https://c3.staticflickr.com/4/3105/3201030113_ae34a4ab05_o.jpg,missing,https://c8.staticflickr.com/4/3105/3201030113_23e9d2840b_z.jpg,Table,,0.21170540676431068,office,1
https://www.flickr.com/people/autovivacom/,a98ff270b240beab,https://creativecommons.org/licenses/by/2.0/,https://www.flickr.com/photos/autovivacom/5488846792,https://c4.staticflickr.com/6/5218/5488846792_9efbe98ec7_o.jpg,ok,https://c5.staticflickr.com/6/5218/5488846792_9ae00cd7f5_z.jpg,Table,data/raw/openimages/candidates/openimages-a98ff270b240beab.jpg,1.0,office,1
https://www.flickr.com/people/jeffnps/,a9af34c14be1a956,https://creativecommons.org/licenses/by/2.0/,https://www.flickr.com/photos/jeffnps/11174519874,https://farm7.staticflickr.com/3766/11174519874_6da2b1c279_o.jpg,missing,https://farm7.staticflickr.com/3766/11174519874_6da2b1c279_o.jpg,Chair,,0.9666132920526792,office,1
https://www.flickr.com/people/stevenraymondparker/,aa880abb6d6d5e70,https://creativecommons.org/licenses/by/2.0/,https://www.flickr.com/photos/stevenraymondparker/2070526404,https://farm1.staticflickr.com/2114/2070526404_1687834b6b_o.jpg,missing,https://c6.staticflickr.com/3/2114/2070526404_7d7a4801fb_z.jpg,Table,,0.30109373531249994,office,1
https://www.flickr.com/people/thesecondglass/,ab5671e8a5e8979d,https://creativecommons.org/licenses/by/2.0/,https://www.flickr.com/photos/thesecondglass/15700093739,https://c6.staticflickr.com/8/7559/15700093739_da7d2143b5_o.jpg,missing,https://c5.staticflickr.com/8/7559/15700093739_5a95395930_z.jpg,Chair,,0.57669619,office,1
https://www.flickr.com/people/aguere/,abd556f244c58f8a,https://creativecommons.org/licenses/by/2.0/,https://www.flickr.com/photos/aguere/4262063403,https://c3.staticflickr.com/3/2687/4262063403_bfbde2b7e8_o.jpg,missing,https://c3.staticflickr.com/3/2687/4262063403_39e92afe3d_z.jpg,Table,,0.08266536722267841,office,1
https://www.flickr.com/people/demcanulty/,ac3f4e50732de3f9,https://creativecommons.org/licenses/by/2.0/,https://www.flickr.com/photos/demcanulty/3970502525,https://c2.staticflickr.com/3/2441/3970502525_af0f614196_o.jpg,ok,https://c7.staticflickr.com/3/2441/3970502525_1f114c0538_z.jpg,Table,data/raw/openimages/candidates/openimages-ac3f4e50732de3f9.jpg,0.11928068438209197,office,1
https://www.flickr.com/people/42769260@N02/,ac8cd22259045ec4,https://creativecommons.org/licenses/by/2.0/,https://www.flickr.com/photos/42769260@N02/4165068409,https://farm5.staticflickr.com/2736/4165068409_84bef47fe0_o.jpg,ok,https://c7.staticflickr.com/3/2736/4165068409_9a55503bdf_z.jpg,Table,data/raw/openimages/candidates/openimages-ac8cd22259045ec4.jpg,0.5080988459955456,office,1
https://www.flickr.com/people/bauhausler/,ad2e6307c9ad4846,https://creativecommons.org/licenses/by/2.0/,https://www.flickr.com/photos/bauhausler/4832007753,https://farm7.staticflickr.com/4106/4832007753_b89a7ef455_o.jpg,missing,https://c5.staticflickr.com/5/4106/4832007753_7ef3ef0713_z.jpg,Table,,0.39253946441893744,office,1
https://www.flickr.com/people/cote/,ad30f10cbf3a6e02,https://creativecommons.org/licenses/by/2.0/,https://www.flickr.com/photos/cote/5621888202/,https://farm3.staticflickr.com/5263/5621888202_140838463d_o.jpg,missing,https://c2.staticflickr.com/6/5263/5621888202_e21aee0229_z.jpg,Table,,0.48941732082812495,office,1
https://www.flickr.com/people/a_little_brighter/,dabd65b40c5f53fc,https://creativecommons.org/licenses/by/2.0/,https://www.flickr.com/photos/a_little_brighter/15159178600,https://c5.staticflickr.com/3/2942/15159178600_1afd0fc627_o.jpg,ok,https://c7.staticflickr.com/3/2942/15159178600_b60b6fd80c_z.jpg,Garden; Park; Tree,data/raw/openimages/candidates/openimages-dabd65b40c5f53fc.jpg,0.519157737709296,park,18
https://www.flickr.com/people/hsing/,0047534bb816eb48,https://creativecommons.org/licenses/by/2.0/,https://www.flickr.com/photos/hsing/3561851698,https://c1.staticflickr.com/4/3415/3561851698_f65393ea14_o.jpg,ok,https://c1.staticflickr.com/4/3415/3561851698_108146237a_z.jpg,Park; Tree,data/raw/openimages/candidates/openimages-0047534bb816eb48.jpg,0.062155402593686106,park,11
https://www.flickr.com/people/andrea_leigh/,2ab7c6887d1e8f84,https://creativecommons.org/licenses/by/2.0/,https://www.flickr.com/photos/andrea_leigh/6029364469/,https://farm5.staticflickr.com/6207/6029364469_b37183eef8_o.jpg,ok,https://c1.staticflickr.com/7/6207/6029364469_79a2400497_z.jpg,Park; Tree,data/raw/openimages/candidates/openimages-2ab7c6887d1e8f84.jpg,0.09703925662038597,park,11
https://www.flickr.com/people/emr9801/,6c1e4bacf0ff811a,https://creativecommons.org/licenses/by/2.0/,https://www.flickr.com/photos/emr9801/759500405,https://c3.staticflickr.com/2/1177/759500405_4e66794981_o.jpg,missing,https://c3.staticflickr.com/2/1177/759500405_846b0b90b0_z.jpg,Park; Tree,,0.75442478,park,11
https://www.flickr.com/people/larry1732/,98e277e90844159a,https://creativecommons.org/licenses/by/2.0/,https://www.flickr.com/photos/larry1732/5291413167,https://c3.staticflickr.com/6/5124/5291413167_af4744d084_o.jpg,ok,https://c5.staticflickr.com/6/5124/5291413167_e6d2dcd6b1_z.jpg,Park; Tree,data/raw/openimages/candidates/openimages-98e277e90844159a.jpg,0.12168140000000005,park,11
https://www.flickr.com/people/acme/,b6ef797db2a747e0,https://creativecommons.org/licenses/by/2.0/,https://www.flickr.com/photos/acme/14675125058,https://farm1.staticflickr.com/5577/14675125058_c6bb6b9966_o.jpg,ok,https://c3.staticflickr.com/6/5577/14675125058_da55aa44f2_z.jpg,Park; Tree,data/raw/openimages/candidates/openimages-b6ef797db2a747e0.jpg,0.15341145475,park,11
https://www.flickr.com/people/danielspils/,09f810a5c2fe02bf,https://creativecommons.org/licenses/by/2.0/,https://www.flickr.com/photos/danielspils/197287039,https://c8.staticflickr.com/1/63/197287039_86dcd5e66a_o.jpg,ok,https://c5.staticflickr.com/1/63/197287039_86dcd5e66a_z.jpg?zz=1,Park,data/raw/openimages/candidates/openimages-09f810a5c2fe02bf.jpg,0.33541666000000003,park,10
https://www.flickr.com/people/52754961@N07/,589cb3879b5de705,https://creativecommons.org/licenses/by/2.0/,https://www.flickr.com/photos/52754961@N07/5420550062,https://farm6.staticflickr.com/5058/5420550062_0b3cb30750_o.jpg,ok,https://c3.staticflickr.com/6/5058/5420550062_bfde1d178c_z.jpg,Park,data/raw/openimages/candidates/openimages-589cb3879b5de705.jpg,0.030645305356567485,park,10
https://www.flickr.com/people/90664717@N00/,79371f58cbc527bb,https://creativecommons.org/licenses/by/2.0/,https://www.flickr.com/photos/90664717@N00/213028921,https://c4.staticflickr.com/1/69/213028921_a1df06454d_o.jpg,missing,https://c5.staticflickr.com/1/69/213028921_a1df06454d_z.jpg,Park,,0.11958983491875003,park,10
https://www.flickr.com/people/tanaka_juuyoh/,35cc270e5dd94d54,https://creativecommons.org/licenses/by/2.0/,https://www.flickr.com/photos/tanaka_juuyoh/12695238515,https://farm5.staticflickr.com/7344/12695238515_e4179a7b4d_o.jpg,ok,https://c7.staticflickr.com/8/7344/12695238515_2f6cafd1fc_z.jpg,Garden; Tree,data/raw/openimages/candidates/openimages-35cc270e5dd94d54.jpg,0.3990915631615632,park,8
https://www.flickr.com/people/pbvmedia/,409acc8064b23137,https://creativecommons.org/licenses/by/2.0/,https://www.flickr.com/photos/pbvmedia/18235883012,https://farm8.staticflickr.com/8869/18235883012_51c35fa974_o.jpg,ok,https://c1.staticflickr.com/9/8869/18235883012_c8e5e5fa79_z.jpg,Garden; Tree,data/raw/openimages/candidates/openimages-409acc8064b23137.jpg,0.16555800507760549,park,8
https://www.flickr.com/people/stojadinovicp/,7d6859f9bb3c3273,https://creativecommons.org/licenses/by/2.0/,https://www.flickr.com/photos/stojadinovicp/20106366292,https://farm4.staticflickr.com/411/20106366292_03f8eb9773_o.jpg,ok,https://c7.staticflickr.com/1/411/20106366292_6d00de7f12_z.jpg,Garden; Tree,data/raw/openimages/candidates/openimages-7d6859f9bb3c3273.jpg,0.030487308119895,park,8
https://www.flickr.com/people/jimg944/,863584be02f10eb4,https://creativecommons.org/licenses/by/2.0/,https://www.flickr.com/photos/jimg944/120568949,https://farm5.staticflickr.com/54/120568949_e433119a9a_o.jpg,ok,https://c4.staticflickr.com/1/54/120568949_e433119a9a_z.jpg,Garden; Tree,data/raw/openimages/candidates/openimages-863584be02f10eb4.jpg,0.34314128143749995,park,8
https://www.flickr.com/people/bmh4you/,91e377ce5737895e,https://creativecommons.org/licenses/by/2.0/,https://www.flickr.com/photos/bmh4you/3575431865,https://c7.staticflickr.com/4/3625/3575431865_98a3c88bd1_o.jpg,ok,https://c6.staticflickr.com/4/3625/3575431865_104d6322e3_z.jpg,Garden; Tree,data/raw/openimages/candidates/openimages-91e377ce5737895e.jpg,0.22140626021874998,park,8
https://www.flickr.com/people/yto/,b836afeed09be301,https://creativecommons.org/licenses/by/2.0/,https://www.flickr.com/photos/yto/6018109496,https://farm2.staticflickr.com/6028/6018109496_f640e407f0_o.jpg,ok,https://c7.staticflickr.com/7/6028/6018109496_df4eeee8f0_z.jpg,Garden; Tree,data/raw/openimages/candidates/openimages-b836afeed09be301.jpg,0.19980029351045497,park,8
https://www.flickr.com/people/midiman/,e1c01a809bcb4124,https://creativecommons.org/licenses/by/2.0/,https://www.flickr.com/photos/midiman/449981569,https://farm5.staticflickr.com/202/449981569_20eea04dfb_o.jpg,ok,https://c8.staticflickr.com/1/202/449981569_24af7d198e_z.jpg,Garden; Tree,data/raw/openimages/candidates/openimages-e1c01a809bcb4124.jpg,0.030322266468750008,park,8
https://www.flickr.com/people/vasenka/,e74883e6b980b8f1,https://creativecommons.org/licenses/by/2.0/,https://www.flickr.com/photos/vasenka/20312486023,https://farm2.staticflickr.com/646/20312486023_f762ea19f0_o.jpg,ok,https://c6.staticflickr.com/1/646/20312486023_18f82fa4a5_z.jpg,Garden; Tree,data/raw/openimages/candidates/openimages-e74883e6b980b8f1.jpg,0.030715553794283992,park,8
https://www.flickr.com/people/coniecto/,0cf3f07eb6c089c0,https://creativecommons.org/licenses/by/2.0/,https://www.flickr.com/photos/coniecto/4195432736,https://farm1.staticflickr.com/4045/4195432736_c661372698_o.jpg,ok,https://c3.staticflickr.com/5/4045/4195432736_77b8536fed_z.jpg?zz=1,Bench,data/raw/openimages/candidates/openimages-0cf3f07eb6c089c0.jpg,0.246184906625,park,6
https://www.flickr.com/people/tinto/,232c22ec259d7f56,https://creativecommons.org/licenses/by/2.0/,https://www.flickr.com/photos/tinto/14428729150,https://farm7.staticflickr.com/3846/14428729150_753d8d5efd_o.jpg,ok,https://c7.staticflickr.com/4/3846/14428729150_ffaca79997_z.jpg,Bench,data/raw/openimages/candidates/openimages-232c22ec259d7f56.jpg,0.18353874375000004,park,6
https://www.flickr.com/people/ivanwalsh/,34c25b0c6f2d0465,https://creativecommons.org/licenses/by/2.0/,https://www.flickr.com/photos/ivanwalsh/3791082422,https://farm6.staticflickr.com/2644/3791082422_f785726d03_o.jpg,ok,https://c5.staticflickr.com/3/2644/3791082422_c751e0159b_z.jpg?zz=1,Bench,data/raw/openimages/candidates/openimages-34c25b0c6f2d0465.jpg,0.4711191,park,6
https://www.flickr.com/people/usaghumphreys/,8705740f007afce1,https://creativecommons.org/licenses/by/2.0/,https://www.flickr.com/photos/usaghumphreys/7968876916,https://farm2.staticflickr.com/8306/7968876916_1e511def7c_o.jpg,ok,https://c2.staticflickr.com/9/8306/7968876916_b9208a70c0_z.jpg,Bench,data/raw/openimages/candidates/openimages-8705740f007afce1.jpg,0.1411369496307388,park,6
https://www.flickr.com/people/jonathan_hamner/,d8613e6975f52780,https://creativecommons.org/licenses/by/2.0/,https://www.flickr.com/photos/jonathan_hamner/3705195021,https://farm1.staticflickr.com/2656/3705195021_daa7b63c89_o.jpg,ok,https://c2.staticflickr.com/3/2656/3705195021_65138f91e4_z.jpg,Bench,data/raw/openimages/candidates/openimages-d8613e6975f52780.jpg,0.349557503,park,6
https://www.flickr.com/people/hejgustav/,14d65997600bb7cd,https://creativecommons.org/licenses/by/2.0/,https://www.flickr.com/photos/hejgustav/3518626337,https://c6.staticflickr.com/4/3606/3518626337_d42600e205_o.jpg,missing,https://c7.staticflickr.com/4/3606/3518626337_e6e42002b9_z.jpg,Grass; Tree,,0.2047525953125,park,4
https://www.flickr.com/people/99123224@N00/,16c358bccf0f7e77,https://creativecommons.org/licenses/by/2.0/,https://www.flickr.com/photos/99123224@N00/5027591435,https://farm8.staticflickr.com/4089/5027591435_18edc52fea_o.jpg,ok,https://c4.staticflickr.com/5/4089/5027591435_4156c7a67f_z.jpg,Grass; Tree,data/raw/openimages/candidates/openimages-16c358bccf0f7e77.jpg,0.196946608421875,park,4
https://www.flickr.com/people/dirkhansen/,2697b4f1ee88be86,https://creativecommons.org/licenses/by/2.0/,https://www.flickr.com/photos/dirkhansen/18281834795,https://farm7.staticflickr.com/7743/18281834795_157082503d_o.jpg,missing,https://c7.staticflickr.com/8/7743/18281834795_63bcdf3276_z.jpg,Grass; Tree,,0.17283393621061438,park,4
https://www.flickr.com/people/97095120@N06/,2a7c45cb2c6ffdca,https://creativecommons.org/licenses/by/2.0/,https://www.flickr.com/photos/97095120@N06/9180844101,https://c3.staticflickr.com/3/2820/9180844101_c29b3e796f_o.jpg,ok,https://c3.staticflickr.com/3/2820/9180844101_488c8929e3_z.jpg,Grass; Tree,data/raw/openimages/candidates/openimages-2a7c45cb2c6ffdca.jpg,0.10065827201896897,park,4
https://www.flickr.com/people/wastes/,3dda685b28b1c1d8,https://creativecommons.org/licenses/by/2.0/,https://www.flickr.com/photos/wastes/16580632509/,https://c1.staticflickr.com/8/7281/16580632509_058947990e_o.jpg,ok,https://c7.staticflickr.com/8/7281/16580632509_1e1edd25aa_z.jpg,Grass; Tree,data/raw/openimages/candidates/openimages-3dda685b28b1c1d8.jpg,0.03427667341896,park,4
https://www.flickr.com/people/jollyuk/,51d7e36d73f03aca,https://creativecommons.org/licenses/by/2.0/,https://www.flickr.com/photos/jollyuk/4965435575,https://c3.staticflickr.com/5/4083/4965435575_cd58929b25_o.jpg,ok,https://c6.staticflickr.com/5/4083/4965435575_d0d27f3c03_z.jpg,Grass; Tree,data/raw/openimages/candidates/openimages-51d7e36d73f03aca.jpg,0.0534497586827472,park,4
https://www.flickr.com/people/coolinsights/,65439cba97590f7f,https://creativecommons.org/licenses/by/2.0/,https://www.flickr.com/photos/coolinsights/5831639705,https://c8.staticflickr.com/6/5118/5831639705_bcf6f8d366_o.jpg,ok,https://c1.staticflickr.com/6/5118/5831639705_ca6cdcb290_z.jpg,Grass; Tree,data/raw/openimages/candidates/openimages-65439cba97590f7f.jpg,0.14399791827914646,park,4
https://www.flickr.com/people/visual_dichotomy/,8c0456e241bda30f,https://creativecommons.org/licenses/by/2.0/,https://www.flickr.com/photos/visual_dichotomy/4240056336,https://c8.staticflickr.com/3/2615/4240056336_726eeb94a9_o.jpg,ok,https://c2.staticflickr.com/3/2615/4240056336_88670d07eb_z.jpg,Grass; Tree,data/raw/openimages/candidates/openimages-8c0456e241bda30f.jpg,0.046200723409409415,park,4
https://www.flickr.com/people/10459174@N03/,971644fd7448560b,https://creativecommons.org/licenses/by/2.0/,https://www.flickr.com/photos/10459174@N03/17202854802,https://c4.staticflickr.com/9/8799/17202854802_93c0022d21_o.jpg,missing,https://c5.staticflickr.com/9/8799/17202854802_ec1ffd8dff_z.jpg,Grass; Tree,,0.078875141303548,park,4
https://www.flickr.com/people/8136496@N05/,990f037971957208,https://creativecommons.org/licenses/by/2.0/,https://www.flickr.com/photos/8136496@N05/1316501499,https://c1.staticflickr.com/2/1163/1316501499_d39cb80c00_o.jpg,ok,https://c4.staticflickr.com/2/1163/1316501499_50e8733a44_z.jpg?zz=1,Grass; Tree,data/raw/openimages/candidates/openimages-990f037971957208.jpg,0.046546214531250026,park,4
https://www.flickr.com/people/rainrannu/,9c7e8b7f827cf707,https://creativecommons.org/licenses/by/2.0/,https://www.flickr.com/photos/rainrannu/2700916638,https://farm8.staticflickr.com/3209/2700916638_aaf49b8411_o.jpg,ok,https://c5.staticflickr.com/4/3209/2700916638_0377e9072f_z.jpg,Grass; Tree,data/raw/openimages/candidates/openimages-9c7e8b7f827cf707.jpg,0.2388597334883962,park,4
https://www.flickr.com/people/adamfarnsworth/,a7a5caf3f16da950,https://creativecommons.org/licenses/by/2.0/,https://www.flickr.com/photos/adamfarnsworth/256837751,https://farm1.staticflickr.com/82/256837751_d0f7e4f223_o.jpg,ok,https://c2.staticflickr.com/1/82/256837751_d0f7e4f223_z.jpg,Grass; Tree,data/raw/openimages/candidates/openimages-a7a5caf3f16da950.jpg,0.08695312831250002,park,4
https://www.flickr.com/people/leighhouse/,b7696378271a36c2,https://creativecommons.org/licenses/by/2.0/,https://www.flickr.com/photos/leighhouse/16177358615,https://farm3.staticflickr.com/8667/16177358615_a372989455_o.jpg,ok,https://c7.staticflickr.com/9/8667/16177358615_2c8879d575_z.jpg,Grass; Tree,data/raw/openimages/candidates/openimages-b7696378271a36c2.jpg,0.030774746375000002,park,4
https://www.flickr.com/people/drwtwilner/,f796415e3c887c93,https://creativecommons.org/licenses/by/2.0/,https://www.flickr.com/photos/drwtwilner/18129968053,https://farm4.staticflickr.com/493/18129968053_fc03366ca2_o.jpg,missing,https://c6.staticflickr.com/1/493/18129968053_8f15a629e1_z.jpg,Grass; Tree,,0.06591796875,park,4
https://www.flickr.com/people/31442518@N08/,f7f7408472a74ce6,https://creativecommons.org/licenses/by/2.0/,https://www.flickr.com/photos/31442518@N08/3522507674/,https://farm7.staticflickr.com/3416/3522507674_2c28c0fd77_o.jpg,ok,https://c3.staticflickr.com/4/3416/3522507674_b7d27cec3a_z.jpg?zz=1,Grass; Tree,data/raw/openimages/candidates/openimages-f7f7408472a74ce6.jpg,0.28243489356249996,park,4
https://www.flickr.com/people/nickhubbard/,02fcc80210b7cd5b,https://creativecommons.org/licenses/by/2.0/,https://www.flickr.com/photos/nickhubbard/2871027280,https://c4.staticflickr.com/4/3042/2871027280_61ee2fa344_o.jpg,missing,https://c8.staticflickr.com/4/3042/2871027280_85b891c58c_z.jpg,Grass,,0.1569752265489336,park,3
https://www.flickr.com/people/zachheller/,18e1f829a40f5724,https://creativecommons.org/licenses/by/2.0/,https://www.flickr.com/photos/zachheller/4847939225,https://farm5.staticflickr.com/4150/4847939225_55a409ca11_o.jpg,missing,https://c6.staticflickr.com/5/4150/4847939225_89bef3e095_z.jpg,Grass,,0.39493433800418276,park,3
https://www.flickr.com/people/rachel-amarette/,214a4b9be6fdd6c2,https://creativecommons.org/licenses/by/2.0/,https://www.flickr.com/photos/rachel-amarette/522494655,https://farm3.staticflickr.com/222/522494655_1e0e61ae1a_o.jpg,ok,https://c7.staticflickr.com/1/222/522494655_4e8950f7ce_z.jpg,Grass,data/raw/openimages/candidates/openimages-214a4b9be6fdd6c2.jpg,0.0358431005625,park,3
https://www.flickr.com/people/steven_smith/,232299e70b9fe949,https://creativecommons.org/licenses/by/2.0/,https://www.flickr.com/photos/steven_smith/3453990697,https://c2.staticflickr.com/4/3364/3453990697_602c714038_o.jpg,ok,https://c7.staticflickr.com/4/3364/3453990697_0ce570d9d9_z.jpg,Grass,data/raw/openimages/candidates/openimages-232299e70b9fe949.jpg,0.5785789514866281,park,3
https://www.flickr.com/people/crystalina/,2744bcd8bb93c182,https://creativecommons.org/licenses/by/2.0/,https://www.flickr.com/photos/crystalina/4301537,https://farm3.staticflickr.com/4/4301537_14df8120b2_o.jpg,ok,https://c6.staticflickr.com/1/4/4301537_14df8120b2_z.jpg,Grass,data/raw/openimages/candidates/openimages-2744bcd8bb93c182.jpg,0.6937109375000001,park,3
https://www.flickr.com/people/gdb_projects/,4d65679e6972e53e,https://creativecommons.org/licenses/by/2.0/,https://www.flickr.com/photos/gdb_projects/5364501266/,https://c7.staticflickr.com/6/5006/5364501266_860c700293_o.jpg,ok,https://c5.staticflickr.com/6/5006/5364501266_db6717eb75_z.jpg,Grass,data/raw/openimages/candidates/openimages-4d65679e6972e53e.jpg,0.7555603243887541,park,3
https://www.flickr.com/people/qmnonic/,573629a4d49be9d9,https://creativecommons.org/licenses/by/2.0/,https://www.flickr.com/photos/qmnonic/1031969945,https://c2.staticflickr.com/2/1314/1031969945_d60f08648a_o.jpg,ok,https://c5.staticflickr.com/2/1314/1031969945_b379a9a31a_z.jpg,Grass,data/raw/openimages/candidates/openimages-573629a4d49be9d9.jpg,0.11909178984375,park,3
https://www.flickr.com/people/chipgriffin/,9222aad484092a2b,https://creativecommons.org/licenses/by/2.0/,https://www.flickr.com/photos/chipgriffin/2929037919,https://c4.staticflickr.com/4/3276/2929037919_a934384dca_o.jpg,ok,https://c4.staticflickr.com/4/3276/2929037919_c98d055a81_z.jpg,Grass,data/raw/openimages/candidates/openimages-9222aad484092a2b.jpg,0.09741353583361949,park,3
https://www.flickr.com/people/tawheedmanzoor/,97e37ec091a2f6fe,https://creativecommons.org/licenses/by/2.0/,https://www.flickr.com/photos/tawheedmanzoor/7998919371,https://c7.staticflickr.com/9/8179/7998919371_0b25828bda_o.jpg,ok,https://c4.staticflickr.com/9/8179/7998919371_9c4525a07f_z.jpg,Grass,data/raw/openimages/candidates/openimages-97e37ec091a2f6fe.jpg,0.5202758019375001,park,3
https://www.flickr.com/people/ecpelotas/,a732a67d4fb0eef9,https://creativecommons.org/licenses/by/2.0/,https://www.flickr.com/photos/ecpelotas/2366180085,https://c2.staticflickr.com/3/2148/2366180085_9f4d3ab2ee_o.jpg,missing,https://c3.staticflickr.com/3/2148/2366180085_2de252e46d_z.jpg?zz=1,Grass,,0.78913045,park,3
https://www.flickr.com/people/jkirkhart35/,b6174b5d6b250a0c,https://creativecommons.org/licenses/by/2.0/,https://www.flickr.com/photos/jkirkhart35/8687189707,https://c5.staticflickr.com/9/8405/8687189707_2fe7dd9d2c_o.jpg,ok,https://c1.staticflickr.com/9/8405/8687189707_dd84451a4d_z.jpg,Grass,data/raw/openimages/candidates/openimages-b6174b5d6b250a0c.jpg,0.03954237073263403,park,3
https://www.flickr.com/people/21218849@N03/,bfb01763ad105899,https://creativecommons.org/licenses/by/2.0/,https://www.flickr.com/photos/21218849@N03/3034377218,https://c2.staticflickr.com/4/3281/3034377218_717afdcb1b_o.jpg,ok,https://c3.staticflickr.com/4/3281/3034377218_d00206875c_z.jpg?zz=1,Grass,data/raw/openimages/candidates/openimages-bfb01763ad105899.jpg,0.223950012558692,park,3
https://www.flickr.com/people/stampinmom/,c9a4a27662d9ad42,https://creativecommons.org/licenses/by/2.0/,https://www.flickr.com/photos/stampinmom/5030047346,https://farm3.staticflickr.com/4151/5030047346_8d5f107487_o.jpg,ok,https://c8.staticflickr.com/5/4151/5030047346_9132df4b29_z.jpg,Grass,data/raw/openimages/candidates/openimages-c9a4a27662d9ad42.jpg,0.21690617432185236,park,3
https://www.flickr.com/people/komunews/,ed0147f94eaf2efd,https://creativecommons.org/licenses/by/2.0/,https://www.flickr.com/photos/komunews/16886698297,https://c6.staticflickr.com/9/8703/16886698297_3594b37fa5_o.jpg,ok,https://c2.staticflickr.com/9/8703/16886698297_e97a30cd1e_z.jpg,Grass,data/raw/openimages/candidates/openimages-ed0147f94eaf2efd.jpg,0.4120754277026663,park,3
https://www.flickr.com/people/breville/,f70e6c27e5cf24c4,https://creativecommons.org/licenses/by/2.0/,https://www.flickr.com/photos/breville/10732116493,https://farm5.staticflickr.com/5491/10732116493_26708a4d29_o.jpg,ok,https://c1.staticflickr.com/6/5491/10732116493_3e4f00677d_z.jpg,Grass,data/raw/openimages/candidates/openimages-f70e6c27e5cf24c4.jpg,0.0416015669375,park,3
https://www.flickr.com/people/raphaelstrada/,0007cebe1b2ba653,https://creativecommons.org/licenses/by/2.0/,https://www.flickr.com/photos/raphaelstrada/677743874,https://farm4.staticflickr.com/1244/677743874_90faf2d8db_o.jpg,ok,https://c5.staticflickr.com/2/1244/677743874_168dcb5ed1_z.jpg,Tree,data/raw/openimages/candidates/openimages-0007cebe1b2ba653.jpg,0.073021894059702,park,1
https://www.flickr.com/people/shilad/,0065e1098f7a353b,https://creativecommons.org/licenses/by/2.0/,https://www.flickr.com/photos/shilad/8721293522,https://c4.staticflickr.com/8/7347/8721293522_35d762834d_o.jpg,ok,https://c6.staticflickr.com/8/7347/8721293522_61ae043474_z.jpg,Tree,data/raw/openimages/candidates/openimages-0065e1098f7a353b.jpg,0.10680013334374999,park,1
https://www.flickr.com/people/feelingdoing/,00a159a661a2f5aa,https://creativecommons.org/licenses/by/2.0/,https://www.flickr.com/photos/feelingdoing/13645764903,https://c3.staticflickr.com/8/7093/13645764903_d1e4e4fd4e_o.jpg,ok,https://c6.staticflickr.com/8/7093/13645764903_0e2239e2a6_z.jpg,Tree,data/raw/openimages/candidates/openimages-00a159a661a2f5aa.jpg,0.04055989546875,park,1
https://www.flickr.com/people/peterwright/,01125dd72c09cc5a,https://creativecommons.org/licenses/by/2.0/,https://www.flickr.com/photos/peterwright/6345634299,https://c3.staticflickr.com/7/6120/6345634299_e26a6a567d_o.jpg,ok,https://c3.staticflickr.com/7/6120/6345634299_e26a6a567d_o.jpg,Tree,data/raw/openimages/candidates/openimages-01125dd72c09cc5a.jpg,0.5865798684875001,park,1
https://www.flickr.com/people/jaypixindia/,02b7e70979560df7,https://creativecommons.org/licenses/by/2.0/,https://www.flickr.com/photos/jaypixindia/1345881472,https://farm8.staticflickr.com/1287/1345881472_cfcd4fefa7_o.jpg,ok,https://farm8.staticflickr.com/1287/1345881472_cfcd4fefa7_o.jpg,Tree,data/raw/openimages/candidates/openimages-02b7e70979560df7.jpg,0.23800002880000048,park,1
https://www.flickr.com/people/edmands/,02bc096653d1458f,https://creativecommons.org/licenses/by/2.0/,https://www.flickr.com/photos/edmands/565819187,https://c8.staticflickr.com/2/1079/565819187_36e4791777_o.jpg,ok,https://c8.staticflickr.com/2/1079/565819187_36e4791777_o.jpg,Tree,data/raw/openimages/candidates/openimages-02bc096653d1458f.jpg,0.061904007420000025,park,1
https://www.flickr.com/people/citizenhelder/,0347677e05719710,https://creativecommons.org/licenses/by/2.0/,https://www.flickr.com/photos/citizenhelder/12548250783,https://farm1.staticflickr.com/2813/12548250783_b65287f22b_o.jpg,ok,https://c2.staticflickr.com/3/2813/12548250783_73b0304bbc_z.jpg,Tree,data/raw/openimages/candidates/openimages-0347677e05719710.jpg,0.10027994715625001,park,1
https://www.flickr.com/people/29456235@N04/,03f4455ac2a4276a,https://creativecommons.org/licenses/by/2.0/,https://www.flickr.com/photos/29456235@N04/5068092968,https://c3.staticflickr.com/5/4125/5068092968_1536a88fec_o.jpg,ok,https://c7.staticflickr.com/5/4125/5068092968_e4c439ed86_z.jpg,Tree,data/raw/openimages/candidates/openimages-03f4455ac2a4276a.jpg,0.38716810999999995,park,1
https://www.flickr.com/people/110145887@N08/,044d67706dcffdf4,https://creativecommons.org/licenses/by/2.0/,https://www.flickr.com/photos/110145887@N08/11244929873,https://farm5.staticflickr.com/5526/11244929873_e057c5cbbc_o.jpg,ok,https://c1.staticflickr.com/6/5526/11244929873_cc5b637fe2_z.jpg,Tree,data/raw/openimages/candidates/openimages-044d67706dcffdf4.jpg,0.58741980310397,park,1
https://www.flickr.com/people/bazzadarambler/,04b9f8abc09386ee,https://creativecommons.org/licenses/by/2.0/,https://www.flickr.com/photos/bazzadarambler/16844047164,https://c7.staticflickr.com/9/8768/16844047164_e8fa017b35_o.jpg,ok,https://c8.staticflickr.com/9/8768/16844047164_73040de3b2_z.jpg,Tree,data/raw/openimages/candidates/openimages-04b9f8abc09386ee.jpg,0.14875061267430562,park,1
https://www.flickr.com/people/mwvchamber/,04ec0b057014a648,https://creativecommons.org/licenses/by/2.0/,https://www.flickr.com/photos/mwvchamber/8310701792,https://c1.staticflickr.com/9/8504/8310701792_0ecf2824b8_o.jpg,ok,https://c1.staticflickr.com/9/8504/8310701792_280a9c9095_z.jpg,Tree,data/raw/openimages/candidates/openimages-04ec0b057014a648.jpg,0.0446430576535208,park,1
https://www.flickr.com/people/bradbox/,0501cc6b559cc711,https://creativecommons.org/licenses/by/2.0/,https://www.flickr.com/photos/bradbox/7006795386,https://farm2.staticflickr.com/7049/7006795386_b2978321ef_o.jpg,missing,https://c6.staticflickr.com/8/7049/7006795386_fbcd66f8fd_z.jpg,Tree,,0.12784505284374997,park,1
https://www.flickr.com/people/linasmith/,05982979d60a5646,https://creativecommons.org/licenses/by/2.0/,https://www.flickr.com/photos/linasmith/6280073494,https://farm7.staticflickr.com/6044/6280073494_6011e4fe23_o.jpg,ok,https://c3.staticflickr.com/7/6044/6280073494_faa3340b38_z.jpg,Tree,data/raw/openimages/candidates/openimages-05982979d60a5646.jpg,0.052575228496879504,park,1
https://www.flickr.com/people/philms/,05dd411f3034ab49,https://creativecommons.org/licenses/by/2.0/,https://www.flickr.com/photos/philms/3849155544,https://c2.staticflickr.com/4/3512/3849155544_4e3d2aaf0d_o.jpg,ok,https://c5.staticflickr.com/4/3512/3849155544_d114c5c6a9_z.jpg,Tree,data/raw/openimages/candidates/openimages-05dd411f3034ab49.jpg,0.07248574001248838,park,1
https://www.flickr.com/people/pillarofautumn/,06bdb5ea9ec0e963,https://creativecommons.org/licenses/by/2.0/,https://www.flickr.com/photos/pillarofautumn/13667164255,https://farm4.staticflickr.com/3766/13667164255_bea24226fd_o.jpg,ok,https://c4.staticflickr.com/4/3766/13667164255_248b175e0e_z.jpg,Tree,data/raw/openimages/candidates/openimages-06bdb5ea9ec0e963.jpg,0.6844444599999999,park,1
https://www.flickr.com/people/jonwick/,06d1d39cbea07874,https://creativecommons.org/licenses/by/2.0/,https://www.flickr.com/photos/jonwick/4380628006,https://farm5.staticflickr.com/4067/4380628006_9460fb25c3_o.jpg,ok,https://c4.staticflickr.com/5/4067/4380628006_194b39171a_z.jpg,Tree,data/raw/openimages/candidates/openimages-06d1d39cbea07874.jpg,0.913907510433544,park,1
https://www.flickr.com/people/claire69/,07bd7ed5dce6d3fd,https://creativecommons.org/licenses/by/2.0/,https://www.flickr.com/photos/claire69/7680572104,https://c6.staticflickr.com/9/8293/7680572104_2079c93020_o.jpg,ok,https://c1.staticflickr.com/9/8293/7680572104_b3854bf52d_z.jpg,Tree,data/raw/openimages/candidates/openimages-07bd7ed5dce6d3fd.jpg,0.08590722585045998,park,1
https://www.flickr.com/people/mdpettitt/,0925ac3567b20f47,https://creativecommons.org/licenses/by/2.0/,https://www.flickr.com/photos/mdpettitt/8035779137,https://farm8.staticflickr.com/8030/8035779137_f566a03398_o.jpg,ok,https://c8.staticflickr.com/9/8030/8035779137_16d1637398_z.jpg,Tree,data/raw/openimages/candidates/openimages-0925ac3567b20f47.jpg,0.061230087199896005,park,1
https://www.flickr.com/people/usfwsmidwest/,09dd0671cd633432,https://creativecommons.org/licenses/by/2.0/,https://www.flickr.com/photos/usfwsmidwest/5716087853,https://farm3.staticflickr.com/2342/5716087853_c6f2dc2b1f_o.jpg,ok,https://c7.staticflickr.com/3/2342/5716087853_2c9397a3b4_z.jpg,Tree,data/raw/openimages/candidates/openimages-09dd0671cd633432.jpg,0.7516968080090323,park,1
https://www.flickr.com/people/blu_pineappl3/,0ba3f8b8a3a2e93c,https://creativecommons.org/licenses/by/2.0/,https://www.flickr.com/photos/blu_pineappl3/16840993641,https://c5.staticflickr.com/8/7613/16840993641_b928b77d70_o.jpg,ok,https://c7.staticflickr.com/8/7613/16840993641_236d7d3bfb_z.jpg,Tree,data/raw/openimages/candidates/openimages-0ba3f8b8a3a2e93c.jpg,0.23731905519693,park,1
https://www.flickr.com/people/tomhead/,0ba4e129511b237b,https://creativecommons.org/licenses/by/2.0/,https://www.flickr.com/photos/tomhead/8155514389/,https://c4.staticflickr.com/8/7116/8155514389_1737729eeb_o.jpg,ok,https://c6.staticflickr.com/8/7116/8155514389_606628e701_z.jpg,Tree,data/raw/openimages/candidates/openimages-0ba4e129511b237b.jpg,0.1686375892834208,park,1
https://www.flickr.com/people/72213316@N00/,0ba4f62f6a92a5a5,https://creativecommons.org/licenses/by/2.0/,https://www.flickr.com/photos/72213316@N00/3217330410,https://farm6.staticflickr.com/3326/3217330410_1df2ab2357_o.jpg,ok,https://c8.staticflickr.com/4/3326/3217330410_c9332a95bd_z.jpg,Tree,data/raw/openimages/candidates/openimages-0ba4f62f6a92a5a5.jpg,0.0754601296595093,park,1
https://www.flickr.com/people/iowaredbulls/,0bc1f672746e2512,https://creativecommons.org/licenses/by/2.0/,https://www.flickr.com/photos/iowaredbulls/5207415222,https://farm3.staticflickr.com/5244/5207415222_b996d40a4a_o.jpg,ok,https://c7.staticflickr.com/6/5244/5207415222_8c90a497ca_z.jpg,Tree,data/raw/openimages/candidates/openimages-0bc1f672746e2512.jpg,0.651834690090852,park,1
https://www.flickr.com/people/jaybergesen/,0d5f138d90a24d01,https://creativecommons.org/licenses/by/2.0/,https://www.flickr.com/photos/jaybergesen/2471774104,https://farm2.staticflickr.com/3283/2471774104_40b39b93a2_o.jpg,ok,https://c5.staticflickr.com/4/3283/2471774104_a2108f400b_z.jpg,Tree,data/raw/openimages/candidates/openimages-0d5f138d90a24d01.jpg,0.6142578518125,park,1
https://www.flickr.com/people/senkiwboo/,0dc76550ff7054b3,https://creativecommons.org/licenses/by/2.0/,https://www.flickr.com/photos/senkiwboo/4455156226,https://farm4.staticflickr.com/4011/4455156226_459a8dfaf6_o.jpg,missing,https://c8.staticflickr.com/5/4011/4455156226_18ea4224ef_z.jpg?zz=1,Tree,,0.22305450802425,park,1
https://www.flickr.com/people/agecombahia/,0e5fee84637d75f5,https://creativecommons.org/licenses/by/2.0/,https://www.flickr.com/photos/agecombahia/6153134599,https://farm6.staticflickr.com/6062/6153134599_93426c7288_o.jpg,ok,https://c2.staticflickr.com/7/6062/6153134599_fe3f280b35_z.jpg,Tree,data/raw/openimages/candidates/openimages-0e5fee84637d75f5.jpg,0.940265485,park,1
https://www.flickr.com/people/jirka_matousek/,0ee38e79c504fe1c,https://creativecommons.org/licenses/by/2.0/,https://www.flickr.com/photos/jirka_matousek/8479563205,https://c5.staticflickr.com/9/8381/8479563205_4721370b70_o.jpg,ok,https://c5.staticflickr.com/9/8381/8479563205_79bf904094_z.jpg,Tree,data/raw/openimages/candidates/openimages-0ee38e79c504fe1c.jpg,0.034771716048764,park,1
https://www.flickr.com/people/stignygaard/,0f2358e793950ca0,https://creativecommons.org/licenses/by/2.0/,https://www.flickr.com/photos/stignygaard/9141188655,https://farm1.staticflickr.com/3691/9141188655_511241a760_o.jpg,ok,https://c6.staticflickr.com/4/3691/9141188655_328b195d8d_z.jpg,Tree,data/raw/openimages/candidates/openimages-0f2358e793950ca0.jpg,0.14813221163188106,park,1
https://www.flickr.com/people/bobnrenee/,0f9de77259983016,https://creativecommons.org/licenses/by/2.0/,https://www.flickr.com/photos/bobnrenee/3851727632,https://farm7.staticflickr.com/2525/3851727632_94aa92f22e_o.jpg,ok,https://c4.staticflickr.com/3/2525/3851727632_27f59f37ef_z.jpg,Tree,data/raw/openimages/candidates/openimages-0f9de77259983016.jpg,0.116015625,park,1
https://www.flickr.com/people/dumbledad/,0fa1f463189c8e42,https://creativecommons.org/licenses/by/2.0/,https://www.flickr.com/photos/dumbledad/4767052683,https://farm3.staticflickr.com/4082/4767052683_1495ee327f_o.jpg,ok,https://c8.staticflickr.com/5/4082/4767052683_54b1e7a1e9_z.jpg,Tree,data/raw/openimages/candidates/openimages-0fa1f463189c8e42.jpg,0.6358772002707012,park,1
https://www.flickr.com/people/swisschef/,0fe73678341c5315,https://creativecommons.org/licenses/by/2.0/,https://www.flickr.com/photos/swisschef/3497146673,https://farm6.staticflickr.com/3552/3497146673_52471c634b_o.jpg,ok,https://c1.staticflickr.com/4/3552/3497146673_19f12b37fc_z.jpg?zz=1,Tree,data/raw/openimages/candidates/openimages-0fe73678341c5315.jpg,0.04894205890625,park,1
https://www.flickr.com/people/theaudioslave/,10481895508872f1,https://creativecommons.org/licenses/by/2.0/,https://www.flickr.com/photos/theaudioslave/9157606630,https://farm2.staticflickr.com/7296/9157606630_1fd57b2a71_o.jpg,ok,https://c4.staticflickr.com/8/7296/9157606630_2ef852a3ee_z.jpg,Tree,data/raw/openimages/candidates/openimages-10481895508872f1.jpg,0.09045344720749471,park,1
https://www.flickr.com/people/brian_gautreau/,105c98d1ee5f03ef,https://creativecommons.org/licenses/by/2.0/,https://www.flickr.com/photos/brian_gautreau/4288751304,https://c8.staticflickr.com/5/4062/4288751304_1800af6452_o.jpg,missing,https://c8.staticflickr.com/5/4062/4288751304_aedbbb734f_z.jpg,Tree,,0.12295572103125002,park,1
https://www.flickr.com/people/librarianidol/,10e37fbcd2aa01db,https://creativecommons.org/licenses/by/2.0/,https://www.flickr.com/photos/librarianidol/3047725546,https://c4.staticflickr.com/4/3278/3047725546_0c4e1a0346_o.jpg,ok,https://c2.staticflickr.com/4/3278/3047725546_3422b30fe3_z.jpg,Tree,data/raw/openimages/candidates/openimages-10e37fbcd2aa01db.jpg,0.034153645515625004,park,1
https://www.flickr.com/people/globetrotteri/,1175875723f994b1,https://creativecommons.org/licenses/by/2.0/,https://www.flickr.com/photos/globetrotteri/5904386289,https://farm2.staticflickr.com/6021/5904386289_01c704d2d6_o.jpg,ok,https://c4.staticflickr.com/7/6021/5904386289_924b24d75d_z.jpg,Tree,data/raw/openimages/candidates/openimages-1175875723f994b1.jpg,0.3023255799999999,park,1
https://www.flickr.com/people/italiamotori/,118d7db4ca9c7a7a,https://creativecommons.org/licenses/by/2.0/,https://www.flickr.com/photos/italiamotori/16179679530,https://c3.staticflickr.com/9/8634/16179679530_37d438ea3b_o.jpg,missing,https://c6.staticflickr.com/9/8634/16179679530_6f47facc6d_z.jpg,Tree,,0.04341796875,park,1
https://www.flickr.com/people/joestump/,122804d032b58390,https://creativecommons.org/licenses/by/2.0/,https://www.flickr.com/photos/joestump/2129245935,https://farm1.staticflickr.com/2173/2129245935_9a5cc04ef0_o.jpg,missing,https://c3.staticflickr.com/3/2173/2129245935_0e41291987_z.jpg,Tree,,0.17146097523466497,park,1
https://www.flickr.com/people/tichonharel/,125fca1bb0a5be7a,https://creativecommons.org/licenses/by/2.0/,https://www.flickr.com/photos/tichonharel/8997274864,https://c3.staticflickr.com/6/5442/8997274864_69002ab02b_o.jpg,ok,https://c5.staticflickr.com/6/5442/8997274864_c8049ba938_z.jpg,Tree,data/raw/openimages/candidates/openimages-125fca1bb0a5be7a.jpg,0.08876172605046954,park,1
https://www.flickr.com/people/twechy/,13b7206961bca9c6,https://creativecommons.org/licenses/by/2.0/,https://www.flickr.com/photos/twechy/6844700924,https://farm7.staticflickr.com/7038/6844700924_27cd11db80_o.jpg,ok,https://c8.staticflickr.com/8/7038/6844700924_90b4bef5ea_z.jpg,Tree,data/raw/openimages/candidates/openimages-13b7206961bca9c6.jpg,0.35004885320312495,park,1
https://www.flickr.com/people/acme/,14162e34dde5654c,https://creativecommons.org/licenses/by/2.0/,https://www.flickr.com/photos/acme/9408729269,https://c5.staticflickr.com/6/5499/9408729269_87f6e67659_o.jpg,ok,https://c1.staticflickr.com/6/5499/9408729269_532fca6e3c_z.jpg,Tree,data/raw/openimages/candidates/openimages-14162e34dde5654c.jpg,0.10360351562499998,park,1
https://www.flickr.com/people/kashmera/,148d981b99429e3f,https://creativecommons.org/licenses/by/2.0/,https://www.flickr.com/photos/kashmera/3688535335,https://c8.staticflickr.com/4/3630/3688535335_b8307e0568_o.jpg,missing,https://c3.staticflickr.com/4/3630/3688535335_815dab0387_z.jpg,Tree,,0.2593356030145118,park,1
https://www.flickr.com/people/samediggi/,14da09e1c230ab17,https://creativecommons.org/licenses/by/2.0/,https://www.flickr.com/photos/samediggi/14049434987,https://farm8.staticflickr.com/5280/14049434987_144d4dae28_o.jpg,missing,https://c2.staticflickr.com/6/5280/14049434987_72abf46105_z.jpg,Tree,,0.926829264,park,1
https://www.flickr.com/people/gorod-sky/,14f8f7fe6121ce8c,https://creativecommons.org/licenses/by/2.0/,https://www.flickr.com/photos/gorod-sky/2668982978,https://c5.staticflickr.com/4/3229/2668982978_b119ab4ee1_o.jpg,ok,https://c7.staticflickr.com/4/3229/2668982978_19b9b7225e_z.jpg,Tree,data/raw/openimages/candidates/openimages-14f8f7fe6121ce8c.jpg,0.03312499800000003,park,1
https://www.flickr.com/people/mikeriela/,1519b2618048f525,https://creativecommons.org/licenses/by/2.0/,https://www.flickr.com/photos/mikeriela/7228256220,https://farm6.staticflickr.com/7076/7228256220_abd4e98525_o.jpg,missing,https://c6.staticflickr.com/8/7076/7228256220_a666899fc7_z.jpg,Tree,,0.5428087361037083,park,1
https://www.flickr.com/people/teamboost/,15348e4f2c7ebe0f,https://creativecommons.org/licenses/by/2.0/,https://www.flickr.com/photos/teamboost/7055251597,https://c8.staticflickr.com/6/5115/7055251597_0d49c481fc_o.jpg,ok,https://c5.staticflickr.com/6/5115/7055251597_901512afea_z.jpg,Tree,data/raw/openimages/candidates/openimages-15348e4f2c7ebe0f.jpg,0.05786600282878697,park,1
https://www.flickr.com/people/richard_jones/,154bf3c92a7c6d27,https://creativecommons.org/licenses/by/2.0/,https://www.flickr.com/photos/richard_jones/3452990622,https://farm8.staticflickr.com/3357/3452990622_5a66bf25a1_o.jpg,ok,https://c7.staticflickr.com/4/3357/3452990622_cfb5fba34a_z.jpg?zz=1,Tree,data/raw/openimages/candidates/openimages-154bf3c92a7c6d27.jpg,0.180917969671875,park,1
https://www.flickr.com/people/23024164@N06/,1599c65b23b6f4b4,https://creativecommons.org/licenses/by/2.0/,https://www.flickr.com/photos/23024164@N06/5965750454/,https://farm5.staticflickr.com/6021/5965750454_90aa70ce47_o.jpg,ok,https://c4.staticflickr.com/7/6021/5965750454_77d25a965c_z.jpg,Tree,data/raw/openimages/candidates/openimages-1599c65b23b6f4b4.jpg,0.053684462847323984,park,1
https://www.flickr.com/people/seiu1/,1655cdcc107c3f6e,https://creativecommons.org/licenses/by/2.0/,https://www.flickr.com/photos/seiu1/4880034452/,https://c7.staticflickr.com/5/4076/4880034452_84b10cfee8_o.jpg,ok,https://c3.staticflickr.com/5/4076/4880034452_809f9d7391_z.jpg,Tree,data/raw/openimages/candidates/openimages-1655cdcc107c3f6e.jpg,0.8348632780312499,park,1
https://www.flickr.com/people/rhaarmans/,1669479168968bcc,https://creativecommons.org/licenses/by/2.0/,https://www.flickr.com/photos/rhaarmans/14265143426,https://c5.staticflickr.com/3/2937/14265143426_45f378ae9f_o.jpg,ok,https://c4.staticflickr.com/3/2937/14265143426_0770389597_z.jpg,Tree,data/raw/openimages/candidates/openimages-1669479168968bcc.jpg,0.042494862780169194,park,1
https://www.flickr.com/people/ndvf/,17712bc05cde6832,https://creativecommons.org/licenses/by/2.0/,https://www.flickr.com/photos/ndvf/18447908629,https://farm3.staticflickr.com/8831/18447908629_78e6992a9e_o.jpg,ok,https://c6.staticflickr.com/9/8831/18447908629_97f402a241_z.jpg,Tree,data/raw/openimages/candidates/openimages-17712bc05cde6832.jpg,0.2767506859587887,park,1
https://www.flickr.com/people/cessemi/,1771a6a8ebbc01ad,https://creativecommons.org/licenses/by/2.0/,https://www.flickr.com/photos/cessemi/120178026,https://c6.staticflickr.com/1/56/120178026_f9c1418513_o.jpg,ok,https://c7.staticflickr.com/1/56/120178026_f9c1418513_z.jpg,Tree,data/raw/openimages/candidates/openimages-1771a6a8ebbc01ad.jpg,0.037932410167032006,park,1
https://www.flickr.com/people/markfickett/,1858c0edbff1ae49,https://creativecommons.org/licenses/by/2.0/,https://www.flickr.com/photos/markfickett/5768622718,https://c2.staticflickr.com/3/2579/5768622718_948ab37610_o.jpg,ok,https://c2.staticflickr.com/3/2579/5768622718_c81b56c2be_z.jpg,Tree,data/raw/openimages/candidates/openimages-1858c0edbff1ae49.jpg,0.24164466053999037,park,1
https://www.flickr.com/people/oregondepartmentofforestry/,1919fe6ae22844fb,https://creativecommons.org/licenses/by/2.0/,https://www.flickr.com/photos/oregondepartmentofforestry/14935119568,https://c4.staticflickr.com/4/3866/14935119568_c2cd5579d0_o.jpg,ok,https://c1.staticflickr.com/4/3866/14935119568_24c6678d9a_z.jpg,Tree,data/raw/openimages/candidates/openimages-1919fe6ae22844fb.jpg,0.4259143177014384,park,1
https://www.flickr.com/people/us_mission_canada/,196c82a52a27aba3,https://creativecommons.org/licenses/by/2.0/,https://www.flickr.com/photos/us_mission_canada/8971415146,https://farm4.staticflickr.com/3796/8971415146_4bcb1002db_o.jpg,ok,https://c2.staticflickr.com/4/3796/8971415146_0900653397_z.jpg,Tree,data/raw/openimages/candidates/openimages-196c82a52a27aba3.jpg,0.16169946898764148,park,1
https://www.flickr.com/people/trysil/,1979f000accea6f6,https://creativecommons.org/licenses/by/2.0/,https://www.flickr.com/photos/trysil/6104986775,https://farm7.staticflickr.com/6195/6104986775_fbdb64b2b2_o.jpg,missing,https://c2.staticflickr.com/7/6195/6104986775_1453148859_z.jpg,Tree,,0.051908059629270004,park,1
https://www.flickr.com/people/profernity/,19e3e69835151951,https://creativecommons.org/licenses/by/2.0/,https://www.flickr.com/photos/profernity/12848507574,https://farm2.staticflickr.com/7328/12848507574_ec1e679299_o.jpg,ok,https://c1.staticflickr.com/8/7328/12848507574_6c0a8c4564_z.jpg,Tree,data/raw/openimages/candidates/openimages-19e3e69835151951.jpg,0.048698669122353606,park,1
https://www.flickr.com/people/mig/,1ae2903da19989a5,https://creativecommons.org/licenses/by/2.0/,https://www.flickr.com/photos/mig/9671396935/,https://farm6.staticflickr.com/7353/9671396935_2bda787382_o.jpg,ok,https://farm6.staticflickr.com/7353/9671396935_2bda787382_o.jpg,Tree,data/raw/openimages/candidates/openimages-1ae2903da19989a5.jpg,0.28953075072,park,1
https://www.flickr.com/people/samualpedrete/,1b8d1d161bf4396b,https://creativecommons.org/licenses/by/2.0/,https://www.flickr.com/photos/samualpedrete/4477792,https://c4.staticflickr.com/1/4/4477792_f42fe9206e_o.jpg,ok,https://c4.staticflickr.com/1/4/4477792_f42fe9206e_o.jpg,Tree,data/raw/openimages/candidates/openimages-1b8d1d161bf4396b.jpg,0.6440994116273295,park,1
https://www.flickr.com/people/mwvchamber/,1be63da150641ede,https://creativecommons.org/licenses/by/2.0/,https://www.flickr.com/photos/mwvchamber/5433788065,https://c7.staticflickr.com/6/5259/5433788065_fcff0ee24a_o.jpg,ok,https://c2.staticflickr.com/6/5259/5433788065_8ffdac78b7_z.jpg,Tree,data/raw/openimages/candidates/openimages-1be63da150641ede.jpg,0.20426354353885398,park,1
https://www.flickr.com/people/timparkinson/,1bea4a97a9cfe442,https://creativecommons.org/licenses/by/2.0/,https://www.flickr.com/photos/timparkinson/850054138,https://farm3.staticflickr.com/1135/850054138_60bf9c9373_o.jpg,missing,https://c6.staticflickr.com/2/1135/850054138_2846196ade_z.jpg,Tree,,0.471500633140625,park,1
https://www.flickr.com/people/64541172@N06/,1c2b9acdf3f14dc5,https://creativecommons.org/licenses/by/2.0/,https://www.flickr.com/photos/64541172@N06/8424154822,https://farm6.staticflickr.com/8476/8424154822_1bf2649f4c_o.jpg,ok,https://c2.staticflickr.com/9/8476/8424154822_07aec03a15_z.jpg,Tree,data/raw/openimages/candidates/openimages-1c2b9acdf3f14dc5.jpg,0.267439811746965,park,1
https://www.flickr.com/people/djackmanson/,1c694c5d547cbfae,https://creativecommons.org/licenses/by/2.0/,https://www.flickr.com/photos/djackmanson/5826001220,https://c7.staticflickr.com/4/3267/5826001220_817f43e19e_o.jpg,ok,https://c6.staticflickr.com/4/3267/5826001220_e69bb1c5d5_z.jpg,Tree,data/raw/openimages/candidates/openimages-1c694c5d547cbfae.jpg,0.22804002493358924,park,1
https://www.flickr.com/people/bnsd/,1cd8845d9ae7fe1d,https://creativecommons.org/licenses/by/2.0/,https://www.flickr.com/photos/bnsd/3820427133,https://c6.staticflickr.com/4/3435/3820427133_9585279de0_o.jpg,missing,https://c4.staticflickr.com/4/3435/3820427133_e993760875_z.jpg,Tree,,0.90433213,park,1
https://www.flickr.com/people/bethscupham/,1d32c499b637277d,https://creativecommons.org/licenses/by/2.0/,https://www.flickr.com/photos/bethscupham/7311992684,https://c6.staticflickr.com/8/7086/7311992684_9b5d4f2cf2_o.jpg,ok,https://c5.staticflickr.com/8/7086/7311992684_6dd2ec5818_z.jpg,Tree,data/raw/openimages/candidates/openimages-1d32c499b637277d.jpg,0.75073749,park,1
https://www.flickr.com/people/ftleetraveller/,1d38cb1a280ca0d3,https://creativecommons.org/licenses/by/2.0/,https://www.flickr.com/photos/ftleetraveller/9569813325,https://farm4.staticflickr.com/7321/9569813325_7eb5d90e00_o.jpg,ok,https://c2.staticflickr.com/8/7321/9569813325_a80908750a_z.jpg,Tree,data/raw/openimages/candidates/openimages-1d38cb1a280ca0d3.jpg,0.4424155695901919,park,1
https://www.flickr.com/people/metay/,1d4cc602049bfdff,https://creativecommons.org/licenses/by/2.0/,https://www.flickr.com/photos/metay/11529087744,https://c8.staticflickr.com/6/5518/11529087744_553d9a49a7_o.jpg,ok,https://c6.staticflickr.com/6/5518/11529087744_aab6a1bf27_z.jpg,Tree,data/raw/openimages/candidates/openimages-1d4cc602049bfdff.jpg,0.1511071718949,park,1
https://www.flickr.com/people/abrahamy2k/,1d4e2316f8462f53,https://creativecommons.org/licenses/by/2.0/,https://www.flickr.com/photos/abrahamy2k/5500666997,https://farm4.staticflickr.com/5176/5500666997_4f9607586c_o.jpg,ok,https://c7.staticflickr.com/6/5176/5500666997_29bf83d51f_z.jpg,Tree,data/raw/openimages/candidates/openimages-1d4e2316f8462f53.jpg,0.25791631434046,park,1
https://www.flickr.com/people/usfwshq/,1db5c2ecaf3ed2a6,https://creativecommons.org/licenses/by/2.0/,https://www.flickr.com/photos/usfwshq/12955708084,https://farm7.staticflickr.com/2875/12955708084_9f7ff464df_o.jpg,ok,https://c2.staticflickr.com/3/2875/12955708084_08986bb6a9_z.jpg,Tree,data/raw/openimages/candidates/openimages-1db5c2ecaf3ed2a6.jpg,0.13858519154031002,park,1
https://www.flickr.com/people/bravenboer/,1e01f0f05168640a,https://creativecommons.org/licenses/by/2.0/,https://www.flickr.com/photos/bravenboer/9662693470,https://c3.staticflickr.com/6/5456/9662693470_ba9bc567e1_o.jpg,missing,https://c2.staticflickr.com/6/5456/9662693470_67507ca778_z.jpg,Tree,,0.039257803125000004,park,1
https://www.flickr.com/people/cumidanciki/,1e0d86c934e6e670,https://creativecommons.org/licenses/by/2.0/,https://www.flickr.com/photos/cumidanciki/7200561176,https://farm1.staticflickr.com/7215/7200561176_70807a7020_o.jpg,ok,https://c7.staticflickr.com/8/7215/7200561176_2a0ed92c04_z.jpg,Tree,data/raw/openimages/candidates/openimages-1e0d86c934e6e670.jpg,0.43815755556249997,park,1
https://www.flickr.com/people/howieluvzus/,1e418a6d744ca7fc,https://creativecommons.org/licenses/by/2.0/,https://www.flickr.com/photos/howieluvzus/228600098,https://c5.staticflickr.com/1/98/228600098_4529518561_o.jpg,ok,https://c2.staticflickr.com/1/98/228600098_4529518561_z.jpg,Tree,data/raw/openimages/candidates/openimages-1e418a6d744ca7fc.jpg,0.09024738587500003,park,1
https://www.flickr.com/people/burnedhorse/,1ecab1a4be9ea551,https://creativecommons.org/licenses/by/2.0/,https://www.flickr.com/photos/burnedhorse/6395119993/,https://farm2.staticflickr.com/6059/6395119993_dab8dd9847_o.jpg,ok,https://c8.staticflickr.com/7/6059/6395119993_e4783340d1_z.jpg,Tree,data/raw/openimages/candidates/openimages-1ecab1a4be9ea551.jpg,0.07062712516732318,park,1
https://www.flickr.com/people/16nine/,1f7c714c88527e6b,https://creativecommons.org/licenses/by/2.0/,https://www.flickr.com/photos/16nine/7814394602/,https://c4.staticflickr.com/9/8306/7814394602_6ccc3acddb_o.jpg,ok,https://c8.staticflickr.com/9/8306/7814394602_bd77b9cdfa_z.jpg,Tree,data/raw/openimages/candidates/openimages-1f7c714c88527e6b.jpg,0.1412796601335265,park,1
https://www.flickr.com/people/ezoxeye/,20a9588a2cc86961,https://creativecommons.org/licenses/by/2.0/,https://www.flickr.com/photos/ezoxeye/3503917062,https://farm2.staticflickr.com/3570/3503917062_09387c676b_o.jpg,ok,https://c7.staticflickr.com/4/3570/3503917062_7bc35a9565_z.jpg,Tree,data/raw/openimages/candidates/openimages-20a9588a2cc86961.jpg,0.48215820312499996,park,1
https://www.flickr.com/people/fire_up_the_quattro/,20d12b52e2c7cf42,https://creativecommons.org/licenses/by/2.0/,https://www.flickr.com/photos/fire_up_the_quattro/4975460922,https://farm3.staticflickr.com/4128/4975460922_3f7ffebc93_o.jpg,ok,https://c7.staticflickr.com/5/4128/4975460922_219405c282_z.jpg,Tree,data/raw/openimages/candidates/openimages-20d12b52e2c7cf42.jpg,0.43333333999999996,park,1
https://www.flickr.com/people/usmcarchives/,21452e538d101ee9,https://creativecommons.org/licenses/by/2.0/,https://www.flickr.com/photos/usmcarchives/15719694612,https://c2.staticflickr.com/4/3945/15719694612_59dfbc1371_o.jpg,ok,https://c2.staticflickr.com/4/3945/15719694612_e2d5d3b745_z.jpg,Tree,data/raw/openimages/candidates/openimages-21452e538d101ee9.jpg,0.947686117,park,1
https://www.flickr.com/people/deltamike/,218167595eb76b7b,https://creativecommons.org/licenses/by/2.0/,https://www.flickr.com/photos/deltamike/385926573,https://c4.staticflickr.com/1/143/385926573_b49b6a954b_o.jpg,ok,https://c6.staticflickr.com/1/143/385926573_b49b6a954b_z.jpg,Tree,data/raw/openimages/candidates/openimages-218167595eb76b7b.jpg,0.08733636794039959,park,1
https://www.flickr.com/people/bluetigger/,2192e031f570a4d5,https://creativecommons.org/licenses/by/2.0/,https://www.flickr.com/photos/bluetigger/170371047,https://farm6.staticflickr.com/58/170371047_537f9589f5_o.jpg,ok,https://c8.staticflickr.com/1/58/170371047_537f9589f5_z.jpg?zz=1,Tree,data/raw/openimages/candidates/openimages-2192e031f570a4d5.jpg,0.93478261,park,1
https://www.flickr.com/people/lawley/,22b941f602139220,https://creativecommons.org/licenses/by/2.0/,https://www.flickr.com/photos/98894271@N00/4918514,https://farm1.staticflickr.com/3/4918514_ea86d5de0d_o.jpg,ok,https://c4.staticflickr.com/1/3/4918514_ea86d5de0d_z.jpg?zz=1,Tree,data/raw/openimages/candidates/openimages-22b941f602139220.jpg,0.039375000000000014,park,1
https://www.flickr.com/people/nycmarines/,22ce7c96d1cfe0e2,https://creativecommons.org/licenses/by/2.0/,https://www.flickr.com/photos/nycmarines/3555995961,https://farm3.staticflickr.com/3620/3555995961_30afcbbfaf_o.jpg,ok,https://c6.staticflickr.com/4/3620/3555995961_ef635a64a1_z.jpg?zz=1,Tree,data/raw/openimages/candidates/openimages-22ce7c96d1cfe0e2.jpg,0.33811128956578623,park,1
https://www.flickr.com/people/michielvanbalen/,22dfc0f39bdd0be7,https://creativecommons.org/licenses/by/2.0/,https://www.flickr.com/photos/michielvanbalen/3178654261,https://farm8.staticflickr.com/3103/3178654261_c0fdc2d5eb_o.jpg,ok,https://c3.staticflickr.com/4/3103/3178654261_6e2d70401e_z.jpg,Tree,data/raw/openimages/candidates/openimages-22dfc0f39bdd0be7.jpg,0.16159239746265977,park,1
https://www.flickr.com/people/67333623@N04/,236bfb9d94aa652f,https://creativecommons.org/licenses/by/2.0/,https://www.flickr.com/photos/67333623@N04/6149682529,https://c8.staticflickr.com/7/6075/6149682529_acc78f8421_o.jpg,missing,https://c8.staticflickr.com/7/6075/6149682529_acc78f8421_o.jpg,Tree,,0.04773437540624998,park,1
https://www.flickr.com/people/hygienematters/,23a53905cae59bda,https://creativecommons.org/licenses/by/2.0/,https://www.flickr.com/photos/hygienematters/5954214644,https://c3.staticflickr.com/7/6022/5954214644_f0277dc660_o.jpg,missing,https://c4.staticflickr.com/7/6022/5954214644_40bf861f4f_z.jpg,Tree,,0.06568856781474945,park,1
https://www.flickr.com/people/kitpfish/,23ae9c72811ea12c,https://creativecommons.org/licenses/by/2.0/,https://www.flickr.com/photos/kitpfish/272515357,https://c5.staticflickr.com/1/114/272515357_847b3c5b91_o.jpg,ok,https://c2.staticflickr.com/1/114/272515357_847b3c5b91_z.jpg,Tree,data/raw/openimages/candidates/openimages-23ae9c72811ea12c.jpg,0.17268647880239002,park,1
https://www.flickr.com/people/camppinewood/,2494d0e1b1545d11,https://creativecommons.org/licenses/by/2.0/,https://www.flickr.com/photos/camppinewood/16020507399,https://farm2.staticflickr.com/7479/16020507399_41805a2548_o.jpg,missing,https://c8.staticflickr.com/8/7479/16020507399_f7ace50a4b_z.jpg,Tree,,0.118701165234375,park,1
https://www.flickr.com/people/euskaltrial/,24a921303b6a05ef,https://creativecommons.org/licenses/by/2.0/,https://www.flickr.com/photos/euskaltrial/2272451440/,https://c8.staticflickr.com/3/2291/2272451440_78ff2b37bc_o.jpg,ok,https://c8.staticflickr.com/3/2291/2272451440_78ff2b37bc_o.jpg,Tree,data/raw/openimages/candidates/openimages-24a921303b6a05ef.jpg,0.19584568094362043,park,1
https://www.flickr.com/people/nadiasilveira/,2551daa537c23108,https://creativecommons.org/licenses/by/2.0/,https://www.flickr.com/photos/nadiasilveira/8152526947,https://c1.staticflickr.com/9/8481/8152526947_78fbd59263_o.jpg,ok,https://c5.staticflickr.com/9/8481/8152526947_aac01a6017_z.jpg,Tree,data/raw/openimages/candidates/openimages-2551daa537c23108.jpg,0.059335931375,park,1
https://www.flickr.com/people/editor/,2651b2008da6d733,https://creativecommons.org/licenses/by/2.0/,https://www.flickr.com/photos/editor/6967743544,https://farm4.staticflickr.com/7081/6967743544_3abafd2669_o.jpg,ok,https://c3.staticflickr.com/8/7081/6967743544_01d2435cd8_z.jpg,Tree,data/raw/openimages/candidates/openimages-2651b2008da6d733.jpg,0.09640061999999999,park,1
https://www.flickr.com/people/xcaverx/,26751a39a48078e1,https://creativecommons.org/licenses/by/2.0/,https://www.flickr.com/photos/xcaverx/6323865427,https://farm2.staticflickr.com/6058/6323865427_41bd12c566_o.jpg,ok,https://c8.staticflickr.com/7/6058/6323865427_b38c7c46df_z.jpg,Tree,data/raw/openimages/candidates/openimages-26751a39a48078e1.jpg,0.20928655513851538,park,1
https://www.flickr.com/people/shanepope/,26fa5ca89582227c,https://creativecommons.org/licenses/by/2.0/,https://www.flickr.com/photos/shanepope/2389033542,https://c5.staticflickr.com/3/2038/2389033542_411d3cf9ed_o.jpg,missing,https://c4.staticflickr.com/3/2038/2389033542_d1410e8c4b_z.jpg?zz=1,Tree,,0.914454274,park,1
https://www.flickr.com/people/www_ukberri_net/,27177e10a15ea68b,https://creativecommons.org/licenses/by/2.0/,https://www.flickr.com/photos/www_ukberri_net/5829278840,https://c4.staticflickr.com/3/2426/5829278840_8e35a74106_o.jpg,ok,https://c4.staticflickr.com/3/2426/5829278840_e5ee492283_z.jpg,Tree,data/raw/openimages/candidates/openimages-27177e10a15ea68b.jpg,0.93603515625,park,1
https://www.flickr.com/people/jimbaker/,2739879737c64f08,https://creativecommons.org/licenses/by/2.0/,https://www.flickr.com/photos/jimbaker/71954713,https://c1.staticflickr.com/1/35/71954713_c998b8c324_o.jpg,ok,https://c5.staticflickr.com/1/35/71954713_c998b8c324_z.jpg,Tree,data/raw/openimages/candidates/openimages-2739879737c64f08.jpg,0.23112304228124997,park,1
https://www.flickr.com/people/usdagov/,27c5f1373268e07a,https://creativecommons.org/licenses/by/2.0/,https://www.flickr.com/photos/usdagov/6791560819,https://c3.staticflickr.com/8/7175/6791560819_cbf75890c0_o.jpg,ok,https://c3.staticflickr.com/8/7175/6791560819_751515416f_z.jpg,Tree,data/raw/openimages/candidates/openimages-27c5f1373268e07a.jpg,0.8300454865933664,park,1
https://www.flickr.com/people/53391983@N05/,27fec0e98c406a25,https://creativecommons.org/licenses/by/2.0/,https://www.flickr.com/photos/53391983@N05/5225370049,https://farm6.staticflickr.com/5129/5225370049_8df7192f2d_o.jpg,ok,https://c8.staticflickr.com/6/5129/5225370049_07330fafa7_z.jpg,Tree,data/raw/openimages/candidates/openimages-27fec0e98c406a25.jpg,0.07210856699590049,park,1
https://www.flickr.com/people/robertnyman/,299d6312ddbe16c7,https://creativecommons.org/licenses/by/2.0/,https://www.flickr.com/photos/robertnyman/5671382250,https://farm8.staticflickr.com/5227/5671382250_faeecef0f3_o.jpg,ok,https://c7.staticflickr.com/6/5227/5671382250_ff43a05d47_z.jpg,Tree,data/raw/openimages/candidates/openimages-299d6312ddbe16c7.jpg,0.04947277071675159,park,1
https://www.flickr.com/people/32890877@N07/,2b1f2c95be4c43a8,https://creativecommons.org/licenses/by/2.0/,https://www.flickr.com/photos/32890877@N07/5868016096,https://c1.staticflickr.com/4/3170/5868016096_c21e1c9eaa_o.jpg,ok,https://c6.staticflickr.com/4/3170/5868016096_47d1fda3a2_z.jpg,Tree,data/raw/openimages/candidates/openimages-2b1f2c95be4c43a8.jpg,0.08246861455876198,park,1
https://www.flickr.com/people/balladist/,2b28df0026212bdb,https://creativecommons.org/licenses/by/2.0/,https://www.flickr.com/photos/balladist/2357552957,https://c4.staticflickr.com/4/3263/2357552957_12fbb3d009_o.jpg,ok,https://c5.staticflickr.com/4/3263/2357552957_82d6e96676_z.jpg,Tree,data/raw/openimages/candidates/openimages-2b28df0026212bdb.jpg,0.36712750000000005,park,1
https://www.flickr.com/people/97513256@N06/,2b681f7205d3b95e,https://creativecommons.org/licenses/by/2.0/,https://www.flickr.com/photos/97513256@N06/9044197818,https://c7.staticflickr.com/3/2873/9044197818_b743611cfe_o.jpg,ok,https://c5.staticflickr.com/3/2873/9044197818_f2f1ac01db_z.jpg,Tree,data/raw/openimages/candidates/openimages-2b681f7205d3b95e.jpg,0.06618489631250002,park,1
https://www.flickr.com/people/quinet/,2b7d4c36406a4395,https://creativecommons.org/licenses/by/2.0/,https://www.flickr.com/photos/quinet/8560668127,https://farm6.staticflickr.com/8526/8560668127_5d1028ae99_o.jpg,ok,https://c4.staticflickr.com/9/8526/8560668127_c2a7981fa9_z.jpg,Tree,data/raw/openimages/candidates/openimages-2b7d4c36406a4395.jpg,0.10867187662499998,park,1
https://www.flickr.com/people/tomkunz/,2baa6353a158c6cd,https://creativecommons.org/licenses/by/2.0/,https://www.flickr.com/photos/tomkunz/10661010753,https://c6.staticflickr.com/3/2876/10661010753_620d26f4de_o.jpg,ok,https://c5.staticflickr.com/3/2876/10661010753_0602ff5849_z.jpg,Tree,data/raw/openimages/candidates/openimages-2baa6353a158c6cd.jpg,0.13362375675610744,park,1
https://www.flickr.com/people/jbraine/,2bb371dc7d9c1509,https://creativecommons.org/licenses/by/2.0/,https://www.flickr.com/photos/jbraine/34171498,https://c2.staticflickr.com/1/22/34171498_1cd844c5e6_o.jpg,ok,https://c8.staticflickr.com/1/22/34171498_1cd844c5e6_z.jpg?zz=1,Tree,data/raw/openimages/candidates/openimages-2bb371dc7d9c1509.jpg,0.405,park,1
https://www.flickr.com/people/mdiocuh_galeals/,2c1f055d4f648e4b,https://creativecommons.org/licenses/by/2.0/,https://www.flickr.com/photos/mdiocuh_galeals/415196130,https://c4.staticflickr.com/1/145/415196130_5468835952_o.jpg,ok,https://c3.staticflickr.com/1/145/415196130_b3f029b450_z.jpg,Tree,data/raw/openimages/candidates/openimages-2c1f055d4f648e4b.jpg,0.29845701281250003,park,1
https://www.flickr.com/people/axeldeviaje/,2c209664cc9be9e6,https://creativecommons.org/licenses/by/2.0/,https://www.flickr.com/photos/axeldeviaje/1845269445,https://farm7.staticflickr.com/2374/1845269445_3088d373cb_o.jpg,ok,https://c6.staticflickr.com/3/2374/1845269445_a1a30cb57c_z.jpg?zz=1,Tree,data/raw/openimages/candidates/openimages-2c209664cc9be9e6.jpg,0.7078125000000001,park,1
https://www.flickr.com/people/losmocanos/,2c369f8e46ca9136,https://creativecommons.org/licenses/by/2.0/,https://www.flickr.com/photos/losmocanos/6903997043/,https://farm7.staticflickr.com/7062/6903997043_462588a70a_o.jpg,ok,https://c3.staticflickr.com/8/7062/6903997043_0978e9fdc6_z.jpg,Tree,data/raw/openimages/candidates/openimages-2c369f8e46ca9136.jpg,0.4399750581080672,park,1
https://www.flickr.com/people/winterbald/,2c4004388f263f72,https://creativecommons.org/licenses/by/2.0/,https://www.flickr.com/photos/winterbald/2671712259,https://farm3.staticflickr.com/3099/2671712259_f937fce448_o.jpg,ok,https://c1.staticflickr.com/4/3099/2671712259_0cc1b1ce92_z.jpg,Tree,data/raw/openimages/candidates/openimages-2c4004388f263f72.jpg,0.14592997300066413,park,1
https://www.flickr.com/people/garryknight/,2c4683b139ff1685,https://creativecommons.org/licenses/by/2.0/,https://www.flickr.com/photos/garryknight/16878400538,https://farm6.staticflickr.com/7654/16878400538_1a503be80c_o.jpg,ok,https://c1.staticflickr.com/8/7654/16878400538_7ea9a80e8c_z.jpg,Tree,data/raw/openimages/candidates/openimages-2c4683b139ff1685.jpg,0.04048867871146279,park,1
https://www.flickr.com/people/paulsynnott/,2c882bb77d83c849,https://creativecommons.org/licenses/by/2.0/,https://www.flickr.com/photos/paulsynnott/2835856558,https://c2.staticflickr.com/4/3148/2835856558_8f039b179d_o.jpg,missing,https://c5.staticflickr.com/4/3148/2835856558_3a8d2565de_z.jpg?zz=1,Tree,,0.81875,park,1
https://www.flickr.com/people/egropp/,2ca77482bdacd63c,https://creativecommons.org/licenses/by/2.0/,https://www.flickr.com/photos/egropp/17156099937,https://c5.staticflickr.com/8/7687/17156099937_c1fa86ef72_o.jpg,ok,https://c7.staticflickr.com/8/7687/17156099937_b270361c1d_z.jpg,Tree,data/raw/openimages/candidates/openimages-2ca77482bdacd63c.jpg,0.20047904551465756,park,1
https://www.flickr.com/people/oldrebel/,2ce6df93e2fcf67c,https://creativecommons.org/licenses/by/2.0/,https://www.flickr.com/photos/oldrebel/4918560504,https://c5.staticflickr.com/5/4137/4918560504_638baa21a0_o.jpg,ok,https://c6.staticflickr.com/5/4137/4918560504_ba95333006_z.jpg,Tree,data/raw/openimages/candidates/openimages-2ce6df93e2fcf67c.jpg,0.5791221439023735,park,1
https://www.flickr.com/people/montanapets/,2d2726d5de7256f6,https://creativecommons.org/licenses/by/2.0/,https://www.flickr.com/photos/montanapets/15032909599,https://farm7.staticflickr.com/5553/15032909599_af4cb67da0_o.jpg,ok,https://c4.staticflickr.com/6/5553/15032909599_f5c73ddf98_z.jpg,Tree,data/raw/openimages/candidates/openimages-2d2726d5de7256f6.jpg,0.03242226996319199,park,1
https://www.flickr.com/people/emeryjl/,2e47eb31e9c31207,https://creativecommons.org/licenses/by/2.0/,https://www.flickr.com/photos/emeryjl/11611332486,https://farm8.staticflickr.com/3743/11611332486_825f0edc9f_o.jpg,missing,https://c8.staticflickr.com/4/3743/11611332486_d9962f058f_z.jpg,Tree,,0.17770597289176082,park,1
https://www.flickr.com/people/vegaseddie/,2e72567c95c1ae6d,https://creativecommons.org/licenses/by/2.0/,https://www.flickr.com/photos/vegaseddie/3310045714,https://c6.staticflickr.com/4/3655/3310045714_4823d462a0_o.jpg,ok,https://c1.staticflickr.com/4/3655/3310045714_e6dc30566f_z.jpg,Tree,data/raw/openimages/candidates/openimages-2e72567c95c1ae6d.jpg,0.040537369990347995,park,1
https://www.flickr.com/people/58663780@N00/,2f187eb60ee88bdb,https://creativecommons.org/licenses/by/2.0/,https://www.flickr.com/photos/58663780@N00/2578776582,https://c4.staticflickr.com/4/3053/2578776582_51b7448afa_o.jpg,ok,https://c5.staticflickr.com/4/3053/2578776582_ff1fee9b1e_z.jpg,Tree,data/raw/openimages/candidates/openimages-2f187eb60ee88bdb.jpg,0.22121137066932803,park,1
https://www.flickr.com/people/photojonas/,2f2d2e2bcd186d31,https://creativecommons.org/licenses/by/2.0/,https://www.flickr.com/photos/photojonas/5536848567,https://farm2.staticflickr.com/5252/5536848567_cb961d060a_o.jpg,ok,https://c4.staticflickr.com/6/5252/5536848567_3f4d13f036_z.jpg,Tree,data/raw/openimages/candidates/openimages-2f2d2e2bcd186d31.jpg,0.18858171941055102,park,1
https://www.flickr.com/people/dalregobeyond/,2f535abd45f435ff,https://creativecommons.org/licenses/by/2.0/,https://www.flickr.com/photos/dalregobeyond/5708073134,https://c8.staticflickr.com/3/2323/5708073134_ef248a8bd3_o.jpg,ok,https://c8.staticflickr.com/3/2323/5708073134_b95e476117_z.jpg,Tree,data/raw/openimages/candidates/openimages-2f535abd45f435ff.jpg,0.18419609157490793,park,1
https://www.flickr.com/people/kjarrett/,2f9f635834d57175,https://creativecommons.org/licenses/by/2.0/,https://www.flickr.com/photos/kjarrett/8308063392,https://farm6.staticflickr.com/8494/8308063392_7312bd0942_o.jpg,ok,https://c2.staticflickr.com/9/8494/8308063392_3612b3dbfa_z.jpg,Tree,data/raw/openimages/candidates/openimages-2f9f635834d57175.jpg,0.599691937224312,park,1
https://www.flickr.com/people/diaper/,30b588e4be85cf2b,https://creativecommons.org/licenses/by/2.0/,https://www.flickr.com/photos/diaper/8506936949,https://c4.staticflickr.com/9/8372/8506936949_ee1e46f217_o.jpg,ok,https://c4.staticflickr.com/9/8372/8506936949_d4c8da875c_z.jpg,Tree,data/raw/openimages/candidates/openimages-30b588e4be85cf2b.jpg,0.18867187575000002,park,1
https://www.flickr.com/people/democratparty/,318e12be63daa7bb,https://creativecommons.org/licenses/by/2.0/,https://www.flickr.com/photos/democratparty/8008210041,https://c4.staticflickr.com/9/8311/8008210041_4229f4f171_o.jpg,ok,https://c7.staticflickr.com/9/8311/8008210041_a0bf137b1f_z.jpg,Tree,data/raw/openimages/candidates/openimages-318e12be63daa7bb.jpg,0.24631268,park,1
https://www.flickr.com/people/rengber/,31c1e34fcaf9d09e,https://creativecommons.org/licenses/by/2.0/,https://www.flickr.com/photos/rengber/305307456,https://c7.staticflickr.com/1/113/305307456_93863b527b_o.jpg,missing,https://c5.staticflickr.com/1/113/305307456_93863b527b_z.jpg,Tree,,0.08421875524999999,park,1
https://www.flickr.com/people/tigr/,31da508173c545f3,https://creativecommons.org/licenses/by/2.0/,https://www.flickr.com/photos/tigr/2888977267,https://farm4.staticflickr.com/3070/2888977267_80b304ab09_o.jpg,missing,https://c5.staticflickr.com/4/3070/2888977267_2ec97844e6_z.jpg?zz=1,Tree,,0.318206297297694,park,1
https://www.flickr.com/people/djchris/,32225d010cb217d6,https://creativecommons.org/licenses/by/2.0/,https://www.flickr.com/photos/djchris/16194421427,https://farm7.staticflickr.com/7398/16194421427_901fced190_o.jpg,missing,https://c5.staticflickr.com/8/7398/16194421427_0abbdc51c7_z.jpg,Tree,,0.18241813050919595,park,1
https://www.flickr.com/people/ivanbustamante/,32d8386f0f1d86fc,https://creativecommons.org/licenses/by/2.0/,https://www.flickr.com/photos/ivanbustamante/252902951,https://c5.staticflickr.com/1/94/252902951_06d9083249_o.jpg,missing,https://c5.staticflickr.com/1/94/252902951_06d9083249_o.jpg,Tree,,0.40598339935789435,park,1
https://www.flickr.com/people/tintedglass/,32e7bf6b6ab011f7,https://creativecommons.org/licenses/by/2.0/,https://www.flickr.com/photos/tintedglass/6632769835,https://farm8.staticflickr.com/7011/6632769835_9a23f381f2_o.jpg,missing,https://c4.staticflickr.com/8/7011/6632769835_64c1ff7ac9_z.jpg,Tree,,0.799117014,park,1
https://www.flickr.com/people/familymwr/,335197067b30029e,https://creativecommons.org/licenses/by/2.0/,https://www.flickr.com/photos/familymwr/4931395264,https://c7.staticflickr.com/5/4097/4931395264_7a2c5e95c1_o.jpg,missing,https://c3.staticflickr.com/5/4097/4931395264_3be8530b6a_z.jpg,Tree,,0.03490693428768198,park,1
https://www.flickr.com/people/jlwelsh/,3420b651f75aac50,https://creativecommons.org/licenses/by/2.0/,https://www.flickr.com/photos/jlwelsh/2412952663,https://farm1.staticflickr.com/3115/2412952663_10a1a69858_o.jpg,missing,https://c1.staticflickr.com/4/3115/2412952663_f2b7f5ba6f_z.jpg,Tree,,0.895833336,park,1
https://www.flickr.com/people/umbrelaverde/,343326e127297379,https://creativecommons.org/licenses/by/2.0/,https://www.flickr.com/photos/umbrelaverde/3465385309,https://c2.staticflickr.com/4/3578/3465385309_2e59d11a2a_o.jpg,ok,https://c4.staticflickr.com/4/3578/3465385309_2395a58071_z.jpg,Tree,data/raw/openimages/candidates/openimages-343326e127297379.jpg,0.50663717,park,1
https://www.flickr.com/people/benzbar/,3437ce4636bdd79d,https://creativecommons.org/licenses/by/2.0/,https://www.flickr.com/photos/benzbar/12073198103,https://c6.staticflickr.com/8/7414/12073198103_fb06659b55_o.jpg,missing,https://c6.staticflickr.com/8/7414/12073198103_266a97a16b_z.jpg,Tree,,0.07906310320121997,park,1
https://www.flickr.com/people/diamondglacieradventures/,34410cfbcbaa4d93,https://creativecommons.org/licenses/by/2.0/,https://www.flickr.com/photos/diamondglacieradventures/6336305503,https://farm4.staticflickr.com/6031/6336305503_10b18eb11e_o.jpg,missing,https://c3.staticflickr.com/7/6031/6336305503_c7b34978ac_z.jpg,Tree,,0.08267578762499997,park,1
https://www.flickr.com/people/johnshortland/,344a9140fb86e57d,https://creativecommons.org/licenses/by/2.0/,https://www.flickr.com/photos/johnshortland/6212337902,https://c6.staticflickr.com/7/6052/6212337902_e0cfff8d7a_o.jpg,missing,https://c3.staticflickr.com/7/6052/6212337902_04084db650_z.jpg,Tree,,0.06296597661365998,park,1
https://www.flickr.com/people/46053374@N05/,34735e7f878b755a,https://creativecommons.org/licenses/by/2.0/,https://www.flickr.com/photos/46053374@N05/5008211774,https://c3.staticflickr.com/5/4131/5008211774_7f2f832203_o.jpg,missing,https://c7.staticflickr.com/5/4131/5008211774_3011d31d48_z.jpg,Tree,,0.2273294568975612,park,1
https://www.flickr.com/people/conner395/,34ff10aa56e103ba,https://creativecommons.org/licenses/by/2.0/,https://www.flickr.com/photos/conner395/9177483413,https://c3.staticflickr.com/3/2814/9177483413_8a0e48a17d_o.jpg,missing,https://c3.staticflickr.com/3/2814/9177483413_5d864e3390_z.jpg,Tree,,0.12403157586618001,park,1
https://www.flickr.com/people/puroticorico/,356673d514d13bea,https://creativecommons.org/licenses/by/2.0/,https://www.flickr.com/photos/puroticorico/2673406214,https://c3.staticflickr.com/4/3163/2673406214_53cea3bcbd_o.jpg,missing,https://c7.staticflickr.com/4/3163/2673406214_c10ce50c90_z.jpg,Tree,,0.86748046875,park,1
https://www.flickr.com/people/signe_karin/,3575fe8f13d43ff4,https://creativecommons.org/licenses/by/2.0/,https://www.flickr.com/photos/signe_karin/6198410197,https://farm5.staticflickr.com/6178/6198410197_45544007b6_o.jpg,ok,https://c4.staticflickr.com/7/6178/6198410197_458b56ab84_z.jpg,Tree,data/raw/openimages/candidates/openimages-3575fe8f13d43ff4.jpg,0.04379882934374999,park,1
https://www.flickr.com/people/davefayram/,35d1814542ba8e3a,https://creativecommons.org/licenses/by/2.0/,https://www.flickr.com/photos/davefayram/3866433524,https://c3.staticflickr.com/4/3462/3866433524_2d2454e82d_o.jpg,missing,https://c3.staticflickr.com/4/3462/3866433524_3415a31e3b_z.jpg,Tree,,0.03453598910608501,park,1
https://www.flickr.com/people/londondesigner/,36a41c5d75e49e72,https://creativecommons.org/licenses/by/2.0/,https://www.flickr.com/photos/londondesigner/14027297107,https://farm3.staticflickr.com/2911/14027297107_627439297f_o.jpg,missing,https://c3.staticflickr.com/3/2911/14027297107_fc31922f2c_z.jpg,Tree,,0.8850013794026222,park,1
https://www.flickr.com/people/122794378@N08/,36fc4316324b2b38,https://creativecommons.org/licenses/by/2.0/,https://www.flickr.com/photos/122794378@N08/17758005796,https://c1.staticflickr.com/9/8692/17758005796_785b48b823_o.jpg,missing,https://c3.staticflickr.com/9/8692/17758005796_4f00d334fc_z.jpg,Tree,,0.278750005575,park,1
https://www.flickr.com/people/karim2k/,37315b9404c7b5ba,https://creativecommons.org/licenses/by/2.0/,https://www.flickr.com/photos/karim2k/667600,https://c3.staticflickr.com/1/1/667600_fac5b8bbbd_o.jpg,missing,https://c6.staticflickr.com/1/1/667600_fac5b8bbbd_z.jpg?zz=1,Tree,,0.08306967246875001,park,1
https://www.flickr.com/people/ronmacphotos/,373eb7cd1849a39d,https://creativecommons.org/licenses/by/2.0/,https://www.flickr.com/photos/ronmacphotos/467660440,https://c6.staticflickr.com/1/210/467660440_fb1ad04021_o.jpg,missing,https://c5.staticflickr.com/1/210/467660440_f6f421be17_z.jpg,Tree,,0.05639648437499999,park,1
https://www.flickr.com/people/florisje/,37be73f83c029f49,https://creativecommons.org/licenses/by/2.0/,https://www.flickr.com/photos/florisje/7508445968/,https://c2.staticflickr.com/8/7122/7508445968_5a9a34a6d1_o.jpg,missing,https://c4.staticflickr.com/8/7122/7508445968_b35f311819_z.jpg,Tree,,0.24722635156851197,park,1
https://www.flickr.com/people/jordangreenberg/,392b55e6d9955bab,https://creativecommons.org/licenses/by/2.0/,https://www.flickr.com/photos/jordangreenberg/6024698982,https://c4.staticflickr.com/7/6184/6024698982_8ceff81be2_o.jpg,missing,https://c7.staticflickr.com/7/6184/6024698982_396b3d631d_z.jpg,Tree,,0.32556640378125,park,1
https://www.flickr.com/people/johnnyarayamonge/,395939397d472c3b,https://creativecommons.org/licenses/by/2.0/,https://www.flickr.com/photos/johnnyarayamonge/8568214956,https://c4.staticflickr.com/9/8373/8568214956_cc18d33460_o.jpg,missing,https://c2.staticflickr.com/9/8373/8568214956_82686a23f4_z.jpg,Tree,,0.1231721880670464,park,1
https://www.flickr.com/people/54383933@N03/,39aaef29b48ffd1a,https://creativecommons.org/licenses/by/2.0/,https://www.flickr.com/photos/54383933@N03/15301843001,https://c3.staticflickr.com/4/3853/15301843001_d01ff4d07b_o.jpg,missing,https://c4.staticflickr.com/4/3853/15301843001_6159ed4779_z.jpg,Tree,,0.13264215725517073,park,1
https://www.flickr.com/people/39965300@N07/,39cdc07f9616fe67,https://creativecommons.org/licenses/by/2.0/,https://www.flickr.com/photos/39965300@N07/5753909872/,https://farm8.staticflickr.com/2462/5753909872_80e232c1dc_o.jpg,missing,https://c5.staticflickr.com/3/2462/5753909872_4cd4566db7_z.jpg,Tree,,0.0848567698125,park,1
https://www.flickr.com/people/veganstraightedge/,39ee3887e609d27f,https://creativecommons.org/licenses/by/2.0/,https://www.flickr.com/photos/veganstraightedge/5925086198,https://c8.staticflickr.com/7/6121/5925086198_69214406d2_o.jpg,missing,https://c2.staticflickr.com/7/6121/5925086198_412c1df18e_z.jpg,Tree,,0.04270833125,park,1
https://www.flickr.com/people/campdarby/,3a41eb035c8a893b,https://creativecommons.org/licenses/by/2.0/,https://www.flickr.com/photos/campdarby/5786468447,https://c4.staticflickr.com/6/5064/5786468447_c974b47792_o.jpg,missing,https://c2.staticflickr.com/6/5064/5786468447_1e4dd86422_z.jpg,Tree,,0.0359301141017308,park,1
https://www.flickr.com/people/ixmati/,3a47a2f8236c8378,https://creativecommons.org/licenses/by/2.0/,https://www.flickr.com/photos/ixmati/3390416388,https://c1.staticflickr.com/4/3418/3390416388_7388c141f1_o.jpg,missing,https://c2.staticflickr.com/4/3418/3390416388_176c64f5ec_z.jpg?zz=1,Tree,,0.08235676796875,park,1
https://www.flickr.com/people/delorenzo/,3ab0cbcacf2303cb,https://creativecommons.org/licenses/by/2.0/,https://www.flickr.com/photos/delorenzo/2675869443,https://c4.staticflickr.com/4/3127/2675869443_bb26838110_o.jpg,missing,https://c6.staticflickr.com/4/3127/2675869443_59f0d08afe_z.jpg,Tree,,0.209952152597782,park,1
https://www.flickr.com/people/grand_canyon_nps/,3bedf848bf688025,https://creativecommons.org/licenses/by/2.0/,https://www.flickr.com/photos/grand_canyon_nps/4928698186,https://farm6.staticflickr.com/4077/4928698186_b3d1c2273e_o.jpg,missing,https://farm6.staticflickr.com/4077/4928698186_b3d1c2273e_o.jpg,Tree,,0.09118490268749997,park,1
https://www.flickr.com/people/robphoto/,3c8f88e92c96e856,https://creativecommons.org/licenses/by/2.0/,https://www.flickr.com/photos/robphoto/2664938049,https://farm7.staticflickr.com/3094/2664938049_9207995e5c_o.jpg,missing,https://c2.staticflickr.com/4/3094/2664938049_b54825f6ae_z.jpg,Tree,,0.062316854181921996,park,1
https://www.flickr.com/people/davewellbeloved/,3c99467b4253e32f,https://creativecommons.org/licenses/by/2.0/,https://www.flickr.com/photos/davewellbeloved/4573720583,https://c8.staticflickr.com/5/4060/4573720583_cd58ca1d3b_o.jpg,ok,https://c5.staticflickr.com/5/4060/4573720583_fbe6772731_z.jpg,Tree,data/raw/openimages/candidates/openimages-3c99467b4253e32f.jpg,0.59314453125,park,1
https://www.flickr.com/people/cerdec/,3d0ab510c782c435,https://creativecommons.org/licenses/by/2.0/,https://www.flickr.com/photos/cerdec/19867105760,https://farm6.staticflickr.com/414/19867105760_17b4cd5a2c_o.jpg,missing,https://c4.staticflickr.com/1/414/19867105760_14dcfe658b_z.jpg,Tree,,0.22124873877855203,park,1
https://www.flickr.com/people/sheffield_tiger/,3d4789f13f7f6d1c,https://creativecommons.org/licenses/by/2.0/,https://www.flickr.com/photos/sheffield_tiger/4714862841,https://c5.staticflickr.com/5/4033/4714862841_c67eb17c0b_o.jpg,missing,https://c7.staticflickr.com/5/4033/4714862841_ddba4b1ab8_z.jpg,Tree,,0.137008813151907,park,1
https://www.flickr.com/people/openluchtmuseum/,3d4cc20be86765ac,https://creativecommons.org/licenses/by/2.0/,https://www.flickr.com/photos/openluchtmuseum/5001745907,https://c5.staticflickr.com/5/4087/5001745907_55cb836182_o.jpg,ok,https://c6.staticflickr.com/5/4087/5001745907_1a9955cae8_z.jpg,Tree,data/raw/openimages/candidates/openimages-3d4cc20be86765ac.jpg,0.05360125224999998,park,1
https://www.flickr.com/people/jakesmome/,3deeb62b22d8cb83,https://creativecommons.org/licenses/by/2.0/,https://www.flickr.com/photos/jakesmome/2255904486,https://farm4.staticflickr.com/2095/2255904486_5efe881375_o.jpg,missing,https://c6.staticflickr.com/3/2095/2255904486_aa0f959951_z.jpg?zz=1,Tree,,0.675381491480866,park,1
https://www.flickr.com/people/johnmquick/,3df5623f7f9e45b6,https://creativecommons.org/licenses/by/2.0/,https://www.flickr.com/photos/johnmquick/8061816723,https://farm7.staticflickr.com/8310/8061816723_7e6dfbacfd_o.jpg,missing,https://c3.staticflickr.com/9/8310/8061816723_5de716bc70_z.jpg,Tree,,0.700399697592075,park,1
https://www.flickr.com/people/44603071@N00/,3edf0ecf15f85ca4,https://creativecommons.org/licenses/by/2.0/,https://www.flickr.com/photos/44603071@N00/4990033935,https://farm5.staticflickr.com/4153/4990033935_e12e4bc73d_o.jpg,missing,https://farm5.staticflickr.com/4153/4990033935_e12e4bc73d_o.jpg,Tree,,0.102916686833334,park,1
https://www.flickr.com/people/clender/,3f750d79be01cb88,https://creativecommons.org/licenses/by/2.0/,https://www.flickr.com/photos/clender/11681820295,https://c1.staticflickr.com/3/2881/11681820295_92e37d6417_o.jpg,missing,https://c5.staticflickr.com/3/2881/11681820295_34702f96d7_z.jpg,Tree,,0.7722037749105004,park,1
https://www.flickr.com/people/cusegoyle/,3fa65c1b95976387,https://creativecommons.org/licenses/by/2.0/,https://www.flickr.com/photos/cusegoyle/45869138,https://farm8.staticflickr.com/27/45869138_f78827999e_o.jpg,missing,https://c2.staticflickr.com/1/27/45869138_f78827999e_z.jpg?zz=1,Tree,,0.21486328124999998,park,1
https://www.flickr.com/people/jordibernabeu/,407befd81fc96677,https://creativecommons.org/licenses/by/2.0/,https://www.flickr.com/photos/jordibernabeu/18547725554,https://farm8.staticflickr.com/373/18547725554_90f5fb69c2_o.jpg,missing,https://c5.staticflickr.com/1/373/18547725554_b5846642ce_z.jpg,Tree,,0.2899569650658012,park,1
https://www.flickr.com/people/giantrobot/,409d8f74d53e019b,https://creativecommons.org/licenses/by/2.0/,https://www.flickr.com/photos/giantrobot/3847856946,https://c4.staticflickr.com/3/2602/3847856946_a136973c9b_o.jpg,missing,https://c5.staticflickr.com/3/2602/3847856946_28b6a8af83_z.jpg,Tree,,0.70625,park,1
https://www.flickr.com/people/usarmyafrica/,4142ef0217d47a2d,https://creativecommons.org/licenses/by/2.0/,https://www.flickr.com/photos/usarmyafrica/5117351511,https://c6.staticflickr.com/2/1244/5117351511_6f8364bf9a_o.jpg,missing,https://c7.staticflickr.com/2/1244/5117351511_923bf77ff1_z.jpg,Tree,,0.041354502552474984,park,1
https://www.flickr.com/people/lelik/,415a5b34fee7aa9e,https://creativecommons.org/licenses/by/2.0/,https://www.flickr.com/photos/lelik/2821002037,https://c7.staticflickr.com/4/3064/2821002037_12f6bd0f3a_o.jpg,missing,https://c4.staticflickr.com/4/3064/2821002037_3a43feaaf3_z.jpg,Tree,,0.050585938078124996,park,1
https://www.flickr.com/people/shammond42/,416573cfa754789f,https://creativecommons.org/licenses/by/2.0/,https://www.flickr.com/photos/shammond42/1286311461,https://c8.staticflickr.com/2/1277/1286311461_d439f83f6b_o.jpg,missing,https://c7.staticflickr.com/2/1277/1286311461_70c262eeb1_z.jpg?zz=1,Tree,,0.05382307031250001,park,1
https://www.flickr.com/people/lindaburnett/,421a93da4e4152f3,https://creativecommons.org/licenses/by/2.0/,https://www.flickr.com/photos/lindaburnett/1189115902,https://farm4.staticflickr.com/1375/1189115902_5ab76f9bae_o.jpg,missing,https://c1.staticflickr.com/2/1375/1189115902_be3ce0adb8_z.jpg?zz=1,Tree,,0.1205956965,park,1
https://www.flickr.com/people/126429216@N04/,42551d75809e133d,https://creativecommons.org/licenses/by/2.0/,https://www.flickr.com/photos/126429216@N04/15656154416,https://c6.staticflickr.com/8/7512/15656154416_9ce9ca2190_o.jpg,missing,https://c6.staticflickr.com/8/7512/15656154416_34d925d678_z.jpg,Tree,,0.31666666400000004,park,1
https://www.flickr.com/people/auburnalumniassociation/,432a480329d3895d,https://creativecommons.org/licenses/by/2.0/,https://www.flickr.com/photos/auburnalumniassociation/6425263659,https://c6.staticflickr.com/8/7026/6425263659_a6f6520c13_o.jpg,missing,https://c7.staticflickr.com/8/7026/6425263659_9a838b0316_z.jpg,Tree,,0.04670916669873002,park,1
https://www.flickr.com/people/68746747@N05/,437c6697e0af46b6,https://creativecommons.org/licenses/by/2.0/,https://www.flickr.com/photos/68746747@N05/8705282250,https://farm7.staticflickr.com/8404/8705282250_3696e5e947_o.jpg,missing,https://c7.staticflickr.com/9/8404/8705282250_7991d50bcf_z.jpg,Tree,,0.24463543989172998,park,1
https://www.flickr.com/people/wheatfields/,447a3db76e3b25aa,https://creativecommons.org/licenses/by/2.0/,https://www.flickr.com/photos/wheatfields/2505831131,https://c3.staticflickr.com/3/2018/2505831131_2a382b1c22_o.jpg,missing,https://c7.staticflickr.com/3/2018/2505831131_eba9219cf5_z.jpg,Tree,,0.03117904014605801,park,1
https://www.flickr.com/people/marduk_fnx/,44d26e7496731b39,https://creativecommons.org/licenses/by/2.0/,https://www.flickr.com/photos/marduk_fnx/8313085895,https://c2.staticflickr.com/9/8218/8313085895_f9164be3d1_o.jpg,missing,https://c6.staticflickr.com/9/8218/8313085895_29a3abae55_z.jpg,Tree,,0.7280167823122939,park,1
https://www.flickr.com/people/billmorrow/,452c856678a9b284,https://creativecommons.org/licenses/by/2.0/,https://www.flickr.com/photos/billmorrow/7911876806,https://farm5.staticflickr.com/8445/7911876806_b229b59ac0_o.jpg,missing,https://c5.staticflickr.com/9/8445/7911876806_b91bc24d55_z.jpg,Tree,,0.1502619110394086,park,1
https://www.flickr.com/people/cadwallader/,45df72e2ef749cf4,https://creativecommons.org/licenses/by/2.0/,https://www.flickr.com/photos/cadwallader/3387715186,https://farm5.staticflickr.com/3586/3387715186_0ac7e4ed1c_o.jpg,missing,https://c5.staticflickr.com/4/3586/3387715186_1680c99e4e_z.jpg,Tree,,0.21937243121779298,park,1
https://www.flickr.com/people/44743850@N00/,46261dc75c9cfbd8,https://creativecommons.org/licenses/by/2.0/,https://www.flickr.com/photos/44743850@N00/2534701588,https://c1.staticflickr.com/3/2094/2534701588_d3840d6a40_o.jpg,missing,https://c3.staticflickr.com/3/2094/2534701588_3b7cca4e52_z.jpg,Tree,,0.03713541187499998,park,1
https://www.flickr.com/people/81421369@N04/,4787c2a68002c57f,https://creativecommons.org/licenses/by/2.0/,https://www.flickr.com/photos/81421369@N04/15202452756,https://c8.staticflickr.com/6/5572/15202452756_286d380334_o.jpg,missing,https://c6.staticflickr.com/6/5572/15202452756_78246df79d_z.jpg,Tree,,0.96308725,park,1
https://www.flickr.com/people/64k/,47b2f9d860605d1c,https://creativecommons.org/licenses/by/2.0/,https://www.flickr.com/photos/64k/8894249495,https://c5.staticflickr.com/3/2824/8894249495_d14c7e02a8_o.jpg,missing,https://c2.staticflickr.com/3/2824/8894249495_6ebbc13abd_z.jpg,Tree,,0.08116606252197599,park,1
https://www.flickr.com/people/jthoel/,4855ab5cf2383763,https://creativecommons.org/licenses/by/2.0/,https://www.flickr.com/photos/jthoel/6023496435,https://farm4.staticflickr.com/6139/6023496435_ef0d494d24_o.jpg,ok,https://c4.staticflickr.com/7/6139/6023496435_54aaf23dfe_z.jpg,Tree,data/raw/openimages/candidates/openimages-4855ab5cf2383763.jpg,0.30361444000000004,park,1
https://www.flickr.com/people/siuslawmedia/,49b1c1dde7a5f7cb,https://creativecommons.org/licenses/by/2.0/,https://www.flickr.com/photos/siuslawmedia/2712730430,https://c4.staticflickr.com/4/3284/2712730430_8f0015dbc8_o.jpg,missing,https://c1.staticflickr.com/4/3284/2712730430_e85e418b22_z.jpg,Tree,,0.1854752631572566,park,1
https://www.flickr.com/people/gabrielgm/,4a65b0a88af42421,https://creativecommons.org/licenses/by/2.0/,https://www.flickr.com/photos/gabrielgm/5316813995,https://farm2.staticflickr.com/5008/5316813995_0e8a39f0a2_o.jpg,missing,https://c7.staticflickr.com/6/5008/5316813995_de9de5d5a9_z.jpg,Tree,,0.15839519129687502,park,1
https://www.flickr.com/people/enrique_aponte/,4c305b01b7b39337,https://creativecommons.org/licenses/by/2.0/,https://www.flickr.com/photos/enrique_aponte/7692822254,https://farm8.staticflickr.com/8425/7692822254_32fd360d68_o.jpg,missing,https://c6.staticflickr.com/9/8425/7692822254_b0f0fde727_z.jpg,Tree,,0.30454615454283823,park,1
https://www.flickr.com/people/8063840@N02/,4c53eb1fb55d1cf1,https://creativecommons.org/licenses/by/2.0/,https://www.flickr.com/photos/8063840@N02/5778685023,https://farm2.staticflickr.com/3660/5778685023_a655119701_o.jpg,missing,https://c4.staticflickr.com/4/3660/5778685023_c9dc9662ee_z.jpg,Tree,,0.32363769750000004,park,1
https://www.flickr.com/people/union-square/,4cbde67a16108b62,https://creativecommons.org/licenses/by/2.0/,https://www.flickr.com/photos/union-square/5312055670,https://farm3.staticflickr.com/5085/5312055670_67cda4a9f8_o.jpg,ok,https://c7.staticflickr.com/6/5085/5312055670_931859d8d6_z.jpg,Tree,data/raw/openimages/candidates/openimages-4cbde67a16108b62.jpg,0.35440103023437497,park,1
https://www.flickr.com/people/69126282@N05/,4d0607cf4a201a47,https://creativecommons.org/licenses/by/2.0/,https://www.flickr.com/photos/69126282@N05/7605045622,https://farm8.staticflickr.com/8148/7605045622_467c641182_o.jpg,missing,https://c8.staticflickr.com/9/8148/7605045622_b3979516eb_z.jpg,Tree,,0.1058161545783804,park,1
https://www.flickr.com/people/bigpresh/,4dc1fffefbb98a4c,https://creativecommons.org/licenses/by/2.0/,https://www.flickr.com/photos/bigpresh/3859765735,https://c5.staticflickr.com/4/3469/3859765735_707dbfae38_o.jpg,ok,https://c3.staticflickr.com/4/3469/3859765735_502ec5bd2b_z.jpg,Tree,data/raw/openimages/candidates/openimages-4dc1fffefbb98a4c.jpg,0.3560869998149815,park,1
https://www.flickr.com/people/michaeljohnbutton/,4dd149cc55d6c5a0,https://creativecommons.org/licenses/by/2.0/,https://www.flickr.com/photos/michaeljohnbutton/14651638167,https://farm1.staticflickr.com/3843/14651638167_4164341944_o.jpg,missing,https://c3.staticflickr.com/4/3843/14651638167_c972217ccc_z.jpg,Tree,,0.63035154703125,park,1
https://www.flickr.com/people/i_level_news/,4dea4e5cd46ba41d,https://creativecommons.org/licenses/by/2.0/,https://www.flickr.com/photos/i_level_news/14463048758,https://c6.staticflickr.com/6/5482/14463048758_a227a7f180_o.jpg,missing,https://c1.staticflickr.com/6/5482/14463048758_b7d19971e3_z.jpg,Tree,,0.48057123988155925,park,1
https://www.flickr.com/people/uned/,4e82d116452d8c24,https://creativecommons.org/licenses/by/2.0/,https://www.flickr.com/photos/uned/8630209243,https://farm5.staticflickr.com/8535/8630209243_177c6f30fd_o.jpg,missing,https://c5.staticflickr.com/9/8535/8630209243_1f14085a38_z.jpg,Tree,,0.2601864908033786,park,1
https://www.flickr.com/people/averain/,4e9c99614a4c91a4,https://creativecommons.org/licenses/by/2.0/,https://www.flickr.com/photos/averain/9482101776,https://farm5.staticflickr.com/7287/9482101776_e6a5a4ac20_o.jpg,missing,https://c7.staticflickr.com/8/7287/9482101776_ea2a6f0fb6_z.jpg,Tree,,0.09681651976349,park,1
https://www.flickr.com/people/97930879@N02/,4ed6e2151f790744,https://creativecommons.org/licenses/by/2.0/,https://www.flickr.com/photos/97930879@N02/9980379785,https://farm5.staticflickr.com/3685/9980379785_7345bab5a9_o.jpg,missing,https://c1.staticflickr.com/4/3685/9980379785_00582ce1fb_z.jpg,Tree,,0.34540184639087207,park,1
https://www.flickr.com/people/nanpalmero/,4f0a6848829f7d99,https://creativecommons.org/licenses/by/2.0/,https://www.flickr.com/photos/nanpalmero/9322434418,https://c2.staticflickr.com/8/7439/9322434418_3a33c2ba38_o.jpg,missing,https://c3.staticflickr.com/8/7439/9322434418_6f4706fae5_z.jpg,Tree,,0.37497060365696855,park,1
https://www.flickr.com/people/markryan1990/,4f4e1a71ace6ecbf,https://creativecommons.org/licenses/by/2.0/,https://www.flickr.com/photos/markryan1990/8415878668,https://c8.staticflickr.com/9/8363/8415878668_8aa1fede0e_o.jpg,missing,https://c7.staticflickr.com/9/8363/8415878668_089b67ecda_z.jpg,Tree,,0.17929280042942397,park,1
https://www.flickr.com/people/pamelav/,4f7930bdc1214e9e,https://creativecommons.org/licenses/by/2.0/,https://www.flickr.com/photos/pamelav/2429158183,https://c7.staticflickr.com/4/3268/2429158183_48199a594d_o.jpg,ok,https://c7.staticflickr.com/4/3268/2429158183_85c6637ca1_z.jpg,Tree,data/raw/openimages/candidates/openimages-4f7930bdc1214e9e.jpg,0.12584309595312498,park,1
https://www.flickr.com/people/rauckhaus/,506b1b6af8c05ed1,https://creativecommons.org/licenses/by/2.0/,https://www.flickr.com/photos/rauckhaus/9015673891,https://farm2.staticflickr.com/5349/9015673891_eb9baa1331_o.jpg,missing,https://c2.staticflickr.com/6/5349/9015673891_e8a7b154f7_z.jpg,Tree,,0.11443662406885759,park,1
https://www.flickr.com/people/rhiannononon/,508f8f32dd1f95a6,https://creativecommons.org/licenses/by/2.0/,https://www.flickr.com/photos/rhiannononon/13801605534,https://farm7.staticflickr.com/7425/13801605534_6f0810c812_o.jpg,missing,https://c5.staticflickr.com/8/7425/13801605534_1b8931539b_z.jpg,Tree,,0.06567708224999999,park,1
https://www.flickr.com/people/sking1230/,509704d36b6b5a55,https://creativecommons.org/licenses/by/2.0/,https://www.flickr.com/photos/sking1230/6217639971,https://farm6.staticflickr.com/6212/6217639971_d11ab3a420_o.jpg,missing,https://c4.staticflickr.com/7/6212/6217639971_3ab9bdb956_z.jpg,Tree,,0.04239435437041553,park,1
https://www.flickr.com/people/eyeno/,50e6913a3b4aba40,https://creativecommons.org/licenses/by/2.0/,https://www.flickr.com/photos/eyeno/8641079509,https://farm1.staticflickr.com/8384/8641079509_e9e4dd24bc_o.jpg,missing,https://c4.staticflickr.com/9/8384/8641079509_7295e06934_z.jpg,Tree,,0.05812868454575851,park,1
https://www.flickr.com/people/byshafiu/,52371c64db9ee3f2,https://creativecommons.org/licenses/by/2.0/,https://www.flickr.com/photos/byshafiu/5608441012/,https://farm3.staticflickr.com/5310/5608441012_97cb93bcb6_o.jpg,missing,https://c4.staticflickr.com/6/5310/5608441012_bd37546bc6_z.jpg,Tree,,0.15028583194729403,park,1
https://www.flickr.com/people/ejojola/,52adf72a08430bf5,https://creativecommons.org/licenses/by/2.0/,https://www.flickr.com/photos/ejojola/4471406267,https://farm6.staticflickr.com/2711/4471406267_05c51d0a5e_o.jpg,missing,https://c4.staticflickr.com/3/2711/4471406267_7b4e872fda_z.jpg,Tree,,0.42364257812499995,park,1
https://www.flickr.com/people/jurvetson/,53abb389699de521,https://creativecommons.org/licenses/by/2.0/,https://www.flickr.com/photos/jurvetson/230672981,https://farm2.staticflickr.com/95/230672981_38b3ec4ba0_o.jpg,missing,https://c6.staticflickr.com/1/95/230672981_38b3ec4ba0_z.jpg,Tree,,0.15424826573412,park,1
https://www.flickr.com/people/highwaysagency/,53bd0175d2d3e731,https://creativecommons.org/licenses/by/2.0/,https://www.flickr.com/photos/highwaysagency/12104167716,https://farm2.staticflickr.com/3821/12104167716_ec77617b59_o.jpg,missing,https://c6.staticflickr.com/4/3821/12104167716_e1f68e330a_z.jpg,Tree,,0.37118205049053965,park,1
https://www.flickr.com/people/wastes/,53d5ddce9061ccbb,https://creativecommons.org/licenses/by/2.0/,https://www.flickr.com/photos/wastes/6821761874,https://c4.staticflickr.com/8/7042/6821761874_fb500b0c54_o.jpg,missing,https://c6.staticflickr.com/8/7042/6821761874_612cf99177_z.jpg,Tree,,0.036624499735750805,park,1
https://www.flickr.com/people/msakr/,53fc57138dfd46af,https://creativecommons.org/licenses/by/2.0/,https://www.flickr.com/photos/msakr/5584735956,https://c8.staticflickr.com/6/5228/5584735956_3110a005a3_o.jpg,missing,https://c1.staticflickr.com/6/5228/5584735956_ba8a4be6d6_z.jpg,Tree,,0.13749805468295254,park,1
https://www.flickr.com/people/tiseb/,53ff3adecb247cac,https://creativecommons.org/licenses/by/2.0/,https://www.flickr.com/photos/tiseb/4867946921,https://c5.staticflickr.com/5/4078/4867946921_61fb2e74e0_o.jpg,missing,https://c3.staticflickr.com/5/4078/4867946921_4fbfac573f_z.jpg,Tree,,0.7875,park,1
https://www.flickr.com/people/calliope/,540d9b4063af6f29,https://creativecommons.org/licenses/by/2.0/,https://www.flickr.com/photos/calliope/7398267242,https://c2.staticflickr.com/8/7217/7398267242_ed2ba814b4_o.jpg,missing,https://c2.staticflickr.com/8/7217/7398267242_5dc1eca538_z.jpg,Tree,,0.36886520233084324,park,1
https://www.flickr.com/people/itzafineday/,55155771cf3e3b47,https://creativecommons.org/licenses/by/2.0/,https://www.flickr.com/photos/itzafineday/6179200206,https://farm8.staticflickr.com/6163/6179200206_73974a7a51_o.jpg,missing,https://c8.staticflickr.com/7/6163/6179200206_0c6df7f51f_z.jpg,Tree,,0.54264706,park,1
https://www.flickr.com/people/jayceh/,5546a4bed0141c70,https://creativecommons.org/licenses/by/2.0/,https://www.flickr.com/photos/jayceh/4515503706,https://farm1.staticflickr.com/2719/4515503706_12f4ffe87f_o.jpg,missing,https://c5.staticflickr.com/3/2719/4515503706_544b2f4797_z.jpg,Tree,,0.19798827253125,park,1
https://www.flickr.com/people/kamshots/,555067f983daee81,https://creativecommons.org/licenses/by/2.0/,https://www.flickr.com/photos/kamshots/9248150579/,https://farm2.staticflickr.com/7418/9248150579_abf76a6129_o.jpg,missing,https://c3.staticflickr.com/8/7418/9248150579_a01c0ee713_z.jpg,Tree,,0.94013304,park,1
https://www.flickr.com/people/64828719@N02/,56489c573c1abb21,https://creativecommons.org/licenses/by/2.0/,https://www.flickr.com/photos/64828719@N02/12492389565,https://farm2.staticflickr.com/7456/12492389565_68bbfeb8dc_o.jpg,missing,https://c4.staticflickr.com/8/7456/12492389565_d5ca9e8356_z.jpg,Tree,,0.038188183207441995,park,1
https://www.flickr.com/people/lestarimandiri/,5657d40baf62f574,https://creativecommons.org/licenses/by/2.0/,https://www.flickr.com/photos/lestarimandiri/5311705984,https://farm5.staticflickr.com/5050/5311705984_90cebb5ef8_o.jpg,missing,https://c2.staticflickr.com/6/5050/5311705984_0d0b71a0cd_z.jpg,Tree,,0.032632849774200036,park,1
https://www.flickr.com/people/deargdoom57/,5701b72c6bcbebb6,https://creativecommons.org/licenses/by/2.0/,https://www.flickr.com/photos/deargdoom57/4059750784,https://farm7.staticflickr.com/2787/4059750784_d5fd74f75e_o.jpg,missing,https://c4.staticflickr.com/3/2787/4059750784_ff364e5372_z.jpg,Tree,,0.07847887478579199,park,1
https://www.flickr.com/people/barnyardbbs/,57b05e17d6075bed,https://creativecommons.org/licenses/by/2.0/,https://www.flickr.com/photos/barnyardbbs/536166577,https://c6.staticflickr.com/2/1371/536166577_4e7fef1990_o.jpg,missing,https://c4.staticflickr.com/2/1371/536166577_13e83f31e4_z.jpg,Tree,,0.32015255796731873,park,1
https://www.flickr.com/people/gruetter/,57d70a6428f1d307,https://creativecommons.org/licenses/by/2.0/,https://www.flickr.com/photos/gruetter/5021329626,https://farm8.staticflickr.com/4088/5021329626_01ec842640_o.jpg,missing,https://c4.staticflickr.com/5/4088/5021329626_1cf2ae2f93_z.jpg,Tree,,0.3582616161865536,park,1
https://www.flickr.com/people/stevendepolo/,5838182af71714c6,https://creativecommons.org/licenses/by/2.0/,https://www.flickr.com/photos/stevendepolo/9237411956,https://farm7.staticflickr.com/2834/9237411956_fbc3142e27_o.jpg,ok,https://c8.staticflickr.com/3/2834/9237411956_7309318074_z.jpg,Tree,data/raw/openimages/candidates/openimages-5838182af71714c6.jpg,0.159521476640625,park,1
https://www.flickr.com/people/tomkunz/,585dd7f1faa235ef,https://creativecommons.org/licenses/by/2.0/,https://www.flickr.com/photos/tomkunz/7132634993,https://c8.staticflickr.com/8/7068/7132634993_71e52f7bc1_o.jpg,missing,https://c6.staticflickr.com/8/7068/7132634993_e34d7b84e5_z.jpg,Tree,,0.16331792920050395,park,1
https://www.flickr.com/people/ramphoto/,5891f08a48f9d0d4,https://creativecommons.org/licenses/by/2.0/,https://www.flickr.com/photos/ramphoto/2518159706,https://farm5.staticflickr.com/3229/2518159706_91b3e77aac_o.jpg,missing,https://c4.staticflickr.com/4/3229/2518159706_ea823d4363_z.jpg,Tree,,0.11101104839872616,park,1
https://www.flickr.com/people/crossroadsfamily/,58c881c7f4cad9fd,https://creativecommons.org/licenses/by/2.0/,https://www.flickr.com/photos/crossroadsfamily/15534504881,https://c6.staticflickr.com/6/5606/15534504881_e15d7ffac2_o.jpg,missing,https://c7.staticflickr.com/6/5606/15534504881_022c279aea_z.jpg,Tree,,1.0,park,1
https://www.flickr.com/people/52185169@N00/,5964034171007f84,https://creativecommons.org/licenses/by/2.0/,https://www.flickr.com/photos/52185169@N00/537645394,https://farm5.staticflickr.com/1209/537645394_99f8dd51a0_o.jpg,missing,https://c8.staticflickr.com/2/1209/537645394_7826a6fe4a_z.jpg?zz=1,Tree,,0.08742529403660003,park,1
https://www.flickr.com/people/zhurnaly/,596b7a4f9bfecc1e,https://creativecommons.org/licenses/by/2.0/,https://www.flickr.com/photos/zhurnaly/310723686,https://c7.staticflickr.com/1/105/310723686_7e204a42a2_o.jpg,missing,https://c6.staticflickr.com/1/105/310723686_7e204a42a2_z.jpg?zz=1,Tree,,0.11853679868719502,park,1
https://www.flickr.com/people/91829349@N00/,59836e496d29d57e,https://creativecommons.org/licenses/by/2.0/,https://www.flickr.com/photos/91829349@N00/386702517,https://c7.staticflickr.com/1/155/386702517_0c188f8f51_o.jpg,missing,https://c3.staticflickr.com/1/155/386702517_0c188f8f51_z.jpg?zz=1,Tree,,0.10308167100888901,park,1
https://www.flickr.com/people/smartinmolina/,59cc281b7faefdee,https://creativecommons.org/licenses/by/2.0/,https://www.flickr.com/photos/smartinmolina/8581332548,https://c7.staticflickr.com/9/8238/8581332548_6d7f4de08b_o.jpg,missing,https://c7.staticflickr.com/9/8238/8581332548_11d14be4e6_z.jpg,Tree,,0.10418293789062501,park,1
https://www.flickr.com/people/jonnyhunter/,5a6f76adceec9d57,https://creativecommons.org/licenses/by/2.0/,https://www.flickr.com/photos/jonnyhunter/3633972761,https://farm8.staticflickr.com/3633/3633972761_483df9b128_o.jpg,missing,https://c5.staticflickr.com/4/3633/3633972761_86b7aea8c4_z.jpg,Tree,,0.106873612,park,1
https://www.flickr.com/people/n3tel/,5a7afb4a8c34b83a,https://creativecommons.org/licenses/by/2.0/,https://www.flickr.com/photos/n3tel/6209482901,https://c3.staticflickr.com/7/6223/6209482901_8049b7bb82_o.jpg,ok,https://c6.staticflickr.com/7/6223/6209482901_44690342c2_z.jpg,Tree,data/raw/openimages/candidates/openimages-5a7afb4a8c34b83a.jpg,0.2512595438482522,park,1
https://www.flickr.com/people/spring_dew/,5b20a92677cfa018,https://creativecommons.org/licenses/by/2.0/,https://www.flickr.com/photos/spring_dew/13739502,https://c1.staticflickr.com/1/11/13739502_273b180677_o.jpg,missing,https://c1.staticflickr.com/1/11/13739502_273b180677_z.jpg,Tree,,0.46040943364266473,park,1
https://www.flickr.com/people/poakpong/,5b3daf67c0342670,https://creativecommons.org/licenses/by/2.0/,https://www.flickr.com/photos/poakpong/486137289,https://farm1.staticflickr.com/232/486137289_9c4d5c9a9e_o.jpg,missing,https://c3.staticflickr.com/1/232/486137289_fafa0d04a1_z.jpg?zz=1,Tree,,0.0684374985,park,1
https://www.flickr.com/people/heystax/,5c7294bcda1ae70a,https://creativecommons.org/licenses/by/2.0/,https://www.flickr.com/photos/heystax/6805775175,https://c3.staticflickr.com/8/7002/6805775175_438345b7d9_o.jpg,missing,https://c7.staticflickr.com/8/7002/6805775175_e338fb37fc_z.jpg,Tree,,0.09600260568749999,park,1
https://www.flickr.com/people/jaxstrong/,5cb8bdc64709fb9a,https://creativecommons.org/licenses/by/2.0/,https://www.flickr.com/photos/jaxstrong/9203039390,https://c3.staticflickr.com/3/2870/9203039390_c785b7f444_o.jpg,missing,https://c6.staticflickr.com/3/2870/9203039390_3a4f83d514_z.jpg,Tree,,0.32333984375,park,1
https://www.flickr.com/people/oakleyoriginals/,5d3606fe97249262,https://creativecommons.org/licenses/by/2.0/,https://www.flickr.com/photos/oakleyoriginals/3213969556/,https://farm3.staticflickr.com/3328/3213969556_3598bdf42b_o.jpg,missing,https://c8.staticflickr.com/4/3328/3213969556_91e8db000e_z.jpg,Tree,,0.07532552546875004,park,1
https://www.flickr.com/people/nh53/,5dca02aa6f303af0,https://creativecommons.org/licenses/by/2.0/,https://www.flickr.com/photos/nh53/9058917238,https://farm1.staticflickr.com/3778/9058917238_d771981a67_o.jpg,missing,https://c4.staticflickr.com/4/3778/9058917238_4f115910f6_z.jpg,Tree,,0.09276372329685174,park,1
https://www.flickr.com/people/flem007_uk/,5de304c57f8e1002,https://creativecommons.org/licenses/by/2.0/,https://www.flickr.com/photos/flem007_uk/3246909295,https://farm3.staticflickr.com/3519/3246909295_2455f47592_o.jpg,missing,https://c6.staticflickr.com/4/3519/3246909295_66f6c96943_z.jpg?zz=1,Tree,,0.44889106177625426,park,1
https://www.flickr.com/people/27164521@N00/,5e2eeea04746b1c6,https://creativecommons.org/licenses/by/2.0/,https://www.flickr.com/photos/27164521@N00/5925893659,https://farm7.staticflickr.com/6005/5925893659_2cfb34b449_o.jpg,missing,https://c4.staticflickr.com/7/6005/5925893659_dfbbbec88e_z.jpg,Tree,,0.2548893242875,park,1
https://www.flickr.com/people/96770691@N03/,5e62e3e9d47e8763,https://creativecommons.org/licenses/by/2.0/,https://www.flickr.com/photos/96770691@N03/8906717308,https://farm4.staticflickr.com/8557/8906717308_e8ed3ca926_o.jpg,missing,https://c2.staticflickr.com/9/8557/8906717308_fd4d4e5c30_z.jpg,Tree,,0.53865873481376,park,1
https://www.flickr.com/people/11273631@N08/,5e872dad28e26934,https://creativecommons.org/licenses/by/2.0/,https://www.flickr.com/photos/11273631@N08/2632317199,https://farm5.staticflickr.com/3054/2632317199_85f1e936eb_o.jpg,missing,https://c7.staticflickr.com/4/3054/2632317199_7819b325dd_z.jpg,Tree,,0.16832431112786195,park,1
https://www.flickr.com/people/picturesbyann/,5e87eaf2ecc31207,https://creativecommons.org/licenses/by/2.0/,https://www.flickr.com/photos/picturesbyann/12769722393,https://farm8.staticflickr.com/3814/12769722393_9841929734_o.jpg,missing,https://c3.staticflickr.com/4/3814/12769722393_baaea4872a_z.jpg,Tree,,0.11139322978125,park,1
https://www.flickr.com/people/bibi95/,5f050d7981eafb6a,https://creativecommons.org/licenses/by/2.0/,https://www.flickr.com/photos/bibi95/2813106845,https://c3.staticflickr.com/4/3199/2813106845_34d0744f08_o.jpg,missing,https://c5.staticflickr.com/4/3199/2813106845_21f6fb2a88_z.jpg,Tree,,0.284517179458323,park,1
https://www.flickr.com/people/davidstanleytravel/,5f09f1c96c552f60,https://creativecommons.org/licenses/by/2.0/,https://www.flickr.com/photos/davidstanleytravel/6336846289,https://farm1.staticflickr.com/6060/6336846289_f75e340b80_o.jpg,missing,https://c5.staticflickr.com/7/6060/6336846289_5b3da8ab0c_z.jpg,Tree,,0.1964518246875,park,1
https://www.flickr.com/people/sharpener/,5f4183d56b2a2d73,https://creativecommons.org/licenses/by/2.0/,https://www.flickr.com/photos/sharpener/3788803587,https://farm4.staticflickr.com/2537/3788803587_3cccefceac_o.jpg,missing,https://c3.staticflickr.com/3/2537/3788803587_c03ce3a417_z.jpg,Tree,,0.036132808593749996,park,1
https://www.flickr.com/people/owlsara/,5f494ec3ce8ed56b,https://creativecommons.org/licenses/by/2.0/,https://www.flickr.com/photos/owlsara/8432119977,https://c4.staticflickr.com/9/8476/8432119977_6bc509ddd9_o.jpg,missing,https://c3.staticflickr.com/9/8476/8432119977_20db25d6d1_z.jpg,Tree,,0.0715082233168336,park,1
https://www.flickr.com/people/10253156@N06/,5f4e11a477a8d2ca,https://creativecommons.org/licenses/by/2.0/,https://www.flickr.com/photos/10253156@N06/2437357758,https://c3.staticflickr.com/4/3236/2437357758_34b2601810_o.jpg,missing,https://c5.staticflickr.com/4/3236/2437357758_73b81e2e39_z.jpg,Tree,,0.1419159400962855,park,1
https://www.flickr.com/people/pamlovespie/,5f51666a0592251b,https://creativecommons.org/licenses/by/2.0/,https://www.flickr.com/photos/pamlovespie/6783085537,https://c4.staticflickr.com/8/7031/6783085537_f1f8cd936a_o.jpg,missing,https://c3.staticflickr.com/8/7031/6783085537_37f46afd15_z.jpg,Tree,,0.2911588455625,park,1
https://www.flickr.com/people/hwincg/,5f67c35b00841fca,https://creativecommons.org/licenses/by/2.0/,https://www.flickr.com/photos/hwincg/147420899,https://c3.staticflickr.com/1/49/147420899_0edcc37bdd_o.jpg,missing,https://c3.staticflickr.com/1/49/147420899_0edcc37bdd_o.jpg,Tree,,0.31930988837499996,park,1
https://www.flickr.com/people/deischi/,5fa0491945756036,https://creativecommons.org/licenses/by/2.0/,https://www.flickr.com/photos/deischi/14478790434,https://farm7.staticflickr.com/3862/14478790434_a38a70bab3_o.jpg,missing,https://c1.staticflickr.com/4/3862/14478790434_b4b1cc6ca0_z.jpg,Tree,,0.29005142603740824,park,1
https://www.flickr.com/people/24858199@N00/,6069a5676ee1e842,https://creativecommons.org/licenses/by/2.0/,https://www.flickr.com/photos/24858199@N00/11938825506,https://farm3.staticflickr.com/2857/11938825506_bc0ba6aa27_o.jpg,missing,https://c8.staticflickr.com/3/2857/11938825506_06161e280e_z.jpg,Tree,,0.32969726272656247,park,1
https://www.flickr.com/people/infrogmation/,61362bfc3e9f61c1,https://creativecommons.org/licenses/by/2.0/,https://www.flickr.com/photos/infrogmation/8154636062,https://farm2.staticflickr.com/8349/8154636062_5d75901944_o.jpg,missing,https://c7.staticflickr.com/9/8349/8154636062_bb0ce5f98c_z.jpg,Tree,,0.26311849671875,park,1
https://www.flickr.com/people/badkleinkirchheim/,617b9d06c9531aaf,https://creativecommons.org/licenses/by/2.0/,https://www.flickr.com/photos/badkleinkirchheim/4562805618,https://c8.staticflickr.com/4/3660/4562805618_4b00e8e8be_o.jpg,missing,https://c4.staticflickr.com/4/3660/4562805618_9496440fa1_z.jpg,Tree,,0.17444212487396718,park,1
https://www.flickr.com/people/42843806@N00/,61b9f3a4db94791b,https://creativecommons.org/licenses/by/2.0/,https://www.flickr.com/photos/42843806@N00/8682080209,https://c4.staticflickr.com/9/8120/8682080209_7b61d2a506_o.jpg,ok,https://c1.staticflickr.com/9/8120/8682080209_eb1bfb6546_z.jpg,Tree,data/raw/openimages/candidates/openimages-61b9f3a4db94791b.jpg,0.16404911774186395,park,1
https://www.flickr.com/people/pavdw/,6270e63bf8e7714f,https://creativecommons.org/licenses/by/2.0/,https://www.flickr.com/photos/pavdw/10067719766,https://c8.staticflickr.com/3/2807/10067719766_15640c21ff_o.jpg,missing,https://c7.staticflickr.com/3/2807/10067719766_4ef75833d1_z.jpg,Tree,,0.092913257359857,park,1
https://www.flickr.com/people/agecombahia/,63e2c41f873864a3,https://creativecommons.org/licenses/by/2.0/,https://www.flickr.com/photos/agecombahia/5161333241,https://farm4.staticflickr.com/4124/5161333241_2b32901091_o.jpg,ok,https://c4.staticflickr.com/5/4124/5161333241_2483be67d0_z.jpg,Tree,data/raw/openimages/candidates/openimages-63e2c41f873864a3.jpg,0.16640235103218717,park,1
https://www.flickr.com/people/51643460@N08/,64207cf6b4fdbf2f,https://creativecommons.org/licenses/by/2.0/,https://www.flickr.com/photos/51643460@N08/18533042129,https://c8.staticflickr.com/9/8867/18533042129_d8a06303ef_o.jpg,missing,https://c1.staticflickr.com/9/8867/18533042129_d7f33380ef_z.jpg,Tree,,0.7141753450875407,park,1
https://www.flickr.com/people/solocosi/,64b9dbca8f5c9269,https://creativecommons.org/licenses/by/2.0/,https://www.flickr.com/photos/solocosi/5959996529,https://c2.staticflickr.com/7/6133/5959996529_3457b36e24_o.jpg,missing,https://c8.staticflickr.com/7/6133/5959996529_ac248e82b8_z.jpg,Tree,,0.08562219026610801,park,1
https://www.flickr.com/people/12567713@N00/,6514545be6d97386,https://creativecommons.org/licenses/by/2.0/,https://www.flickr.com/photos/12567713@N00/508584904,https://farm7.staticflickr.com/228/508584904_3b61204421_o.jpg,missing,https://c4.staticflickr.com/1/228/508584904_20f727eebb_z.jpg,Tree,,0.130204082,park,1
https://www.flickr.com/people/n3tel/,5a7afb4a8c34b83a,https://creativecommons.org/licenses/by/2.0/,https://www.flickr.com/photos/n3tel/6209482901,https://c3.staticflickr.com/7/6223/6209482901_8049b7bb82_o.jpg,ok,https://c6.staticflickr.com/7/6223/6209482901_44690342c2_z.jpg,Building; City; Downtown; Road; Sidewalk; Street,data/raw/openimages/candidates/openimages-5a7afb4a8c34b83a.jpg,0.2512595438482522,urban_street,39
https://www.flickr.com/people/w00kie/,472433c727aa4d93,https://creativecommons.org/licenses/by/2.0/,https://www.flickr.com/photos/w00kie/2460868146,https://farm4.staticflickr.com/3022/2460868146_32b046c502_o.jpg,missing,https://c8.staticflickr.com/4/3022/2460868146_40fa61e782_z.jpg,Building; City; Cityscape; Downtown; Road; Street; Urban area,,0.038733717875000004,urban_street,38
https://www.flickr.com/people/florisje/,37be73f83c029f49,https://creativecommons.org/licenses/by/2.0/,https://www.flickr.com/photos/florisje/7508445968/,https://c2.staticflickr.com/8/7122/7508445968_5a9a34a6d1_o.jpg,missing,https://c4.staticflickr.com/8/7122/7508445968_b35f311819_z.jpg,Building; City; Downtown; Road; Street; Urban area,,0.24722635156851197,urban_street,34
https://www.flickr.com/people/superchango/,52e04465fca6be90,https://creativecommons.org/licenses/by/2.0/,https://www.flickr.com/photos/superchango/2157125883/,https://farm1.staticflickr.com/2296/2157125883_d62c40b8a0_o.jpg,ok,https://c1.staticflickr.com/3/2296/2157125883_14d92fa163_z.jpg,Building; City; Downtown; Road; Street,data/raw/openimages/candidates/openimages-52e04465fca6be90.jpg,0.41241690000000003,urban_street,29
https://www.flickr.com/people/antmoose/,7ae56b9a673b49cb,https://creativecommons.org/licenses/by/2.0/,https://www.flickr.com/photos/antmoose/11482410,https://c4.staticflickr.com/1/8/11482410_72d91bccf1_o.jpg,ok,https://c2.staticflickr.com/1/8/11482410_72d91bccf1_z.jpg?zz=1,Building; City; Downtown; Road; Street,data/raw/openimages/candidates/openimages-7ae56b9a673b49cb.jpg,0.211520183234375,urban_street,29
https://www.flickr.com/people/markfickett/,1858c0edbff1ae49,https://creativecommons.org/licenses/by/2.0/,https://www.flickr.com/photos/markfickett/5768622718,https://c2.staticflickr.com/3/2579/5768622718_948ab37610_o.jpg,ok,https://c2.staticflickr.com/3/2579/5768622718_c81b56c2be_z.jpg,Downtown; Road; Street,data/raw/openimages/candidates/openimages-1858c0edbff1ae49.jpg,0.24164466053999037,urban_street,24
https://www.flickr.com/people/jgoge123/,a3cc8ac6c6b053f8,https://creativecommons.org/licenses/by/2.0/,https://www.flickr.com/photos/jgoge123/6879065532,https://c1.staticflickr.com/7/6112/6879065532_c8f650d24e_o.jpg,ok,https://c2.staticflickr.com/7/6112/6879065532_0dbea31856_z.jpg,Road; Street; Street light,data/raw/openimages/candidates/openimages-a3cc8ac6c6b053f8.jpg,0.10148005902902398,urban_street,24
https://www.flickr.com/people/akupac/,133bdbb50f0fb795,https://creativecommons.org/licenses/by/2.0/,https://www.flickr.com/photos/akupac/15830046862,https://farm6.staticflickr.com/8558/15830046862_4413739206_o.jpg,ok,https://c7.staticflickr.com/9/8558/15830046862_3773eddd4e_z.jpg,Building; City; Road; Street,data/raw/openimages/candidates/openimages-133bdbb50f0fb795.jpg,0.156707674158379,urban_street,23
https://www.flickr.com/people/danielbuechele/,85cdfe579ac7a09a,https://creativecommons.org/licenses/by/2.0/,https://www.flickr.com/photos/danielbuechele/6085080071/,https://c3.staticflickr.com/7/6087/6085080071_5b5de984f8_o.jpg,ok,https://c2.staticflickr.com/7/6087/6085080071_f8929e1a4f_z.jpg,Building; City; Road; Street,data/raw/openimages/candidates/openimages-85cdfe579ac7a09a.jpg,0.3423069182353095,urban_street,23
https://www.flickr.com/people/wyndham/,d332f09da51a0970,https://creativecommons.org/licenses/by/2.0/,https://www.flickr.com/photos/wyndham/4825785819,https://farm1.staticflickr.com/4094/4825785819_2c8b7d395a_o.jpg,missing,https://c4.staticflickr.com/5/4094/4825785819_147c4a6343_z.jpg,Road; Street; Urban area,,0.05837333631909123,urban_street,23
https://www.flickr.com/people/13476480@N07/,7f8ef92c55a63b32,https://creativecommons.org/licenses/by/2.0/,https://www.flickr.com/photos/13476480@N07/12523086433,https://farm3.staticflickr.com/3714/12523086433_e0f0331f0e_o.jpg,missing,https://c8.staticflickr.com/4/3714/12523086433_44709bb5a7_z.jpg,Building; Road; Street,,0.04317432656250002,urban_street,19
https://www.flickr.com/people/jturn/,a2473495200c1a2a,https://creativecommons.org/licenses/by/2.0/,https://www.flickr.com/photos/jturn/2697183414,https://c3.staticflickr.com/4/3243/2697183414_37916a4635_o.jpg,ok,https://c8.staticflickr.com/4/3243/2697183414_d286556101_z.jpg,Building; Road; Street,data/raw/openimages/candidates/openimages-a2473495200c1a2a.jpg,0.1167035124215858,urban_street,19
https://www.flickr.com/people/daskerst/,a51fc84ad9e6f883,https://creativecommons.org/licenses/by/2.0/,https://www.flickr.com/photos/daskerst/2327958072,https://farm4.staticflickr.com/2260/2327958072_b2db258b55_o.jpg,ok,https://c3.staticflickr.com/3/2260/2327958072_cae1b7ac1a_z.jpg?zz=1,Building; Road; Street,data/raw/openimages/candidates/openimages-a51fc84ad9e6f883.jpg,0.08992922532687318,urban_street,19
https://www.flickr.com/people/procsilas/,cf37c91fc145bf13,https://creativecommons.org/licenses/by/2.0/,https://www.flickr.com/photos/procsilas/19965828,https://farm4.staticflickr.com/13/19965828_fafa43a45b_o.jpg,missing,https://c6.staticflickr.com/1/13/19965828_fafa43a45b_z.jpg,Building; Road; Street,,0.06441405946874999,urban_street,19
https://www.flickr.com/people/adactio/,6a83d6ddcf811554,https://creativecommons.org/licenses/by/2.0/,https://www.flickr.com/photos/adactio/2085424048,https://farm5.staticflickr.com/2339/2085424048_c967b855c3_o.jpg,ok,https://c6.staticflickr.com/3/2339/2085424048_5ab95b243d_z.jpg,Road; Street,data/raw/openimages/candidates/openimages-6a83d6ddcf811554.jpg,0.1503125,urban_street,18
https://www.flickr.com/people/mpeinadopa/,6b8dc280da29281a,https://creativecommons.org/licenses/by/2.0/,https://www.flickr.com/photos/mpeinadopa/4649544406,https://c3.staticflickr.com/5/4072/4649544406_6fff47f03b_o.jpg,ok,https://c3.staticflickr.com/5/4072/4649544406_694f4af2b1_z.jpg,Road; Street,data/raw/openimages/candidates/openimages-6b8dc280da29281a.jpg,0.7197786768749999,urban_street,18
https://www.flickr.com/people/brunoportnoy/,79b3c51ea3a30b98,https://creativecommons.org/licenses/by/2.0/,https://www.flickr.com/photos/brunoportnoy/8778358482,https://c1.staticflickr.com/4/3701/8778358482_f58ca3567e_o.jpg,ok,https://c6.staticflickr.com/4/3701/8778358482_aa11934587_z.jpg,Road; Street,data/raw/openimages/candidates/openimages-79b3c51ea3a30b98.jpg,1.0,urban_street,18
https://www.flickr.com/people/gazeronly/,91f3ac4de8691746,https://creativecommons.org/licenses/by/2.0/,https://www.flickr.com/photos/gazeronly/4137098683,https://farm7.staticflickr.com/2741/4137098683_737d82db3b_o.jpg,missing,https://c1.staticflickr.com/3/2741/4137098683_592b46c33b_z.jpg,Road; Street,,0.10279998897578643,urban_street,18
https://www.flickr.com/people/spam/,cc1ba466237707a5,https://creativecommons.org/licenses/by/2.0/,https://www.flickr.com/photos/spam/3178971966,https://farm6.staticflickr.com/3499/3178971966_80ceb2207e_o.jpg,missing,https://c4.staticflickr.com/4/3499/3178971966_0c88feeafa_z.jpg,Road; Street,,0.85625,urban_street,18
https://www.flickr.com/people/specific-us/,db2682e944a9915c,https://creativecommons.org/licenses/by/2.0/,https://www.flickr.com/photos/specific-us/4298201503/,https://c5.staticflickr.com/3/2768/4298201503_c6d35fbbba_o.jpg,ok,https://c7.staticflickr.com/3/2768/4298201503_4d32ce9f55_z.jpg?zz=1,Road; Street,data/raw/openimages/candidates/openimages-db2682e944a9915c.jpg,0.062406991176025585,urban_street,18
https://www.flickr.com/people/philliecasablanca/,32f8b86702777556,https://creativecommons.org/licenses/by/2.0/,https://www.flickr.com/photos/philliecasablanca/5533118534,https://farm7.staticflickr.com/5099/5533118534_31acb59669_o.jpg,ok,https://c6.staticflickr.com/6/5099/5533118534_3c48d73e65_z.jpg,Building; Street; Street light,data/raw/openimages/candidates/openimages-32f8b86702777556.jpg,0.65208334,urban_street,17
https://www.flickr.com/people/mig/,f2970bea45ef2e2a,https://creativecommons.org/licenses/by/2.0/,https://www.flickr.com/photos/mig/7259758828,https://c3.staticflickr.com/9/8164/7259758828_2ecda19efb_o.jpg,ok,https://c3.staticflickr.com/9/8164/7259758828_59f7bab08e_z.jpg,Building; City; Downtown; Urban area,data/raw/openimages/candidates/openimages-f2970bea45ef2e2a.jpg,0.5604687532968751,urban_street,16
https://www.flickr.com/people/gimp/,f4e417cac1f562c8,https://creativecommons.org/licenses/by/2.0/,https://www.flickr.com/photos/gimp/20631342149,https://c1.staticflickr.com/6/5627/20631342149_3825189a13_o.jpg,ok,https://c6.staticflickr.com/6/5627/20631342149_7003958904_z.jpg,Building; City; Cityscape; Downtown,data/raw/openimages/candidates/openimages-f4e417cac1f562c8.jpg,0.310615571308638,urban_street,15
https://www.flickr.com/people/130800505@N02/,12afe1d19dabcba1,https://creativecommons.org/licenses/by/2.0/,https://www.flickr.com/photos/130800505@N02/17780785240,https://farm2.staticflickr.com/8790/17780785240_3d62bb31fd_o.jpg,missing,https://c7.staticflickr.com/9/8790/17780785240_03230d9789_z.jpg,City; Street,,0.645989307110995,urban_street,14
https://www.flickr.com/people/graemethickins/,d4cf54a887702bc9,https://creativecommons.org/licenses/by/2.0/,https://www.flickr.com/photos/graemethickins/4716688193,https://c2.staticflickr.com/5/4018/4716688193_e2cd80f1f7_o.jpg,ok,https://c4.staticflickr.com/5/4018/4716688193_5be3f0805b_z.jpg,City; Road,data/raw/openimages/candidates/openimages-d4cf54a887702bc9.jpg,0.038656162753143014,urban_street,12
https://www.flickr.com/people/sparker/,e47dbc614f603686,https://creativecommons.org/licenses/by/2.0/,https://www.flickr.com/photos/sparker/15640014954,https://farm7.staticflickr.com/8590/15640014954_bdf8167611_o.jpg,ok,https://c7.staticflickr.com/9/8590/15640014954_94e3691d0b_z.jpg,City; Road,data/raw/openimages/candidates/openimages-e47dbc614f603686.jpg,0.502726747916188,urban_street,12
https://www.flickr.com/people/drjohn01702/,9f352072f3069833,https://creativecommons.org/licenses/by/2.0/,https://www.flickr.com/photos/drjohn01702/11105254236,https://farm4.staticflickr.com/2872/11105254236_4bc7f8e953_o.jpg,ok,https://c4.staticflickr.com/3/2872/11105254236_83871fe11f_z.jpg,Building; Street,data/raw/openimages/candidates/openimages-9f352072f3069833.jpg,0.04398677449905419,urban_street,11
https://www.flickr.com/people/27787901@N06/,37535f22208386e6,https://creativecommons.org/licenses/by/2.0/,https://www.flickr.com/photos/27787901@N06/7039553479,https://farm7.staticflickr.com/7201/7039553479_827bac754f_o.jpg,ok,https://c1.staticflickr.com/8/7201/7039553479_8b3b690404_z.jpg,Street,data/raw/openimages/candidates/openimages-37535f22208386e6.jpg,0.65159129,urban_street,10
https://www.flickr.com/people/robennals/,38a713b634ea640b,https://creativecommons.org/licenses/by/2.0/,https://www.flickr.com/photos/robennals/2967705741,https://c4.staticflickr.com/4/3025/2967705741_0cc01550a3_o.jpg,ok,https://c1.staticflickr.com/4/3025/2967705741_3894365c06_z.jpg,Sidewalk,data/raw/openimages/candidates/openimages-38a713b634ea640b.jpg,0.05687499475,urban_street,10
https://www.flickr.com/people/boykoblagoev/,3985a2db3d82eb96,https://creativecommons.org/licenses/by/2.0/,https://www.flickr.com/photos/boykoblagoev/15350838637,https://farm7.staticflickr.com/5605/15350838637_43762bdd54_o.jpg,missing,https://c1.staticflickr.com/6/5605/15350838637_bfcf8f4c17_z.jpg,Street,,0.06214192828125001,urban_street,10
https://www.flickr.com/people/buenosaurus/,445df3de9bb62f51,https://creativecommons.org/licenses/by/2.0/,https://www.flickr.com/photos/buenosaurus/15241305462,https://farm2.staticflickr.com/5575/15241305462_65d398b633_o.jpg,ok,https://c8.staticflickr.com/6/5575/15241305462_d2b16f3b17_z.jpg,Sidewalk,data/raw/openimages/candidates/openimages-445df3de9bb62f51.jpg,0.07084866730665416,urban_street,10
https://www.flickr.com/people/nstawski/,71df582bfb39b541,https://creativecommons.org/licenses/by/2.0/,https://www.flickr.com/photos/nstawski/8705327363/,https://farm2.staticflickr.com/8264/8705327363_7f376cdd10_o.jpg,ok,https://c7.staticflickr.com/9/8264/8705327363_5d1b4e6e67_z.jpg,Street,data/raw/openimages/candidates/openimages-71df582bfb39b541.jpg,0.3849558,urban_street,10
https://www.flickr.com/people/michaurel/,9dad9af11a34591f,https://creativecommons.org/licenses/by/2.0/,https://www.flickr.com/photos/michaurel/5610974840,https://c8.staticflickr.com/6/5183/5610974840_aeb18c9af1_o.jpg,ok,https://c4.staticflickr.com/6/5183/5610974840_557083550a_z.jpg,Street,data/raw/openimages/candidates/openimages-9dad9af11a34591f.jpg,0.3955197763590291,urban_street,10
https://www.flickr.com/people/jblmmwr/,02af9804c6b68f61,https://creativecommons.org/licenses/by/2.0/,https://www.flickr.com/photos/jblmmwr/14907951062,https://farm2.staticflickr.com/5582/14907951062_3fb29970fe_o.jpg,ok,https://c2.staticflickr.com/6/5582/14907951062_47622a8787_z.jpg,Building; Road,data/raw/openimages/candidates/openimages-02af9804c6b68f61.jpg,0.1719659605398488,urban_street,9
https://www.flickr.com/people/seiu1/,1655cdcc107c3f6e,https://creativecommons.org/licenses/by/2.0/,https://www.flickr.com/photos/seiu1/4880034452/,https://c7.staticflickr.com/5/4076/4880034452_84b10cfee8_o.jpg,ok,https://c3.staticflickr.com/5/4076/4880034452_809f9d7391_z.jpg,Building; Road,data/raw/openimages/candidates/openimages-1655cdcc107c3f6e.jpg,0.8348632780312499,urban_street,9
https://www.flickr.com/people/mdiocuh_galeals/,2c1f055d4f648e4b,https://creativecommons.org/licenses/by/2.0/,https://www.flickr.com/photos/mdiocuh_galeals/415196130,https://c4.staticflickr.com/1/145/415196130_5468835952_o.jpg,ok,https://c3.staticflickr.com/1/145/415196130_b3f029b450_z.jpg,Building; Road,data/raw/openimages/candidates/openimages-2c1f055d4f648e4b.jpg,0.29845701281250003,urban_street,9
https://www.flickr.com/people/umbrelaverde/,343326e127297379,https://creativecommons.org/licenses/by/2.0/,https://www.flickr.com/photos/umbrelaverde/3465385309,https://c2.staticflickr.com/4/3578/3465385309_2e59d11a2a_o.jpg,ok,https://c4.staticflickr.com/4/3578/3465385309_2395a58071_z.jpg,Building; Road,data/raw/openimages/candidates/openimages-343326e127297379.jpg,0.50663717,urban_street,9
https://www.flickr.com/people/slapers/,6504632e0dc25997,https://creativecommons.org/licenses/by/2.0/,https://www.flickr.com/photos/slapers/7843054468,https://farm8.staticflickr.com/8283/7843054468_3654a86616_o.jpg,ok,https://c8.staticflickr.com/9/8283/7843054468_4b87a34d03_z.jpg,Building; Road,data/raw/openimages/candidates/openimages-6504632e0dc25997.jpg,0.051025389843750005,urban_street,9
https://www.flickr.com/people/lachlanhardy/,677382dd43280f18,https://creativecommons.org/licenses/by/2.0/,https://www.flickr.com/photos/lachlanhardy/14469491431,https://c1.staticflickr.com/4/3875/14469491431_6316ca1002_o.jpg,ok,https://c1.staticflickr.com/4/3875/14469491431_ed6724b5e1_z.jpg,Building; Road,data/raw/openimages/candidates/openimages-677382dd43280f18.jpg,0.053640085436470995,urban_street,9
https://www.flickr.com/people/63764036@N06/,706ed12961f5ef7f,https://creativecommons.org/licenses/by/2.0/,https://www.flickr.com/photos/63764036@N06/8818484114,https://c8.staticflickr.com/6/5466/8818484114_e4a8e214b3_o.jpg,ok,https://c3.staticflickr.com/6/5466/8818484114_869c07ee23_z.jpg,Building; Road,data/raw/openimages/candidates/openimages-706ed12961f5ef7f.jpg,0.55309732,urban_street,9
https://www.flickr.com/people/o_0/,7f58d35e931e4bd7,https://creativecommons.org/licenses/by/2.0/,https://www.flickr.com/photos/o_0/13592991224,https://farm8.staticflickr.com/3792/13592991224_41afe0a9e1_o.jpg,ok,https://c5.staticflickr.com/4/3792/13592991224_036e886527_z.jpg,Building; Road,data/raw/openimages/candidates/openimages-7f58d35e931e4bd7.jpg,0.05056966484375,urban_street,9
https://www.flickr.com/people/equinoxefr/,93bd04c1d7e2c6f3,https://creativecommons.org/licenses/by/2.0/,https://www.flickr.com/photos/equinoxefr/6314125631,https://farm4.staticflickr.com/6043/6314125631_75dfc17d91_o.jpg,ok,https://c3.staticflickr.com/7/6043/6314125631_c7ed8b8626_z.jpg,Building; Road,data/raw/openimages/candidates/openimages-93bd04c1d7e2c6f3.jpg,0.657079685,urban_street,9
https://www.flickr.com/people/london/,c1d8b2cf8c06f3d9,https://creativecommons.org/licenses/by/2.0/,https://www.flickr.com/photos/london/1163260584,https://c2.staticflickr.com/2/1431/1163260584_de2b2b23cb_o.jpg,ok,https://c8.staticflickr.com/2/1431/1163260584_4b7b78dfce_z.jpg,Building; Road,data/raw/openimages/candidates/openimages-c1d8b2cf8c06f3d9.jpg,0.04278591201545408,urban_street,9
https://www.flickr.com/people/raphaelstrada/,c72db18c2c27486d,https://creativecommons.org/licenses/by/2.0/,https://www.flickr.com/photos/raphaelstrada/10232342196,https://c6.staticflickr.com/8/7294/10232342196_884844b5e5_o.jpg,missing,https://c5.staticflickr.com/8/7294/10232342196_bc11c9cafd_z.jpg,Building; Road,,0.08281777385268999,urban_street,9
https://www.flickr.com/people/stalker_14/,fddb422dc461b9f3,https://creativecommons.org/licenses/by/2.0/,https://www.flickr.com/photos/stalker_14/15580031327,https://farm4.staticflickr.com/7465/15580031327_87e0f865a1_o.jpg,ok,https://c4.staticflickr.com/8/7465/15580031327_02786c63ba_z.jpg,Building; Road,data/raw/openimages/candidates/openimages-fddb422dc461b9f3.jpg,0.03345648535884598,urban_street,9
https://www.flickr.com/people/anakbrunei/,ffce3fdccf798707,https://creativecommons.org/licenses/by/2.0/,https://www.flickr.com/photos/anakbrunei/8498668985/,https://farm8.staticflickr.com/8232/8498668985_4bf67330ea_o.jpg,missing,https://c5.staticflickr.com/9/8232/8498668985_cb517f46f1_z.jpg,Building; Road,,0.6718403399999999,urban_street,9
https://www.flickr.com/people/jaypixindia/,02b7e70979560df7,https://creativecommons.org/licenses/by/2.0/,https://www.flickr.com/photos/jaypixindia/1345881472,https://farm8.staticflickr.com/1287/1345881472_cfcd4fefa7_o.jpg,ok,https://farm8.staticflickr.com/1287/1345881472_cfcd4fefa7_o.jpg,Road,data/raw/openimages/candidates/openimages-02b7e70979560df7.jpg,0.23800002880000048,urban_street,8
https://www.flickr.com/people/italiamotori/,118d7db4ca9c7a7a,https://creativecommons.org/licenses/by/2.0/,https://www.flickr.com/photos/italiamotori/16179679530,https://c3.staticflickr.com/9/8634/16179679530_37d438ea3b_o.jpg,missing,https://c6.staticflickr.com/9/8634/16179679530_6f47facc6d_z.jpg,Road,,0.04341796875,urban_street,8
https://www.flickr.com/people/hotmayo/,152ea862ba79b4ca,https://creativecommons.org/licenses/by/2.0/,https://www.flickr.com/photos/hotmayo/5877730305,https://c3.staticflickr.com/6/5302/5877730305_c81a506c4d_o.jpg,ok,https://c4.staticflickr.com/6/5302/5877730305_f5e3d13667_z.jpg,Road,data/raw/openimages/candidates/openimages-152ea862ba79b4ca.jpg,0.21152791465259607,urban_street,8
https://www.flickr.com/people/rhaarmans/,1669479168968bcc,https://creativecommons.org/licenses/by/2.0/,https://www.flickr.com/photos/rhaarmans/14265143426,https://c5.staticflickr.com/3/2937/14265143426_45f378ae9f_o.jpg,ok,https://c4.staticflickr.com/3/2937/14265143426_0770389597_z.jpg,Road,data/raw/openimages/candidates/openimages-1669479168968bcc.jpg,0.042494862780169194,urban_street,8
https://www.flickr.com/people/r0ver/,174852927c18c2c7,https://creativecommons.org/licenses/by/2.0/,https://www.flickr.com/photos/r0ver/17096132918,https://farm8.staticflickr.com/7666/17096132918_9662aa85d2_o.jpg,ok,https://c1.staticflickr.com/8/7666/17096132918_be79b2816d_z.jpg,Road,data/raw/openimages/candidates/openimages-174852927c18c2c7.jpg,0.1348307314375,urban_street,8
https://www.flickr.com/people/mejiaperalta/,1bc62cd65a4b7bf7,https://creativecommons.org/licenses/by/2.0/,https://www.flickr.com/photos/mejiaperalta/9229358407,https://farm8.staticflickr.com/5550/9229358407_90188a5723_o.jpg,ok,https://c5.staticflickr.com/6/5550/9229358407_9dfde789c4_z.jpg,Road,data/raw/openimages/candidates/openimages-1bc62cd65a4b7bf7.jpg,0.6681415900000001,urban_street,8
https://www.flickr.com/people/bnsd/,1cd8845d9ae7fe1d,https://creativecommons.org/licenses/by/2.0/,https://www.flickr.com/photos/bnsd/3820427133,https://c6.staticflickr.com/4/3435/3820427133_9585279de0_o.jpg,missing,https://c4.staticflickr.com/4/3435/3820427133_e993760875_z.jpg,Road,,0.90433213,urban_street,8
https://www.flickr.com/people/35577117@N00/,1e63c9eb0d718864,https://creativecommons.org/licenses/by/2.0/,https://www.flickr.com/photos/35577117@N00/545104824,https://farm5.staticflickr.com/1392/545104824_da18cfd88c_o.jpg,ok,https://c4.staticflickr.com/2/1392/545104824_4dc138ab6e_z.jpg?zz=1,Road,data/raw/openimages/candidates/openimages-1e63c9eb0d718864.jpg,0.10690932873254277,urban_street,8
https://www.flickr.com/people/samchurchill/,2425a29e0ebe8425,https://creativecommons.org/licenses/by/2.0/,https://www.flickr.com/photos/samchurchill/15316483505,https://farm6.staticflickr.com/5590/15316483505_c6d74c8fa0_o.jpg,ok,https://c1.staticflickr.com/6/5590/15316483505_f2ef7be533_z.jpg,Road,data/raw/openimages/candidates/openimages-2425a29e0ebe8425.jpg,0.036353538565456006,urban_street,8
https://www.flickr.com/people/energieagentur-nrw/,2b32348403e07bfc,https://creativecommons.org/licenses/by/2.0/,https://www.flickr.com/photos/energieagentur-nrw/6034962172,https://c5.staticflickr.com/7/6200/6034962172_1787178b74_o.jpg,missing,https://c1.staticflickr.com/7/6200/6034962172_5772e87c37_z.jpg,Road,,0.09038781932235201,urban_street,8
https://www.flickr.com/people/evoflash/,3aacc9df5fe80ec4,https://creativecommons.org/licenses/by/2.0/,https://www.flickr.com/photos/evoflash/7614461630,https://farm5.staticflickr.com/8159/7614461630_0fd58e4a44_o.jpg,ok,https://c2.staticflickr.com/9/8159/7614461630_21d596395c_z.jpg,Road,data/raw/openimages/candidates/openimages-3aacc9df5fe80ec4.jpg,0.3547672,urban_street,8
https://www.flickr.com/people/brendanadkins/,3b762b13ed78022d,https://creativecommons.org/licenses/by/2.0/,https://www.flickr.com/photos/brendanadkins/142408408,https://c6.staticflickr.com/1/44/142408408_01163b75e3_o.jpg,ok,https://c3.staticflickr.com/1/44/142408408_01163b75e3_z.jpg,Road,data/raw/openimages/candidates/openimages-3b762b13ed78022d.jpg,0.41640145818444596,urban_street,8
https://www.flickr.com/people/davewellbeloved/,3c99467b4253e32f,https://creativecommons.org/licenses/by/2.0/,https://www.flickr.com/photos/davewellbeloved/4573720583,https://c8.staticflickr.com/5/4060/4573720583_cd58ca1d3b_o.jpg,ok,https://c5.staticflickr.com/5/4060/4573720583_fbe6772731_z.jpg,Road,data/raw/openimages/candidates/openimages-3c99467b4253e32f.jpg,0.59314453125,urban_street,8
https://www.flickr.com/people/cusegoyle/,3fa65c1b95976387,https://creativecommons.org/licenses/by/2.0/,https://www.flickr.com/photos/cusegoyle/45869138,https://farm8.staticflickr.com/27/45869138_f78827999e_o.jpg,missing,https://c2.staticflickr.com/1/27/45869138_f78827999e_z.jpg?zz=1,Road,,0.21486328124999998,urban_street,8
https://www.flickr.com/people/rodefeld/,438f461a5f6d8e7e,https://creativecommons.org/licenses/by/2.0/,https://www.flickr.com/photos/rodefeld/386917280,https://c7.staticflickr.com/1/136/386917280_392afb039c_o.jpg,ok,https://c8.staticflickr.com/1/136/386917280_392afb039c_z.jpg,Road,data/raw/openimages/candidates/openimages-438f461a5f6d8e7e.jpg,1.0,urban_street,8
https://www.flickr.com/people/jthoel/,4855ab5cf2383763,https://creativecommons.org/licenses/by/2.0/,https://www.flickr.com/photos/jthoel/6023496435,https://farm4.staticflickr.com/6139/6023496435_ef0d494d24_o.jpg,ok,https://c4.staticflickr.com/7/6139/6023496435_54aaf23dfe_z.jpg,Road,data/raw/openimages/candidates/openimages-4855ab5cf2383763.jpg,0.30361444000000004,urban_street,8
https://www.flickr.com/people/qubodup/,49de80db0373b890,https://creativecommons.org/licenses/by/2.0/,https://www.flickr.com/photos/qubodup/9419687542,https://farm1.staticflickr.com/3760/9419687542_1ea4112c4d_o.jpg,ok,https://c8.staticflickr.com/4/3760/9419687542_8a5b5c64f4_z.jpg,Road,data/raw/openimages/candidates/openimages-49de80db0373b890.jpg,0.1676820876340486,urban_street,8
https://www.flickr.com/people/union-square/,4cbde67a16108b62,https://creativecommons.org/licenses/by/2.0/,https://www.flickr.com/photos/union-square/5312055670,https://farm3.staticflickr.com/5085/5312055670_67cda4a9f8_o.jpg,ok,https://c7.staticflickr.com/6/5085/5312055670_931859d8d6_z.jpg,Road,data/raw/openimages/candidates/openimages-4cbde67a16108b62.jpg,0.35440103023437497,urban_street,8
https://www.flickr.com/people/bigpresh/,4dc1fffefbb98a4c,https://creativecommons.org/licenses/by/2.0/,https://www.flickr.com/photos/bigpresh/3859765735,https://c5.staticflickr.com/4/3469/3859765735_707dbfae38_o.jpg,ok,https://c3.staticflickr.com/4/3469/3859765735_502ec5bd2b_z.jpg,Road,data/raw/openimages/candidates/openimages-4dc1fffefbb98a4c.jpg,0.3560869998149815,urban_street,8
https://www.flickr.com/people/peosoldier/,53c991dec4e98d84,https://creativecommons.org/licenses/by/2.0/,https://www.flickr.com/photos/peosoldier/3880594388,https://farm5.staticflickr.com/2646/3880594388_780e498877_o.jpg,missing,https://c2.staticflickr.com/3/2646/3880594388_30fc17a610_z.jpg,Road,,0.46647446476962057,urban_street,8
https://www.flickr.com/people/soldiersmediacenter/,5da7c2fd8bf01199,https://creativecommons.org/licenses/by/2.0/,https://www.flickr.com/photos/soldiersmediacenter/2811063391,https://c2.staticflickr.com/3/2248/2811063391_91dc35314a_o.jpg,missing,https://c3.staticflickr.com/3/2248/2811063391_155bd960fe_z.jpg?zz=1,Road,,0.046073931480528005,urban_street,8
https://www.flickr.com/people/labor2008/,5e5f88b7f8549dd3,https://creativecommons.org/licenses/by/2.0/,https://www.flickr.com/photos/labor2008/2616048011/,https://farm4.staticflickr.com/3213/2616048011_3f079a35f8_o.jpg,ok,https://c4.staticflickr.com/4/3213/2616048011_c457e00a46_z.jpg,Road,data/raw/openimages/candidates/openimages-5e5f88b7f8549dd3.jpg,0.13636067634375004,urban_street,8
https://www.flickr.com/people/francapicc/,651111a86cbd6efa,https://creativecommons.org/licenses/by/2.0/,https://www.flickr.com/photos/francapicc/5044060607,https://c3.staticflickr.com/5/4148/5044060607_767d9f6688_o.jpg,ok,https://c7.staticflickr.com/5/4148/5044060607_594812e587_z.jpg,Road,data/raw/openimages/candidates/openimages-651111a86cbd6efa.jpg,0.030654299562499994,urban_street,8
https://www.flickr.com/people/54808174@N04/,652ae0cb271ad8eb,https://creativecommons.org/licenses/by/2.0/,https://www.flickr.com/photos/54808174@N04/17666953719,https://c4.staticflickr.com/9/8865/17666953719_cbc2fb6051_o.jpg,ok,https://c8.staticflickr.com/9/8865/17666953719_f3d7e45b22_z.jpg,Road,data/raw/openimages/candidates/openimages-652ae0cb271ad8eb.jpg,0.06616793952965698,urban_street,8
https://www.flickr.com/people/ibasu/,6b03453a0561b8bf,https://creativecommons.org/licenses/by/2.0/,https://www.flickr.com/photos/ibasu/4885906543/,https://c8.staticflickr.com/5/4097/4885906543_e526d760e6_o.jpg,ok,https://c6.staticflickr.com/5/4097/4885906543_170850a3de_z.jpg,Road,data/raw/openimages/candidates/openimages-6b03453a0561b8bf.jpg,0.23326897853109377,urban_street,8
https://www.flickr.com/people/crobj/,6c34c005fb9d4984,https://creativecommons.org/licenses/by/2.0/,https://www.flickr.com/photos/crobj/3022659304,https://farm5.staticflickr.com/3241/3022659304_8059f1493c_o.jpg,ok,https://farm5.staticflickr.com/3241/3022659304_8059f1493c_o.jpg,Road,data/raw/openimages/candidates/openimages-6c34c005fb9d4984.jpg,0.46041668999999996,urban_street,8
https://www.flickr.com/people/maguisso/,775ac6a03dbec98c,https://creativecommons.org/licenses/by/2.0/,https://www.flickr.com/photos/maguisso/481331809,https://c5.staticflickr.com/1/192/481331809_9a6943e600_o.jpg,ok,https://c6.staticflickr.com/1/192/481331809_a8ba9d4fce_z.jpg,Road,data/raw/openimages/candidates/openimages-775ac6a03dbec98c.jpg,0.20718750318749998,urban_street,8
https://www.flickr.com/people/ktylerconk/,7a29fb36410efcc4,https://creativecommons.org/licenses/by/2.0/,https://www.flickr.com/photos/ktylerconk/427515159,https://farm5.staticflickr.com/162/427515159_8147eb070f_o.jpg,ok,https://c1.staticflickr.com/1/162/427515159_c356a86c8f_z.jpg,Road,data/raw/openimages/candidates/openimages-7a29fb36410efcc4.jpg,0.88125,urban_street,8
https://www.flickr.com/people/ronanpark/,80fcec628fb1e1e1,https://creativecommons.org/licenses/by/2.0/,https://www.flickr.com/photos/ronanpark/4516495422,https://farm2.staticflickr.com/4036/4516495422_3643289967_o.jpg,ok,https://farm2.staticflickr.com/4036/4516495422_3643289967_o.jpg,Road,data/raw/openimages/candidates/openimages-80fcec628fb1e1e1.jpg,0.0696354213062499,urban_street,8
https://www.flickr.com/people/chtifiun/,8107245c0706184d,https://creativecommons.org/licenses/by/2.0/,https://www.flickr.com/photos/chtifiun/8649002208,https://c6.staticflickr.com/9/8121/8649002208_91531f1d46_o.jpg,ok,https://c1.staticflickr.com/9/8121/8649002208_74428b1e2a_z.jpg,Road,data/raw/openimages/candidates/openimages-8107245c0706184d.jpg,0.43192488,urban_street,8
https://www.flickr.com/people/inaxo/,8bf614bb7bafd9c1,https://creativecommons.org/licenses/by/2.0/,https://www.flickr.com/photos/inaxo/3455586736,https://farm2.staticflickr.com/3382/3455586736_4cf9dfe066_o.jpg,ok,https://c7.staticflickr.com/4/3382/3455586736_a243f0bb12_z.jpg,Road,data/raw/openimages/candidates/openimages-8bf614bb7bafd9c1.jpg,0.3475716089375,urban_street,8
https://www.flickr.com/people/126952482@N06/,8c1b43681b48fa66,https://creativecommons.org/licenses/by/2.0/,https://www.flickr.com/photos/126952482@N06/15426488516,https://farm7.staticflickr.com/5599/15426488516_a87622deab_o.jpg,ok,https://c6.staticflickr.com/6/5599/15426488516_43dbd4052f_z.jpg,Road,data/raw/openimages/candidates/openimages-8c1b43681b48fa66.jpg,0.030496944586270416,urban_street,8
https://www.flickr.com/people/kirkols/,8f08cb18c27fbaa7,https://creativecommons.org/licenses/by/2.0/,https://www.flickr.com/photos/kirkols/9862175213,https://farm8.staticflickr.com/7448/9862175213_ce145b49bf_o.jpg,ok,https://c1.staticflickr.com/8/7448/9862175213_4fdaf50184_z.jpg,Road,data/raw/openimages/candidates/openimages-8f08cb18c27fbaa7.jpg,0.30572087002662723,urban_street,8
https://www.flickr.com/people/hotpudding/,902444fe08384616,https://creativecommons.org/licenses/by/2.0/,https://www.flickr.com/photos/hotpudding/222168963,https://farm7.staticflickr.com/58/222168963_8092ab35c8_o.jpg,ok,https://c3.staticflickr.com/1/58/222168963_8092ab35c8_z.jpg,Road,data/raw/openimages/candidates/openimages-902444fe08384616.jpg,0.23009114134375003,urban_street,8
https://www.flickr.com/people/ephidryn/,91899fa1dd9de609,https://creativecommons.org/licenses/by/2.0/,https://www.flickr.com/photos/ephidryn/341926593,https://c2.staticflickr.com/1/153/341926593_52800a8880_o.jpg,missing,https://c3.staticflickr.com/1/153/341926593_52800a8880_z.jpg,Road,,0.3539823,urban_street,8
https://www.flickr.com/people/walterpro/,944e7cf97fc0e575,https://creativecommons.org/licenses/by/2.0/,https://www.flickr.com/photos/walterpro/21302736504,https://farm6.staticflickr.com/699/21302736504_24e861cab1_o.jpg,missing,https://c8.staticflickr.com/1/699/21302736504_fed03f03dd_z.jpg,Road,,0.4004626813938286,urban_street,8
https://www.flickr.com/people/fatinraihanna/,95dcf58de4233ec8,https://creativecommons.org/licenses/by/2.0/,https://www.flickr.com/photos/fatinraihanna/4491902207,https://c1.staticflickr.com/5/4069/4491902207_ba748b4be9_o.jpg,ok,https://c7.staticflickr.com/5/4069/4491902207_f9a2a12402_z.jpg,Road,data/raw/openimages/candidates/openimages-95dcf58de4233ec8.jpg,0.63977144068287,urban_street,8
https://www.flickr.com/people/schoschie/,96eb18667b91b890,https://creativecommons.org/licenses/by/2.0/,https://www.flickr.com/photos/schoschie/8821808,https://farm1.staticflickr.com/6/8821808_48ebe8d498_o.jpg,ok,https://c3.staticflickr.com/1/6/8821808_48ebe8d498_z.jpg?zz=1,Road,data/raw/openimages/candidates/openimages-96eb18667b91b890.jpg,0.11812500000000001,urban_street,8
https://www.flickr.com/people/neeta_lind/,976525d3c3d6b73c,https://creativecommons.org/licenses/by/2.0/,https://www.flickr.com/photos/neeta_lind/3866361656,https://c5.staticflickr.com/4/3461/3866361656_6f9a47dc87_o.jpg,ok,https://c2.staticflickr.com/4/3461/3866361656_f5c72050db_z.jpg?zz=1,Road,data/raw/openimages/candidates/openimages-976525d3c3d6b73c.jpg,0.36098306967187493,urban_street,8
https://www.flickr.com/people/photomason/,9a02bb63b8f46e51,https://creativecommons.org/licenses/by/2.0/,https://www.flickr.com/photos/photomason/17987637935,https://farm2.staticflickr.com/5453/17987637935_23899f16f4_o.jpg,ok,https://c7.staticflickr.com/6/5453/17987637935_27413bb947_z.jpg,Road,data/raw/openimages/candidates/openimages-9a02bb63b8f46e51.jpg,0.051551938250559995,urban_street,8
https://www.flickr.com/people/mikeblogs/,9fa34f43b920f689,https://creativecommons.org/licenses/by/2.0/,https://www.flickr.com/photos/mikeblogs/8771148384,https://c2.staticflickr.com/3/2870/8771148384_30ee5289ef_o.jpg,ok,https://c4.staticflickr.com/3/2870/8771148384_63ce00c206_z.jpg,Road,data/raw/openimages/candidates/openimages-9fa34f43b920f689.jpg,0.038704426328124986,urban_street,8
https://www.flickr.com/people/nantaskart/,a11f84e0107ca0a4,https://creativecommons.org/licenses/by/2.0/,https://www.flickr.com/photos/nantaskart/209729585,https://farm5.staticflickr.com/93/209729585_c71480383d_o.jpg,ok,https://c3.staticflickr.com/1/93/209729585_c71480383d_z.jpg?zz=1,Road,data/raw/openimages/candidates/openimages-a11f84e0107ca0a4.jpg,0.1593508596891192,urban_street,8
https://www.flickr.com/people/nielsautos/,a24768d6e7782dd8,https://creativecommons.org/licenses/by/2.0/,https://www.flickr.com/photos/nielsautos/5660062271,https://c1.staticflickr.com/6/5022/5660062271_de931c46a3_o.jpg,ok,https://c4.staticflickr.com/6/5022/5660062271_bd11eede7b_z.jpg,Road,data/raw/openimages/candidates/openimages-a24768d6e7782dd8.jpg,0.44139023294778595,urban_street,8
https://www.flickr.com/people/rexgray/,b6b804401adcbe4a,https://creativecommons.org/licenses/by/2.0/,https://www.flickr.com/photos/rexgray/5379787091,https://c3.staticflickr.com/6/5043/5379787091_70b0d11aaf_o.jpg,ok,https://c3.staticflickr.com/6/5043/5379787091_69ed00fda3_z.jpg,Road,data/raw/openimages/candidates/openimages-b6b804401adcbe4a.jpg,0.3086283099690264,urban_street,8
https://www.flickr.com/people/skyfire/,bafdb60c4d5b53b0,https://creativecommons.org/licenses/by/2.0/,https://www.flickr.com/photos/skyfire/3610954999,https://farm1.staticflickr.com/3371/3610954999_27479c5ca6_o.jpg,ok,https://c1.staticflickr.com/4/3371/3610954999_c739bf8ff0_z.jpg?zz=1,Road,data/raw/openimages/candidates/openimages-bafdb60c4d5b53b0.jpg,0.2012329626688458,urban_street,8
https://www.flickr.com/people/slambox/,bbdce60db30e3153,https://creativecommons.org/licenses/by/2.0/,https://www.flickr.com/photos/slambox/8651375461,https://farm4.staticflickr.com/8245/8651375461_5d01937a85_o.jpg,ok,https://c7.staticflickr.com/9/8245/8651375461_943c987a3d_z.jpg,Road,data/raw/openimages/candidates/openimages-bbdce60db30e3153.jpg,0.23693775886322221,urban_street,8
https://www.flickr.com/people/zadok_the_priest/,c2cb0a1c873668cb,https://creativecommons.org/licenses/by/2.0/,https://www.flickr.com/photos/zadok_the_priest/1806413470,https://c4.staticflickr.com/3/2211/1806413470_5e9a33485d_o.jpg,ok,https://c1.staticflickr.com/3/2211/1806413470_7ab3084e7e_z.jpg,Road,data/raw/openimages/candidates/openimages-c2cb0a1c873668cb.jpg,0.859014044727465,urban_street,8
https://www.flickr.com/people/brian395/,c307c0f31c862a17,https://creativecommons.org/licenses/by/2.0/,https://www.flickr.com/photos/brian395/14809332571/,https://farm8.staticflickr.com/3919/14809332571_5d89fc23a6_o.jpg,ok,https://c7.staticflickr.com/4/3919/14809332571_62a9508324_z.jpg,Road,data/raw/openimages/candidates/openimages-c307c0f31c862a17.jpg,0.11697265790625001,urban_street,8
https://www.flickr.com/people/91807507@N03/,c3c0082f9ab37f4b,https://creativecommons.org/licenses/by/2.0/,https://www.flickr.com/photos/91807507@N03/17163355678,https://c4.staticflickr.com/9/8868/17163355678_5edb41b161_o.jpg,ok,https://c7.staticflickr.com/9/8868/17163355678_e9b64bc86c_z.jpg,Road,data/raw/openimages/candidates/openimages-c3c0082f9ab37f4b.jpg,0.06964625739651578,urban_street,8
https://www.flickr.com/people/francapicc/,c491f0654ac9d3b3,https://creativecommons.org/licenses/by/2.0/,https://www.flickr.com/photos/francapicc/4696045986,https://farm4.staticflickr.com/1275/4696045986_e0e441e405_o.jpg,ok,https://c3.staticflickr.com/2/1275/4696045986_e3ac50f14f_z.jpg,Road,data/raw/openimages/candidates/openimages-c491f0654ac9d3b3.jpg,0.16094158223898017,urban_street,8
https://www.flickr.com/people/andybullock77/,d7c479c550e34873,https://creativecommons.org/licenses/by/2.0/,https://www.flickr.com/photos/andybullock77/2352798594,https://farm4.staticflickr.com/3273/2352798594_df1dd62245_o.jpg,ok,https://c3.staticflickr.com/4/3273/2352798594_2749717ee8_z.jpg,Road,data/raw/openimages/candidates/openimages-d7c479c550e34873.jpg,0.08862304739062501,urban_street,8
https://www.flickr.com/people/glamourschatz/,d9f0f52292a6d28b,https://creativecommons.org/licenses/by/2.0/,https://www.flickr.com/photos/glamourschatz/133942942,https://c4.staticflickr.com/1/47/133942942_3ae0b267bf_o.jpg,ok,https://c1.staticflickr.com/1/47/133942942_3ae0b267bf_z.jpg?zz=1,Road,data/raw/openimages/candidates/openimages-d9f0f52292a6d28b.jpg,0.24196939954687496,urban_street,8
https://www.flickr.com/people/jourdansmith/,e0cc3d4077c5f82c,https://creativecommons.org/licenses/by/2.0/,https://www.flickr.com/photos/jourdansmith/16305446356,https://c5.staticflickr.com/8/7508/16305446356_12929b4b40_o.jpg,ok,https://c1.staticflickr.com/8/7508/16305446356_a6d7836c85_z.jpg,Road,data/raw/openimages/candidates/openimages-e0cc3d4077c5f82c.jpg,0.058750834463243994,urban_street,8
https://www.flickr.com/people/janitors/,e2d6553151f7231b,https://creativecommons.org/licenses/by/2.0/,https://www.flickr.com/photos/janitors/15174055684,https://c4.staticflickr.com/6/5608/15174055684_008f9aff27_o.jpg,ok,https://c3.staticflickr.com/6/5608/15174055684_17a0d482a8_z.jpg,Road,data/raw/openimages/candidates/openimages-e2d6553151f7231b.jpg,0.05305818747797401,urban_street,8
https://www.flickr.com/people/dmary/,ed39ece290eabd5d,https://creativecommons.org/licenses/by/2.0/,https://www.flickr.com/photos/dmary/7473220446,https://c6.staticflickr.com/9/8008/7473220446_6661b80c0d_o.jpg,ok,https://c1.staticflickr.com/9/8008/7473220446_ffdca9d7d3_z.jpg,Road,data/raw/openimages/candidates/openimages-ed39ece290eabd5d.jpg,0.21277116698300513,urban_street,8
https://www.flickr.com/people/105959528@N08/,ed439b9179f2f3d8,https://creativecommons.org/licenses/by/2.0/,https://www.flickr.com/photos/105959528@N08/14304467479/,https://c1.staticflickr.com/3/2895/14304467479_abd417f076_o.jpg,ok,https://c2.staticflickr.com/3/2895/14304467479_bd62ddaf3f_z.jpg,Road,data/raw/openimages/candidates/openimages-ed439b9179f2f3d8.jpg,0.308303991625,urban_street,8
https://www.flickr.com/people/snappa2006/,f339b1c5438b5b7c,https://creativecommons.org/licenses/by/2.0/,https://www.flickr.com/photos/snappa2006/3665573406,https://c5.staticflickr.com/4/3391/3665573406_ecb0a9bffe_o.jpg,ok,https://c6.staticflickr.com/4/3391/3665573406_1b6b990d8d_z.jpg,Road,data/raw/openimages/candidates/openimages-f339b1c5438b5b7c.jpg,0.33299153385937497,urban_street,8
https://www.flickr.com/people/pasiparkkila/,f5cd12a4f38f3079,https://creativecommons.org/licenses/by/2.0/,https://www.flickr.com/photos/pasiparkkila/2994023171,https://c2.staticflickr.com/4/3161/2994023171_4f415e1512_o.jpg,ok,https://c1.staticflickr.com/4/3161/2994023171_79d80066c3_z.jpg,Road,data/raw/openimages/candidates/openimages-f5cd12a4f38f3079.jpg,0.26724575007627,urban_street,8
https://www.flickr.com/people/shannonpatrick17/,fb6b2791b026ccff,https://creativecommons.org/licenses/by/2.0/,https://www.flickr.com/photos/shannonpatrick17/9433710650,https://c8.staticflickr.com/8/7296/9433710650_52c613ff7f_o.jpg,ok,https://c3.staticflickr.com/8/7296/9433710650_9564acfef3_z.jpg,Road,data/raw/openimages/candidates/openimages-fb6b2791b026ccff.jpg,0.6061947,urban_street,8
https://www.flickr.com/people/bootbearwdc/,fd12c8489254683e,https://creativecommons.org/licenses/by/2.0/,https://www.flickr.com/photos/bootbearwdc/2426922422,https://c7.staticflickr.com/3/2292/2426922422_5f0a172db7_o.jpg,ok,https://c7.staticflickr.com/3/2292/2426922422_35140e1ace_z.jpg,Road,data/raw/openimages/candidates/openimages-fd12c8489254683e.jpg,0.556178122089081,urban_street,8
https://www.flickr.com/people/jcmedia93/,fd2aa62413df2ac7,https://creativecommons.org/licenses/by/2.0/,https://www.flickr.com/photos/jcmedia93/5950750542/,https://farm8.staticflickr.com/6020/5950750542_6c1a3bae2a_o.jpg,ok,https://c8.staticflickr.com/7/6020/5950750542_2a77de0fee_z.jpg,Road,data/raw/openimages/candidates/openimages-fd2aa62413df2ac7.jpg,0.5281720724387101,urban_street,8
https://www.flickr.com/people/dogbomb/,ffd5c50fd2cdb04b,https://creativecommons.org/licenses/by/2.0/,https://www.flickr.com/photos/dogbomb/9675995000,https://c4.staticflickr.com/3/2856/9675995000_2b7e1699d2_o.jpg,missing,https://c8.staticflickr.com/3/2856/9675995000_5d467ba195_z.jpg,Road,,0.15682124738190206,urban_street,8
https://www.flickr.com/people/kenspix/,00b4064b073e51f3,https://creativecommons.org/licenses/by/2.0/,https://www.flickr.com/photos/kenspix/19263579718,https://farm4.staticflickr.com/344/19263579718_895a512055_o.jpg,ok,https://c8.staticflickr.com/1/344/19263579718_6b33cf5063_z.jpg,Building; City,data/raw/openimages/candidates/openimages-00b4064b073e51f3.jpg,0.19999999999999996,urban_street,5
https://www.flickr.com/people/96147639@N00/,0ca4cd34574b30be,https://creativecommons.org/licenses/by/2.0/,https://www.flickr.com/photos/96147639@N00/375125625,https://c7.staticflickr.com/1/158/375125625_c595fcd5cc_o.jpg,missing,https://c2.staticflickr.com/1/158/375125625_c595fcd5cc_z.jpg,Building; City,,0.44064450378125003,urban_street,5
https://www.flickr.com/people/gutam2000/,2a0ca38711f24d08,https://creativecommons.org/licenses/by/2.0/,https://www.flickr.com/photos/gutam2000/15147880776,https://c1.staticflickr.com/6/5572/15147880776_dab3080d1a_o.jpg,ok,https://c3.staticflickr.com/6/5572/15147880776_48325c3072_z.jpg,Building; City,data/raw/openimages/candidates/openimages-2a0ca38711f24d08.jpg,0.45283014999999993,urban_street,5
https://www.flickr.com/people/foundinbklyn/,3cc444acad43c400,https://creativecommons.org/licenses/by/2.0/,https://www.flickr.com/photos/foundinbklyn/5936993940,https://farm1.staticflickr.com/6133/5936993940_3193d75f63_o.jpg,ok,https://c3.staticflickr.com/7/6133/5936993940_b07907f9a7_z.jpg,Building; City,data/raw/openimages/candidates/openimages-3cc444acad43c400.jpg,0.045937504593749984,urban_street,5
https://www.flickr.com/people/bsabarnowl/,4213259084491c4f,https://creativecommons.org/licenses/by/2.0/,https://www.flickr.com/photos/bsabarnowl/5360032242,https://c8.staticflickr.com/6/5002/5360032242_da538430e3_o.jpg,ok,https://c7.staticflickr.com/6/5002/5360032242_e7fdd9b5df_z.jpg,Building; City,data/raw/openimages/candidates/openimages-4213259084491c4f.jpg,0.3160937160000001,urban_street,5
https://www.flickr.com/people/bensutherland/,0386a1c1ca5b2da7,https://creativecommons.org/licenses/by/2.0/,https://www.flickr.com/photos/bensutherland/70577182,https://farm8.staticflickr.com/20/70577182_92836fe305_o.jpg,ok,https://c8.staticflickr.com/1/20/70577182_92836fe305_z.jpg?zz=1,City,data/raw/openimages/candidates/openimages-0386a1c1ca5b2da7.jpg,0.033837890624999985,urban_street,4
https://www.flickr.com/people/uriba/,0e4a2294a1439e17,https://creativecommons.org/licenses/by/2.0/,https://www.flickr.com/photos/uriba/313078554,https://farm8.staticflickr.com/115/313078554_1277477dbe_o.jpg,ok,https://c3.staticflickr.com/1/115/313078554_1277477dbe_z.jpg,City,data/raw/openimages/candidates/openimages-0e4a2294a1439e17.jpg,0.03370768115625,urban_street,4
https://www.flickr.com/people/ryudonghyup/,16315ea0ef47c830,https://creativecommons.org/licenses/by/2.0/,https://www.flickr.com/photos/ryudonghyup/3991476283,https://farm1.staticflickr.com/2425/3991476283_107659a35c_o.jpg,ok,https://c8.staticflickr.com/3/2425/3991476283_c6dbb03e97_z.jpg,City,data/raw/openimages/candidates/openimages-16315ea0ef47c830.jpg,0.83333333,urban_street,4
https://www.flickr.com/people/kostas-limitsios/,4737906639f16aef,https://creativecommons.org/licenses/by/2.0/,https://www.flickr.com/photos/kostas-limitsios/19285773440,https://c8.staticflickr.com/1/391/19285773440_d22cf0c5ab_o.jpg,ok,https://c2.staticflickr.com/1/391/19285773440_4f480c921d_z.jpg,City,data/raw/openimages/candidates/openimages-4737906639f16aef.jpg,0.11078459860417264,urban_street,4
https://www.flickr.com/people/lostseouls/,82560833eab971a5,https://creativecommons.org/licenses/by/2.0/,https://www.flickr.com/photos/lostseouls/101547933,https://farm6.staticflickr.com/41/101547933_50d00504eb_o.jpg,ok,https://c4.staticflickr.com/1/41/101547933_50d00504eb_z.jpg,City,data/raw/openimages/candidates/openimages-82560833eab971a5.jpg,0.4338064879143085,urban_street,4
https://www.flickr.com/people/acme/,b6ef797db2a747e0,https://creativecommons.org/licenses/by/2.0/,https://www.flickr.com/photos/acme/14675125058,https://farm1.staticflickr.com/5577/14675125058_c6bb6b9966_o.jpg,ok,https://c3.staticflickr.com/6/5577/14675125058_da55aa44f2_z.jpg,City,data/raw/openimages/candidates/openimages-b6ef797db2a747e0.jpg,0.15341145475,urban_street,4
https://www.flickr.com/people/boston_public_library/,be8f2d2ca5e3d238,https://creativecommons.org/licenses/by/2.0/,https://www.flickr.com/photos/boston_public_library/2350729822,https://c1.staticflickr.com/4/3138/2350729822_90d134754e_o.jpg,ok,https://c4.staticflickr.com/4/3138/2350729822_2410b38f1b_z.jpg?zz=1,City,data/raw/openimages/candidates/openimages-be8f2d2ca5e3d238.jpg,0.5069913709499999,urban_street,4
https://www.flickr.com/people/heroiclife/,d32303a62c007868,https://creativecommons.org/licenses/by/2.0/,https://www.flickr.com/photos/heroiclife/419596719/,https://c1.staticflickr.com/1/183/419596719_9c95beffe1_o.jpg,ok,https://c6.staticflickr.com/1/183/419596719_70c20866b4_z.jpg,City,data/raw/openimages/candidates/openimages-d32303a62c007868.jpg,0.6226750251556948,urban_street,4
https://www.flickr.com/people/piiing/,d87bc756625b4210,https://creativecommons.org/licenses/by/2.0/,https://www.flickr.com/photos/piiing/500295714,https://farm1.staticflickr.com/206/500295714_4ccd215b45_o.jpg,ok,https://c5.staticflickr.com/1/206/500295714_139f857b79_z.jpg?zz=1,City,data/raw/openimages/candidates/openimages-d87bc756625b4210.jpg,0.3515625,urban_street,4
https://www.flickr.com/people/fleskw/,001840a807e454c7,https://creativecommons.org/licenses/by/2.0/,https://www.flickr.com/photos/fleskw/5440916079,https://farm8.staticflickr.com/5220/5440916079_e0d997a078_o.jpg,ok,https://c7.staticflickr.com/6/5220/5440916079_4ba6b0e5cf_z.jpg,Building,data/raw/openimages/candidates/openimages-001840a807e454c7.jpg,0.790859372015625,urban_street,1
https://www.flickr.com/people/lam_chihang/,006f87bf928f9ba3,https://creativecommons.org/licenses/by/2.0/,https://www.flickr.com/photos/lam_chihang/6098643678,https://farm4.staticflickr.com/6196/6098643678_2bc80ac753_o.jpg,ok,https://c8.staticflickr.com/7/6196/6098643678_fc8044b5ac_z.jpg,Building,data/raw/openimages/candidates/openimages-006f87bf928f9ba3.jpg,0.35574437757302835,urban_street,1
https://www.flickr.com/people/mdgovpics/,00d33e05424ff8cc,https://creativecommons.org/licenses/by/2.0/,https://www.flickr.com/photos/mdgovpics/16513473865,https://c5.staticflickr.com/8/7384/16513473865_2c080d3649_o.jpg,ok,https://c1.staticflickr.com/8/7384/16513473865_746970dc51_z.jpg,Building,data/raw/openimages/candidates/openimages-00d33e05424ff8cc.jpg,0.51662973,urban_street,1
https://www.flickr.com/people/inl/,00e8e1122ed9f31c,https://creativecommons.org/licenses/by/2.0/,https://www.flickr.com/photos/inl/9193525217,https://c5.staticflickr.com/3/2810/9193525217_09f33eaa8a_o.jpg,ok,https://c3.staticflickr.com/3/2810/9193525217_7db1223047_z.jpg,Building,data/raw/openimages/candidates/openimages-00e8e1122ed9f31c.jpg,0.4866539486531794,urban_street,1
https://www.flickr.com/people/mark-braggins/,013e4b54ccdf22aa,https://creativecommons.org/licenses/by/2.0/,https://www.flickr.com/photos/mark-braggins/15195450719/,https://c3.staticflickr.com/4/3890/15195450719_e1e75cb0a5_o.jpg,ok,https://c7.staticflickr.com/4/3890/15195450719_3f11ed591c_z.jpg,Building,data/raw/openimages/candidates/openimages-013e4b54ccdf22aa.jpg,0.06246093865312499,urban_street,1
https://www.flickr.com/people/visittuscany/,01a6c89f9885d483,https://creativecommons.org/licenses/by/2.0/,https://www.flickr.com/photos/visittuscany/14617092224,https://farm4.staticflickr.com/3843/14617092224_e09b61c152_o.jpg,ok,https://c2.staticflickr.com/4/3843/14617092224_a03ab81a76_z.jpg,Building,data/raw/openimages/candidates/openimages-01a6c89f9885d483.jpg,0.072529176591354,urban_street,1
https://www.flickr.com/people/civicus/,01f26ca52e27a8d9,https://creativecommons.org/licenses/by/2.0/,https://www.flickr.com/photos/civicus/14270965637,https://c2.staticflickr.com/4/3918/14270965637_d60194a52d_o.jpg,ok,https://c2.staticflickr.com/4/3918/14270965637_d60194a52d_o.jpg,Building,data/raw/openimages/candidates/openimages-01f26ca52e27a8d9.jpg,0.183274877640306,urban_street,1
https://www.flickr.com/people/omerfaruk1/,0359a3a63c8a424b,https://creativecommons.org/licenses/by/2.0/,https://www.flickr.com/photos/omerfaruk1/493552091/,https://c4.staticflickr.com/1/214/493552091_f733127a83_o.jpg,ok,https://c8.staticflickr.com/1/214/493552091_5e1be76690_z.jpg,Building,data/raw/openimages/candidates/openimages-0359a3a63c8a424b.jpg,0.07792968881249998,urban_street,1
https://www.flickr.com/people/clownfish/,0411dd1941790d58,https://creativecommons.org/licenses/by/2.0/,https://www.flickr.com/photos/clownfish/5467077179,https://c1.staticflickr.com/6/5219/5467077179_ed65253969_o.jpg,ok,https://c4.staticflickr.com/6/5219/5467077179_68f167d4bb_z.jpg,Building,data/raw/openimages/candidates/openimages-0411dd1941790d58.jpg,0.13244969571423004,urban_street,1
https://www.flickr.com/people/rlaguna/,04e3bee2eeaf280e,https://creativecommons.org/licenses/by/2.0/,https://www.flickr.com/photos/rlaguna/2325833875,https://c7.staticflickr.com/3/2345/2325833875_c17f052210_o.jpg,missing,https://c1.staticflickr.com/3/2345/2325833875_9d86b4fa2b_z.jpg,Building,,0.19692707918750002,urban_street,1
https://www.flickr.com/people/barbarabrannon/,05035aff6e43506a,https://creativecommons.org/licenses/by/2.0/,https://www.flickr.com/photos/barbarabrannon/15545030946,https://c3.staticflickr.com/6/5607/15545030946_ae5cf99689_o.jpg,ok,https://c7.staticflickr.com/6/5607/15545030946_2a2c0c7bd7_z.jpg,Building,data/raw/openimages/candidates/openimages-05035aff6e43506a.jpg,0.402848575340859,urban_street,1
https://www.flickr.com/people/cdpm/,05fc6cd971204843,https://creativecommons.org/licenses/by/2.0/,https://www.flickr.com/photos/cdpm/6785516705,https://farm4.staticflickr.com/7159/6785516705_9c7a8f1200_o.jpg,missing,https://c7.staticflickr.com/8/7159/6785516705_7c3b1a19ef_z.jpg,Building,,0.18162840000000002,urban_street,1
https://www.flickr.com/people/fujikinoko/,062a47023c593e3a,https://creativecommons.org/licenses/by/2.0/,https://www.flickr.com/photos/fujikinoko/3508440571,https://c3.staticflickr.com/4/3574/3508440571_963f4f5dba_o.jpg,ok,https://c2.staticflickr.com/4/3574/3508440571_62e2609833_z.jpg,Building,data/raw/openimages/candidates/openimages-062a47023c593e3a.jpg,0.10749471997515093,urban_street,1
https://www.flickr.com/people/mauroguanandi/,0662ac36ad698574,https://creativecommons.org/licenses/by/2.0/,https://www.flickr.com/photos/mauroguanandi/5255889336,https://farm5.staticflickr.com/5084/5255889336_5dcff55107_o.jpg,ok,https://c2.staticflickr.com/6/5084/5255889336_9567c24154_z.jpg,Building,data/raw/openimages/candidates/openimages-0662ac36ad698574.jpg,0.46486279424713495,urban_street,1
https://www.flickr.com/people/rucksackkruemel/,076d078dd863cb79,https://creativecommons.org/licenses/by/2.0/,https://www.flickr.com/photos/rucksackkruemel/6933203949,https://c2.staticflickr.com/8/7184/6933203949_8034d8b91d_o.jpg,ok,https://c6.staticflickr.com/8/7184/6933203949_425ea9ddc7_z.jpg,Building,data/raw/openimages/candidates/openimages-076d078dd863cb79.jpg,0.92916667,urban_street,1
https://www.flickr.com/people/moedusa/,0998d865cd16ccec,https://creativecommons.org/licenses/by/2.0/,https://www.flickr.com/photos/moedusa/16212097899,https://c5.staticflickr.com/8/7314/16212097899_279b368961_o.jpg,ok,https://c3.staticflickr.com/8/7314/16212097899_92642b3a4e_z.jpg,Building,data/raw/openimages/candidates/openimages-0998d865cd16ccec.jpg,0.16805845499999997,urban_street,1
https://www.flickr.com/people/jus10h/,09b5c9a79c959dbc,https://creativecommons.org/licenses/by/2.0/,https://www.flickr.com/photos/jus10h/14638696182,https://c5.staticflickr.com/4/3923/14638696182_d4236d06dc_o.jpg,ok,https://c2.staticflickr.com/4/3923/14638696182_db50136705_z.jpg,Building,data/raw/openimages/candidates/openimages-09b5c9a79c959dbc.jpg,0.3739703,urban_street,1
https://www.flickr.com/people/cvander/,0a73064c82730ff5,https://creativecommons.org/licenses/by/2.0/,https://www.flickr.com/photos/cvander/210030308,https://farm6.staticflickr.com/77/210030308_231e7b4cfa_o.jpg,ok,https://c5.staticflickr.com/1/77/210030308_231e7b4cfa_z.jpg?zz=1,Building,data/raw/openimages/candidates/openimages-0a73064c82730ff5.jpg,0.35984374999999996,urban_street,1
https://www.flickr.com/people/rowdykittens/,0acfa779589204bf,https://creativecommons.org/licenses/by/2.0/,https://www.flickr.com/photos/rowdykittens/8334654948,https://c8.staticflickr.com/9/8503/8334654948_587b540fdd_o.jpg,missing,https://c5.staticflickr.com/9/8503/8334654948_4c890303ea_z.jpg,Building,,0.945848376,urban_street,1
https://www.flickr.com/people/lateja/,0c295283d2a46bd7,https://creativecommons.org/licenses/by/2.0/,https://www.flickr.com/photos/lateja/3585134759,https://farm8.staticflickr.com/3319/3585134759_ae62e270cd_o.jpg,ok,https://c7.staticflickr.com/4/3319/3585134759_72ed0d882e_z.jpg,Building,data/raw/openimages/candidates/openimages-0c295283d2a46bd7.jpg,0.6104714685259928,urban_street,1
https://www.flickr.com/people/playamongfriends/,0c44911e6b2f48a1,https://creativecommons.org/licenses/by/2.0/,https://www.flickr.com/photos/playamongfriends/16034494742,https://farm2.staticflickr.com/8672/16034494742_6cffab7856_o.jpg,missing,https://c3.staticflickr.com/9/8672/16034494742_c7a55fd4a4_z.jpg,Building,,0.7666875486680894,urban_street,1
https://www.flickr.com/people/jfxberns/,0ca9ccc636d7d700,https://creativecommons.org/licenses/by/2.0/,https://www.flickr.com/photos/jfxberns/2291533308,https://farm1.staticflickr.com/2393/2291533308_f01d480470_o.jpg,ok,https://c8.staticflickr.com/3/2393/2291533308_029b1c104d_z.jpg?zz=1,Building,data/raw/openimages/candidates/openimages-0ca9ccc636d7d700.jpg,0.20911783559375,urban_street,1
https://www.flickr.com/people/barretthall/,0cce331e7f66f6ea,https://creativecommons.org/licenses/by/2.0/,https://www.flickr.com/photos/barretthall/121987526,https://c3.staticflickr.com/1/43/121987526_4a8fe0643b_o.jpg,ok,https://c8.staticflickr.com/1/43/121987526_4a8fe0643b_z.jpg,Building,data/raw/openimages/candidates/openimages-0cce331e7f66f6ea.jpg,0.25087323228756486,urban_street,1
https://www.flickr.com/people/coniecto/,0cf3f07eb6c089c0,https://creativecommons.org/licenses/by/2.0/,https://www.flickr.com/photos/coniecto/4195432736,https://farm1.staticflickr.com/4045/4195432736_c661372698_o.jpg,ok,https://c3.staticflickr.com/5/4045/4195432736_77b8536fed_z.jpg?zz=1,Building,data/raw/openimages/candidates/openimages-0cf3f07eb6c089c0.jpg,0.246184906625,urban_street,1
https://www.flickr.com/people/militaryhealth/,0d27f48afe799682,https://creativecommons.org/licenses/by/2.0/,https://www.flickr.com/photos/militaryhealth/4526351944,https://farm3.staticflickr.com/4036/4526351944_5b4f5e6699_o.jpg,missing,https://c6.staticflickr.com/5/4036/4526351944_87b51c848a_z.jpg,Building,,0.73882353,urban_street,1
https://www.flickr.com/people/inndeavalencia/,0e4332e5c234255c,https://creativecommons.org/licenses/by/2.0/,https://www.flickr.com/photos/inndeavalencia/16253349398,https://c5.staticflickr.com/8/7368/16253349398_a6185af03a_o.jpg,ok,https://c3.staticflickr.com/8/7368/16253349398_59e87aa2ae_z.jpg,Building,data/raw/openimages/candidates/openimages-0e4332e5c234255c.jpg,0.0379226131892784,urban_street,1
https://www.flickr.com/people/wojciech_b/,0edc1660782cb0fb,https://creativecommons.org/licenses/by/2.0/,https://www.flickr.com/photos/wojciech_b/5066312372,https://c4.staticflickr.com/5/4090/5066312372_1dee04d4a1_o.jpg,ok,https://c7.staticflickr.com/5/4090/5066312372_2f2fd905b3_z.jpg,Building,data/raw/openimages/candidates/openimages-0edc1660782cb0fb.jpg,0.4632353,urban_street,1
https://www.flickr.com/people/enriquefreire/,0f2976036ded177b,https://creativecommons.org/licenses/by/2.0/,https://www.flickr.com/photos/enriquefreire/7486288624,https://c4.staticflickr.com/8/7265/7486288624_151cbeef86_o.jpg,ok,https://c8.staticflickr.com/8/7265/7486288624_13fbb84241_z.jpg,Building,data/raw/openimages/candidates/openimages-0f2976036ded177b.jpg,0.03289473749999998,urban_street,1
https://www.flickr.com/people/expertinfantry/,0f69951932b24e50,https://creativecommons.org/licenses/by/2.0/,https://www.flickr.com/photos/expertinfantry/5467595068,https://farm1.staticflickr.com/5059/5467595068_599a9ce15e_o.jpg,ok,https://c8.staticflickr.com/6/5059/5467595068_cfaa6f760f_z.jpg,Building,data/raw/openimages/candidates/openimages-0f69951932b24e50.jpg,0.34124058012442904,urban_street,1
https://www.flickr.com/people/photomonkey/,0f71470b9d22554e,https://creativecommons.org/licenses/by/2.0/,https://www.flickr.com/photos/photomonkey/10966255505,https://c7.staticflickr.com/4/3758/10966255505_42c3462cb2_o.jpg,ok,https://c8.staticflickr.com/4/3758/10966255505_5cfa5fbbf9_z.jpg,Building,data/raw/openimages/candidates/openimages-0f71470b9d22554e.jpg,0.040987934666888666,urban_street,1
https://www.flickr.com/people/smart_growth/,0fa056dcede09fa2,https://creativecommons.org/licenses/by/2.0/,https://www.flickr.com/photos/smart_growth/2454459443,https://farm3.staticflickr.com/3114/2454459443_1e71bce03d_o.jpg,ok,https://c1.staticflickr.com/4/3114/2454459443_b2ac9ba1da_z.jpg?zz=1,Building,data/raw/openimages/candidates/openimages-0fa056dcede09fa2.jpg,0.1893323053813248,urban_street,1
https://www.flickr.com/people/dodnewsfeatures/,0fe12f551f900aca,https://creativecommons.org/licenses/by/2.0/,https://www.flickr.com/photos/dodnewsfeatures/17057099208,https://c3.staticflickr.com/8/7633/17057099208_3f01f741c4_o.jpg,ok,https://c4.staticflickr.com/8/7633/17057099208_6a971c68c4_z.jpg,Building,data/raw/openimages/candidates/openimages-0fe12f551f900aca.jpg,0.44258844842886197,urban_street,1
https://www.flickr.com/people/swisschef/,0fe73678341c5315,https://creativecommons.org/licenses/by/2.0/,https://www.flickr.com/photos/swisschef/3497146673,https://farm6.staticflickr.com/3552/3497146673_52471c634b_o.jpg,ok,https://c1.staticflickr.com/4/3552/3497146673_19f12b37fc_z.jpg?zz=1,Building,data/raw/openimages/candidates/openimages-0fe73678341c5315.jpg,0.04894205890625,urban_street,1
https://www.flickr.com/people/interplast/,102bcaa809bcef87,https://creativecommons.org/licenses/by/2.0/,https://www.flickr.com/photos/interplast/9310438316,https://farm8.staticflickr.com/5547/9310438316_0c5a13836a_o.jpg,ok,https://c8.staticflickr.com/6/5547/9310438316_a31cbc1e76_z.jpg,Building,data/raw/openimages/candidates/openimages-102bcaa809bcef87.jpg,0.36557290125421005,urban_street,1
https://www.flickr.com/people/ninara/,1137e8fdcdfb2976,https://creativecommons.org/licenses/by/2.0/,https://www.flickr.com/photos/ninara/21172162965,https://farm7.staticflickr.com/5631/21172162965_5130028ffd_o.jpg,ok,https://c6.staticflickr.com/6/5631/21172162965_bd2e58ea5a_z.jpg,Building,data/raw/openimages/candidates/openimages-1137e8fdcdfb2976.jpg,0.03736933404628889,urban_street,1
https://www.flickr.com/people/shinyasuzuki/,116b11d42594defd,https://creativecommons.org/licenses/by/2.0/,https://www.flickr.com/photos/shinyasuzuki/5463533966,https://c6.staticflickr.com/6/5097/5463533966_7cb607749a_o.jpg,ok,https://c8.staticflickr.com/6/5097/5463533966_43e8e49d71_z.jpg,Building,data/raw/openimages/candidates/openimages-116b11d42594defd.jpg,0.07541015624999997,urban_street,1
https://www.flickr.com/people/807thpao/,124892350f674127,https://creativecommons.org/licenses/by/2.0/,https://www.flickr.com/photos/807thpao/10581237704,https://farm8.staticflickr.com/5520/10581237704_0fc3c727a0_o.jpg,missing,https://c1.staticflickr.com/6/5520/10581237704_c1280f4b26_z.jpg,Building,,0.1761966878835268,urban_street,1
https://www.flickr.com/people/mauriziolupi/,127e3f5d73ce1c24,https://creativecommons.org/licenses/by/2.0/,https://www.flickr.com/photos/mauriziolupi/15389371422,https://farm5.staticflickr.com/3929/15389371422_aab4c1f60c_o.jpg,ok,https://c6.staticflickr.com/4/3929/15389371422_afebd99dcd_z.jpg,Building,data/raw/openimages/candidates/openimages-127e3f5d73ce1c24.jpg,0.6238350506325216,urban_street,1
https://www.flickr.com/people/yortw/,1314838e2ee5b090,https://creativecommons.org/licenses/by/2.0/,https://www.flickr.com/photos/yortw/5191722122,https://farm1.staticflickr.com/4111/5191722122_12dd963b24_o.jpg,ok,https://c1.staticflickr.com/5/4111/5191722122_3e34580c31_z.jpg,Building,data/raw/openimages/candidates/openimages-1314838e2ee5b090.jpg,0.04937499999999999,urban_street,1
https://www.flickr.com/people/yellowstonenps/,13f20b706bfe7f41,https://creativecommons.org/licenses/by/2.0/,https://www.flickr.com/photos/yellowstonenps/9396311882,https://farm2.staticflickr.com/3811/9396311882_0d6dd92934_o.jpg,ok,https://c4.staticflickr.com/4/3811/9396311882_0a4b3ccebe_z.jpg,Building,data/raw/openimages/candidates/openimages-13f20b706bfe7f41.jpg,0.07533872019513398,urban_street,1
https://www.flickr.com/people/donabelandewen/,141d8961e111ead7,https://creativecommons.org/licenses/by/2.0/,https://www.flickr.com/photos/donabelandewen/62858237,https://farm8.staticflickr.com/26/62858237_d85929a349_o.jpg,ok,https://c3.staticflickr.com/1/26/62858237_d85929a349_z.jpg?zz=1,Building,data/raw/openimages/candidates/openimages-141d8961e111ead7.jpg,1.0,urban_street,1
https://www.flickr.com/people/uhmed/,1477902b097bdc53,https://creativecommons.org/licenses/by/2.0/,https://www.flickr.com/photos/uhmed/8362721478,https://farm4.staticflickr.com/8334/8362721478_8974034c9f_o.jpg,ok,https://c2.staticflickr.com/9/8334/8362721478_0530870b8b_z.jpg,Building,data/raw/openimages/candidates/openimages-1477902b097bdc53.jpg,0.7790172267937591,urban_street,1
https://www.flickr.com/people/matt-dinnery/,151ac0754da1da6d,https://creativecommons.org/licenses/by/2.0/,https://www.flickr.com/photos/matt-dinnery/3846734256,https://c6.staticflickr.com/3/2503/3846734256_12c439ec93_o.jpg,ok,https://c3.staticflickr.com/3/2503/3846734256_3e82751e09_z.jpg,Building,data/raw/openimages/candidates/openimages-151ac0754da1da6d.jpg,0.9977876106,urban_street,1
https://www.flickr.com/people/61567423@N02/,15272ba02184a37c,https://creativecommons.org/licenses/by/2.0/,https://www.flickr.com/photos/61567423@N02/6437365405,https://c5.staticflickr.com/8/7007/6437365405_09288d8fbb_o.jpg,ok,https://c7.staticflickr.com/8/7007/6437365405_58cd833844_z.jpg,Building,data/raw/openimages/candidates/openimages-15272ba02184a37c.jpg,0.76200418,urban_street,1
https://www.flickr.com/people/codnewsroom/,15977b7b7d3b97ca,https://creativecommons.org/licenses/by/2.0/,https://www.flickr.com/photos/codnewsroom/5161465462,https://c3.staticflickr.com/2/1116/5161465462_eef4331131_o.jpg,ok,https://c4.staticflickr.com/2/1116/5161465462_666207c33d_z.jpg,Building,data/raw/openimages/candidates/openimages-15977b7b7d3b97ca.jpg,0.7720924136307271,urban_street,1
https://www.flickr.com/people/vanillaandlaceblog/,15e2134bf1363429,https://creativecommons.org/licenses/by/2.0/,https://www.flickr.com/photos/vanillaandlaceblog/5761127340,https://c2.staticflickr.com/3/2062/5761127340_1e8ecfc980_o.jpg,ok,https://c4.staticflickr.com/3/2062/5761127340_2fa0eef146_z.jpg,Building,data/raw/openimages/candidates/openimages-15e2134bf1363429.jpg,0.08848903703357082,urban_street,1
https://www.flickr.com/people/61262894@N08/,16eb4cdd8170dad7,https://creativecommons.org/licenses/by/2.0/,https://www.flickr.com/photos/61262894@N08/5572269985,https://farm8.staticflickr.com/5097/5572269985_9ffd2d4d31_o.jpg,ok,https://c8.staticflickr.com/6/5097/5572269985_ee5c90f952_z.jpg,Building,data/raw/openimages/candidates/openimages-16eb4cdd8170dad7.jpg,0.28563979777618503,urban_street,1
https://www.flickr.com/people/razvanorendovici/,171c2848e3ad670e,https://creativecommons.org/licenses/by/2.0/,https://www.flickr.com/photos/razvanorendovici/3421357991,https://c7.staticflickr.com/4/3400/3421357991_3470b4076d_o.jpg,ok,https://c3.staticflickr.com/4/3400/3421357991_bc60e8771d_z.jpg,Building,data/raw/openimages/candidates/openimages-171c2848e3ad670e.jpg,0.09388019975000002,urban_street,1
https://www.flickr.com/people/prayitnophotography/,1777256e995e1ec6,https://creativecommons.org/licenses/by/2.0/,https://www.flickr.com/photos/prayitnophotography/8438307368,https://farm7.staticflickr.com/8496/8438307368_b40155ced4_o.jpg,missing,https://c3.staticflickr.com/9/8496/8438307368_fd560bb7f2_z.jpg,Building,,0.44135536245855844,urban_street,1
https://www.flickr.com/people/dakiny/,198a4e01ffd2ba24,https://creativecommons.org/licenses/by/2.0/,https://www.flickr.com/photos/dakiny/4068113018,https://farm5.staticflickr.com/2571/4068113018_1ac7d74d46_o.jpg,missing,https://c4.staticflickr.com/3/2571/4068113018_dd5300f83d_z.jpg,Building,,0.162597655546875,urban_street,1
https://www.flickr.com/people/artlung/,19aa0e0ad2fa06b6,https://creativecommons.org/licenses/by/2.0/,https://www.flickr.com/photos/artlung/1625328,https://farm7.staticflickr.com/2/1625328_7af356f861_o.jpg,missing,https://c5.staticflickr.com/1/2/1625328_7af356f861_z.jpg?zz=1,Building,,0.34166666325000006,urban_street,1
https://www.flickr.com/people/ganmed64/,19e3ac5e567dbd8a,https://creativecommons.org/licenses/by/2.0/,https://www.flickr.com/photos/ganmed64/3646802448,https://c3.staticflickr.com/4/3659/3646802448_3288f7488f_o.jpg,missing,https://c8.staticflickr.com/4/3659/3646802448_346dc91cee_z.jpg,Building,,0.04734375187500002,urban_street,1
https://www.flickr.com/people/willieisworking/,1a0fb608f42672c5,https://creativecommons.org/licenses/by/2.0/,https://www.flickr.com/photos/willieisworking/15281887327,https://farm6.staticflickr.com/5601/15281887327_27db8bce5f_o.jpg,missing,https://c5.staticflickr.com/6/5601/15281887327_8e5e8df58a_z.jpg,Building,,0.94797688,urban_street,1
https://www.flickr.com/people/keitabando/,1ad2e4465d835f11,https://creativecommons.org/licenses/by/2.0/,https://www.flickr.com/photos/keitabando/15125278394/,https://farm2.staticflickr.com/7562/15125278394_70cc85a777_o.jpg,missing,https://c5.staticflickr.com/8/7562/15125278394_6485566ed2_z.jpg,Building,,0.854912109375,urban_street,1
https://www.flickr.com/people/samualpedrete/,1b8d1d161bf4396b,https://creativecommons.org/licenses/by/2.0/,https://www.flickr.com/photos/samualpedrete/4477792,https://c4.staticflickr.com/1/4/4477792_f42fe9206e_o.jpg,ok,https://c4.staticflickr.com/1/4/4477792_f42fe9206e_o.jpg,Building,data/raw/openimages/candidates/openimages-1b8d1d161bf4396b.jpg,0.6440994116273295,urban_street,1
https://www.flickr.com/people/democracychronicles/,1b8d8c6c0722b942,https://creativecommons.org/licenses/by/2.0/,https://www.flickr.com/photos/democracychronicles/14817269930/,https://farm3.staticflickr.com/3877/14817269930_e0b4324c02_o.jpg,missing,https://farm3.staticflickr.com/3877/14817269930_e0b4324c02_o.jpg,Building,,0.6866666699999999,urban_street,1
https://www.flickr.com/people/nrdcpix/,1bde6aa77c1a45fb,https://creativecommons.org/licenses/by/2.0/,https://www.flickr.com/photos/nrdcpix/6298080475,https://c4.staticflickr.com/7/6235/6298080475_7707d5d0b3_o.jpg,ok,https://c6.staticflickr.com/7/6235/6298080475_15f5b9584d_z.jpg,Building,data/raw/openimages/candidates/openimages-1bde6aa77c1a45fb.jpg,0.1546875,urban_street,1
https://www.flickr.com/people/marianne_oleary/,1d823ca1486d2cca,https://creativecommons.org/licenses/by/2.0/,https://www.flickr.com/photos/marianne_oleary/5626204574,https://c3.staticflickr.com/6/5268/5626204574_1a4ca1fa04_o.jpg,ok,https://c7.staticflickr.com/6/5268/5626204574_0e4263f539_z.jpg,Building,data/raw/openimages/candidates/openimages-1d823ca1486d2cca.jpg,0.377812487,urban_street,1
https://www.flickr.com/people/ssblan/,1ea0b813513a3a40,https://creativecommons.org/licenses/by/2.0/,https://www.flickr.com/photos/ssblan/5488321263,https://farm1.staticflickr.com/5017/5488321263_f561c9f5bc_o.jpg,ok,https://c6.staticflickr.com/6/5017/5488321263_73f9d8eafb_z.jpg,Building,data/raw/openimages/candidates/openimages-1ea0b813513a3a40.jpg,0.03919271125000001,urban_street,1
https://www.flickr.com/people/88206719@N00/,1f1c6b669606f32b,https://creativecommons.org/licenses/by/2.0/,https://www.flickr.com/photos/88206719@N00/14594567684,https://c4.staticflickr.com/6/5553/14594567684_b105cace33_o.jpg,missing,https://c7.staticflickr.com/6/5553/14594567684_850f2bdf38_z.jpg,Building,,1.0,urban_street,1
https://www.flickr.com/people/lunchtimemama/,1f1f96540bce9785,https://creativecommons.org/licenses/by/2.0/,https://www.flickr.com/photos/lunchtimemama/197480636,https://farm6.staticflickr.com/57/197480636_ebdaa82b11_o.jpg,missing,https://c8.staticflickr.com/1/57/197480636_ebdaa82b11_z.jpg,Building,,0.26451363116034116,urban_street,1
https://www.flickr.com/people/lauranazimiec/,1f696c27a67b35d1,https://creativecommons.org/licenses/by/2.0/,https://www.flickr.com/photos/lauranazimiec/6051133158,https://farm2.staticflickr.com/6187/6051133158_77702a8085_o.jpg,missing,https://c8.staticflickr.com/7/6187/6051133158_7a827dbe00_z.jpg,Building,,0.06998697851562498,urban_street,1
https://www.flickr.com/people/89931404@N02/,208da41aaf6b4725,https://creativecommons.org/licenses/by/2.0/,https://www.flickr.com/photos/89931404@N02/8210791946,https://farm6.staticflickr.com/8339/8210791946_cb49702ec2_o.jpg,missing,https://c3.staticflickr.com/9/8339/8210791946_5c8d64df16_z.jpg,Building,,0.48665716354939714,urban_street,1
https://www.flickr.com/people/rgourley/,212634d705f533da,https://creativecommons.org/licenses/by/2.0/,https://www.flickr.com/photos/rgourley/20001740,https://c3.staticflickr.com/1/15/20001740_5b6aea7193_o.jpg,missing,https://c3.staticflickr.com/1/15/20001740_5b6aea7193_o.jpg,Building,,0.3555999972,urban_street,1
https://www.flickr.com/people/mikebrice/,214f355fcd5f4a91,https://creativecommons.org/licenses/by/2.0/,https://www.flickr.com/photos/mikebrice/4958656919,https://farm2.staticflickr.com/4119/4958656919_9b42d6875d_o.jpg,missing,https://c2.staticflickr.com/5/4119/4958656919_a5aac08810_z.jpg,Building,,0.08812500749999999,urban_street,1
https://www.flickr.com/people/vsmithuk/,2171c3ebc8b784b2,https://creativecommons.org/licenses/by/2.0/,https://www.flickr.com/photos/vsmithuk/5253602797/,https://farm3.staticflickr.com/5007/5253602797_c5d8084e25_o.jpg,missing,https://c3.staticflickr.com/6/5007/5253602797_9ef7a1a758_z.jpg,Building,,0.23521261846256702,urban_street,1
https://www.flickr.com/people/usnavyresearch/,219148227805abb6,https://creativecommons.org/licenses/by/2.0/,https://www.flickr.com/photos/usnavyresearch/20941455002,https://farm7.staticflickr.com/5694/20941455002_8e9ca46f7b_o.jpg,missing,https://c2.staticflickr.com/6/5694/20941455002_c5c4753aa5_z.jpg,Building,,0.3277366811763923,urban_street,1
https://www.flickr.com/people/webgoddess/,219d48e224ce7575,https://creativecommons.org/licenses/by/2.0/,https://www.flickr.com/photos/webgoddess/3684811277,https://farm6.staticflickr.com/2457/3684811277_59bb3a3421_o.jpg,ok,https://c5.staticflickr.com/3/2457/3684811277_b4729c6261_z.jpg,Building,data/raw/openimages/candidates/openimages-219d48e224ce7575.jpg,0.390285759078125,urban_street,1
https://www.flickr.com/people/17fib/,21d0851a96ca6250,https://creativecommons.org/licenses/by/2.0/,https://www.flickr.com/photos/17fib/3962651462,https://farm1.staticflickr.com/3514/3962651462_e98f55bcf9_o.jpg,ok,https://c8.staticflickr.com/4/3514/3962651462_e404b4265c_z.jpg,Building,data/raw/openimages/candidates/openimages-21d0851a96ca6250.jpg,0.265357147830645,urban_street,1
https://www.flickr.com/people/nycmarines/,22ce7c96d1cfe0e2,https://creativecommons.org/licenses/by/2.0/,https://www.flickr.com/photos/nycmarines/3555995961,https://farm3.staticflickr.com/3620/3555995961_30afcbbfaf_o.jpg,ok,https://c6.staticflickr.com/4/3620/3555995961_ef635a64a1_z.jpg?zz=1,Building,data/raw/openimages/candidates/openimages-22ce7c96d1cfe0e2.jpg,0.33811128956578623,urban_street,1
https://www.flickr.com/people/timhettler/,22d48ef7a9a2e9a9,https://creativecommons.org/licenses/by/2.0/,https://www.flickr.com/photos/timhettler/6483926035,https://c2.staticflickr.com/8/7148/6483926035_02aebd2b23_o.jpg,missing,https://c6.staticflickr.com/8/7148/6483926035_bcd65bb30a_z.jpg,Building,,0.40289854468360037,urban_street,1
https://www.flickr.com/people/kojach/,235c87045206f042,https://creativecommons.org/licenses/by/2.0/,https://www.flickr.com/photos/kojach/4039636590,https://farm3.staticflickr.com/2501/4039636590_dd84e7a51a_o.jpg,missing,https://c6.staticflickr.com/3/2501/4039636590_1ef1e159a0_z.jpg,Building,,0.12085585271131752,urban_street,1
https://www.flickr.com/people/67333623@N04/,236bfb9d94aa652f,https://creativecommons.org/licenses/by/2.0/,https://www.flickr.com/photos/67333623@N04/6149682529,https://c8.staticflickr.com/7/6075/6149682529_acc78f8421_o.jpg,missing,https://c8.staticflickr.com/7/6075/6149682529_acc78f8421_o.jpg,Building,,0.04773437540624998,urban_street,1
https://www.flickr.com/people/carles_tomas/,23f93f485b7bf344,https://creativecommons.org/licenses/by/2.0/,https://www.flickr.com/photos/carles_tomas/4713457183,https://farm5.staticflickr.com/4031/4713457183_b3105da2ee_o.jpg,missing,https://c2.staticflickr.com/5/4031/4713457183_1b0ea29e5b_z.jpg,Building,,0.0529101320625,urban_street,1
https://www.flickr.com/people/sansebastian2016/,240d8a7566f1d197,https://creativecommons.org/licenses/by/2.0/,https://www.flickr.com/photos/sansebastian2016/3843348364,https://farm8.staticflickr.com/2538/3843348364_fe7aed2ec9_o.jpg,missing,https://c8.staticflickr.com/3/2538/3843348364_1aa55dd8e4_z.jpg,Building,,0.3139581453592297,urban_street,1
https://www.flickr.com/people/klovovi/,24186a6c14ae71d0,https://creativecommons.org/licenses/by/2.0/,https://www.flickr.com/photos/klovovi/7710851554,https://farm1.staticflickr.com/7250/7710851554_1b2732e586_o.jpg,missing,https://c4.staticflickr.com/8/7250/7710851554_dccb31425d_z.jpg,Building,,0.10220072532511838,urban_street,1
https://www.flickr.com/people/igemhq/,245864fdd2d7b6b8,https://creativecommons.org/licenses/by/2.0/,https://www.flickr.com/photos/igemhq/5165177826,https://c1.staticflickr.com/2/1314/5165177826_f202906621_o.jpg,missing,https://c7.staticflickr.com/2/1314/5165177826_fb40c57eb9_z.jpg,Building,,0.8849557640000001,urban_street,1
https://www.flickr.com/people/varintsai/,24b14dbf64eeced1,https://creativecommons.org/licenses/by/2.0/,https://www.flickr.com/photos/varintsai/4175133344,https://farm2.staticflickr.com/4048/4175133344_904c77f663_o.jpg,missing,https://c3.staticflickr.com/5/4048/4175133344_067015cfd3_z.jpg,Building,,0.0605763932003289,urban_street,1
https://www.flickr.com/people/75602249@N02/,263bde34e379b258,https://creativecommons.org/licenses/by/2.0/,https://www.flickr.com/photos/75602249@N02/8660197592,https://c1.staticflickr.com/9/8102/8660197592_977fb5644e_o.jpg,ok,https://c5.staticflickr.com/9/8102/8660197592_2f6d3fde40_z.jpg,Building,data/raw/openimages/candidates/openimages-263bde34e379b258.jpg,0.051700740582400005,urban_street,1
https://www.flickr.com/people/24801682@N08/,264afd5c62998e47,https://creativecommons.org/licenses/by/2.0/,https://www.flickr.com/photos/24801682@N08/2978799636,https://farm8.staticflickr.com/3152/2978799636_f4325491da_o.jpg,missing,https://c2.staticflickr.com/4/3152/2978799636_23298bfb67_z.jpg,Building,,0.56458333,urban_street,1
https://www.flickr.com/people/editor/,2651b2008da6d733,https://creativecommons.org/licenses/by/2.0/,https://www.flickr.com/photos/editor/6967743544,https://farm4.staticflickr.com/7081/6967743544_3abafd2669_o.jpg,ok,https://c3.staticflickr.com/8/7081/6967743544_01d2435cd8_z.jpg,Building,data/raw/openimages/candidates/openimages-2651b2008da6d733.jpg,0.09640061999999999,urban_street,1
https://www.flickr.com/people/tokuriki/,2652af185a59196c,https://creativecommons.org/licenses/by/2.0/,https://www.flickr.com/photos/tokuriki/66176756,https://c5.staticflickr.com/1/31/66176756_51eec9caca_o.jpg,ok,https://c4.staticflickr.com/1/31/66176756_51eec9caca_z.jpg?zz=1,Building,data/raw/openimages/candidates/openimages-2652af185a59196c.jpg,0.6421875,urban_street,1
https://www.flickr.com/people/cambodia4kidsorg/,26aadc8770bb2ee4,https://creativecommons.org/licenses/by/2.0/,https://www.flickr.com/photos/cambodia4kidsorg/8172585218,https://farm5.staticflickr.com/8070/8172585218_4d3a08bc52_o.jpg,missing,https://c3.staticflickr.com/9/8070/8172585218_d9f5820a1c_z.jpg,Building,,0.22291666999999998,urban_street,1
https://www.flickr.com/people/ajay_suresh/,27605b96ea85144d,https://creativecommons.org/licenses/by/2.0/,https://www.flickr.com/photos/ajay_suresh/14419068388,https://c6.staticflickr.com/6/5506/14419068388_6a9e3bfb12_o.jpg,missing,https://c1.staticflickr.com/6/5506/14419068388_4a249925c0_z.jpg,Building,,0.042812656336632,urban_street,1
https://www.flickr.com/people/52791489@N00/,283bd27e62649c60,https://creativecommons.org/licenses/by/2.0/,https://www.flickr.com/photos/52791489@N00/543253070,https://farm1.staticflickr.com/1411/543253070_93b8595607_o.jpg,missing,https://c3.staticflickr.com/2/1411/543253070_325835aed4_z.jpg,Building,,0.26914062499999997,urban_street,1
https://www.flickr.com/people/barolo/,283dafebe225590d,https://creativecommons.org/licenses/by/2.0/,https://www.flickr.com/photos/barolo/18539754166,https://c6.staticflickr.com/1/493/18539754166_68ee342984_o.jpg,ok,https://c1.staticflickr.com/1/493/18539754166_d7d07da13e_z.jpg,Building,data/raw/openimages/candidates/openimages-283dafebe225590d.jpg,0.58470703125,urban_street,1
https://www.flickr.com/people/eprater/,2876b84d5fb4a970,https://creativecommons.org/licenses/by/2.0/,https://www.flickr.com/photos/eprater/4020398480,https://farm1.staticflickr.com/2748/4020398480_d269670921_o.jpg,missing,https://c1.staticflickr.com/3/2748/4020398480_8543b9b608_z.jpg,Building,,0.039482260007564,urban_street,1
https://www.flickr.com/people/rosenfeldmedia/,289f1f28a9a9dc28,https://creativecommons.org/licenses/by/2.0/,https://www.flickr.com/photos/rosenfeldmedia/14457048816,https://c1.staticflickr.com/6/5522/14457048816_c00fcf1d90_o.jpg,missing,https://c7.staticflickr.com/6/5522/14457048816_5f1379bafa_z.jpg,Building,,0.051010615040000006,urban_street,1
https://www.flickr.com/people/bryanalexander/,28f45b12ee25ae19,https://creativecommons.org/licenses/by/2.0/,https://www.flickr.com/photos/bryanalexander/2158223442,https://c2.staticflickr.com/3/2387/2158223442_4f504dde16_o.jpg,missing,https://c2.staticflickr.com/3/2387/2158223442_4c39603fe6_z.jpg?zz=1,Building,,0.19678402656057606,urban_street,1
https://www.flickr.com/people/jamoral/,2a1dd6244c9d21b8,https://creativecommons.org/licenses/by/2.0/,https://www.flickr.com/photos/jamoral/16993547941,https://c1.staticflickr.com/8/7623/16993547941_c499aa4bcb_o.jpg,ok,https://c6.staticflickr.com/8/7623/16993547941_b78c41bf52_z.jpg,Building,data/raw/openimages/candidates/openimages-2a1dd6244c9d21b8.jpg,0.257341979076409,urban_street,1
https://www.flickr.com/people/affsum/,2a246355ed783ff0,https://creativecommons.org/licenses/by/2.0/,https://www.flickr.com/photos/affsum/4321471098,https://farm1.staticflickr.com/2691/4321471098_656fcbfe3e_o.jpg,ok,https://c5.staticflickr.com/3/2691/4321471098_51a87297c0_z.jpg,Building,data/raw/openimages/candidates/openimages-2a246355ed783ff0.jpg,1.0,urban_street,1
https://www.flickr.com/people/camay/,2a54514ac545b93b,https://creativecommons.org/licenses/by/2.0/,https://www.flickr.com/photos/camay/14794099720/,https://c4.staticflickr.com/4/3904/14794099720_b020369126_o.jpg,missing,https://c2.staticflickr.com/4/3904/14794099720_1ee8eba1c9_z.jpg,Building,,0.078286388125,urban_street,1
https://www.flickr.com/people/balladist/,2b28df0026212bdb,https://creativecommons.org/licenses/by/2.0/,https://www.flickr.com/photos/balladist/2357552957,https://c4.staticflickr.com/4/3263/2357552957_12fbb3d009_o.jpg,ok,https://c5.staticflickr.com/4/3263/2357552957_82d6e96676_z.jpg,Building,data/raw/openimages/candidates/openimages-2b28df0026212bdb.jpg,0.36712750000000005,urban_street,1
https://www.flickr.com/people/maurina/,2b3f752d363cb02a,https://creativecommons.org/licenses/by/2.0/,https://www.flickr.com/photos/maurina/8026647077,https://c3.staticflickr.com/9/8320/8026647077_a769ae0eb6_o.jpg,missing,https://c1.staticflickr.com/9/8320/8026647077_b4ff7c7b30_z.jpg,Building,,0.28761619452977344,urban_street,1
https://www.flickr.com/people/quinet/,2b7d4c36406a4395,https://creativecommons.org/licenses/by/2.0/,https://www.flickr.com/photos/quinet/8560668127,https://farm6.staticflickr.com/8526/8560668127_5d1028ae99_o.jpg,ok,https://c4.staticflickr.com/9/8526/8560668127_c2a7981fa9_z.jpg,Building,data/raw/openimages/candidates/openimages-2b7d4c36406a4395.jpg,0.10867187662499998,urban_street,1
https://www.flickr.com/people/bwchicago/,2b830ef5fcf52c86,https://creativecommons.org/licenses/by/2.0/,https://www.flickr.com/photos/bwchicago/2942822469,https://farm7.staticflickr.com/3066/2942822469_44bc16e8b9_o.jpg,missing,https://c2.staticflickr.com/4/3066/2942822469_4abf17a764_z.jpg?zz=1,Building,,0.48235931332247095,urban_street,1
https://www.flickr.com/people/lookstalbans/,2bb5c03726a06aec,https://creativecommons.org/licenses/by/2.0/,https://www.flickr.com/photos/lookstalbans/6921915925,https://c5.staticflickr.com/8/7050/6921915925_09ea775e9d_o.jpg,missing,https://c4.staticflickr.com/8/7050/6921915925_0fcc104a3c_z.jpg,Building,,0.772317705046875,urban_street,1
https://www.flickr.com/people/buyalex/,2c0dc013d7bc94c0,https://creativecommons.org/licenses/by/2.0/,https://www.flickr.com/photos/buyalex/12864824563,https://farm1.staticflickr.com/7291/12864824563_1602026d6c_o.jpg,missing,https://c6.staticflickr.com/8/7291/12864824563_8a0f1fcb50_z.jpg,Building,,0.12987593435396005,urban_street,1
https://www.flickr.com/people/usaidethiopia/,2d22708883788e8b,https://creativecommons.org/licenses/by/2.0/,https://www.flickr.com/photos/usaidethiopia/9499579359,https://c4.staticflickr.com/4/3824/9499579359_5ab24e6faa_o.jpg,missing,https://c3.staticflickr.com/4/3824/9499579359_6a95b305a6_z.jpg,Building,,0.0467762263245989,urban_street,1
https://www.flickr.com/people/aleksipihkanen/,2d7f5b9baff2efd5,https://creativecommons.org/licenses/by/2.0/,https://www.flickr.com/photos/aleksipihkanen/4703962956,https://farm6.staticflickr.com/4015/4703962956_a28e6ceb2a_o.jpg,missing,https://c2.staticflickr.com/5/4015/4703962956_1771a7098f_z.jpg,Building,,0.04576823015625,urban_street,1
https://www.flickr.com/people/ancientartpodcast/,2efcdc1cb1c8fe09,https://creativecommons.org/licenses/by/2.0/,https://www.flickr.com/photos/ancientartpodcast/9222256275,https://c2.staticflickr.com/3/2817/9222256275_d3b03ddc3a_o.jpg,missing,https://c6.staticflickr.com/3/2817/9222256275_95ded9e591_z.jpg,Building,,0.77212393,urban_street,1
https://www.flickr.com/people/afightingfaith/,308036688883a605,https://creativecommons.org/licenses/by/2.0/,https://www.flickr.com/photos/afightingfaith/358025023,https://farm6.staticflickr.com/158/358025023_01afad9d5e_o.jpg,ok,https://c6.staticflickr.com/1/158/358025023_01afad9d5e_z.jpg?zz=1,Building,data/raw/openimages/candidates/openimages-308036688883a605.jpg,0.10641059456990998,urban_street,1
https://www.flickr.com/people/abrasnet/,30d9376eb583ad53,https://creativecommons.org/licenses/by/2.0/,https://www.flickr.com/photos/abrasnet/5450707085,https://farm4.staticflickr.com/5058/5450707085_253e452f00_o.jpg,missing,https://c8.staticflickr.com/6/5058/5450707085_ebb36ca8b7_z.jpg,Building,,0.04055990046874999,urban_street,1
https://www.flickr.com/people/szene/,30dc8f6e837f7b47,https://creativecommons.org/licenses/by/2.0/,https://www.flickr.com/photos/szene/3624977549,https://farm8.staticflickr.com/3334/3624977549_4f92f14b94_o.jpg,ok,https://c8.staticflickr.com/4/3334/3624977549_125e43d149_z.jpg,Building,data/raw/openimages/candidates/openimages-30dc8f6e837f7b47.jpg,0.046988797227659994,urban_street,1
https://www.flickr.com/people/democratparty/,318e12be63daa7bb,https://creativecommons.org/licenses/by/2.0/,https://www.flickr.com/photos/democratparty/8008210041,https://c4.staticflickr.com/9/8311/8008210041_4229f4f171_o.jpg,ok,https://c7.staticflickr.com/9/8311/8008210041_a0bf137b1f_z.jpg,Building,data/raw/openimages/candidates/openimages-318e12be63daa7bb.jpg,0.24631268,urban_street,1
https://www.flickr.com/people/scobleizer/,3297cd4765b3f3ed,https://creativecommons.org/licenses/by/2.0/,https://www.flickr.com/photos/scobleizer/2443868076,https://c6.staticflickr.com/3/2253/2443868076_6a41b1e1db_o.jpg,missing,https://c5.staticflickr.com/3/2253/2443868076_efef0fdba3_z.jpg,Building,,0.12659565765917438,urban_street,1
https://www.flickr.com/people/savannahcorps/,33cbc33de610bd49,https://creativecommons.org/licenses/by/2.0/,https://www.flickr.com/photos/savannahcorps/6806693341,https://c2.staticflickr.com/8/7148/6806693341_2e9909ce55_o.jpg,missing,https://c8.staticflickr.com/8/7148/6806693341_7b79a79bd1_z.jpg,Building,,0.3473100120647748,urban_street,1
https://www.flickr.com/people/ivanwalsh/,34c25b0c6f2d0465,https://creativecommons.org/licenses/by/2.0/,https://www.flickr.com/photos/ivanwalsh/3791082422,https://farm6.staticflickr.com/2644/3791082422_f785726d03_o.jpg,ok,https://c5.staticflickr.com/3/2644/3791082422_c751e0159b_z.jpg?zz=1,Building,data/raw/openimages/candidates/openimages-34c25b0c6f2d0465.jpg,0.4711191,urban_street,1
https://www.flickr.com/people/cuss/,351b5737a1ab2885,https://creativecommons.org/licenses/by/2.0/,https://www.flickr.com/photos/cuss/8576642728,https://farm6.staticflickr.com/8512/8576642728_9a92611c33_o.jpg,missing,https://c7.staticflickr.com/9/8512/8576642728_ace05dcea6_z.jpg,Building,,0.03682747416124981,urban_street,1
https://www.flickr.com/people/bgsulib67/,356ee35811299b3e,https://creativecommons.org/licenses/by/2.0/,https://www.flickr.com/photos/bgsulib67/6937932892,https://c7.staticflickr.com/8/7261/6937932892_f02d398624_o.jpg,missing,https://c8.staticflickr.com/8/7261/6937932892_2fba48b08f_z.jpg,Building,,0.1763671740625,urban_street,1
https://www.flickr.com/people/terry_wha/,35eb0cbe35015800,https://creativecommons.org/licenses/by/2.0/,https://www.flickr.com/photos/terry_wha/492632766,https://farm1.staticflickr.com/190/492632766_ff08272abd_o.jpg,missing,https://c5.staticflickr.com/1/190/492632766_2fd93ae6cd_z.jpg,Building,,1.0,urban_street,1
https://www.flickr.com/people/mbellphotos/,370affc51c3f109a,https://creativecommons.org/licenses/by/2.0/,https://www.flickr.com/photos/mbellphotos/15627557169,https://c3.staticflickr.com/6/5605/15627557169_424e2cdeb4_o.jpg,missing,https://c1.staticflickr.com/6/5605/15627557169_e9270acc1f_z.jpg,Building,,0.779716537055132,urban_street,1
https://www.flickr.com/people/m0g/,373c26ce480f8d29,https://creativecommons.org/licenses/by/2.0/,https://www.flickr.com/photos/m0g/18669617612,https://c2.staticflickr.com/1/258/18669617612_fbb14c434b_o.jpg,ok,https://c2.staticflickr.com/1/258/18669617612_9c3ffe94aa_z.jpg,Building,data/raw/openimages/candidates/openimages-373c26ce480f8d29.jpg,0.33002072840821994,urban_street,1
https://www.flickr.com/people/eviltomthai/,37ded0c6e3d86199,https://creativecommons.org/licenses/by/2.0/,https://www.flickr.com/photos/eviltomthai/3580372708,https://c2.staticflickr.com/4/3592/3580372708_20a8347bdd_o.jpg,missing,https://c5.staticflickr.com/4/3592/3580372708_57a8461f62_z.jpg,Building,,0.5520662060121647,urban_street,1
https://www.flickr.com/people/luigimengato/,384c40047ff7c36f,https://creativecommons.org/licenses/by/2.0/,https://www.flickr.com/photos/luigimengato/4987649510,https://c8.staticflickr.com/5/4129/4987649510_55decb0cae_o.jpg,missing,https://c6.staticflickr.com/5/4129/4987649510_6892e8698d_z.jpg,Building,,0.17759808326728801,urban_street,1
https://www.flickr.com/people/109986077@N03/,38d02a4c6d76b188,https://creativecommons.org/licenses/by/2.0/,https://www.flickr.com/photos/109986077@N03/13041946733,https://c1.staticflickr.com/4/3239/13041946733_1d2ff6b106_o.jpg,missing,https://c2.staticflickr.com/4/3239/13041946733_759ee7cbc2_z.jpg,Building,,0.052200524000000005,urban_street,1
https://www.flickr.com/people/midorisyu/,398447093423a34d,https://creativecommons.org/licenses/by/2.0/,https://www.flickr.com/photos/midorisyu/2953221254,https://c6.staticflickr.com/4/3152/2953221254_be503e6614_o.jpg,missing,https://c4.staticflickr.com/4/3152/2953221254_16e06bd776_z.jpg?zz=1,Building,,0.2576488515143409,urban_street,1
https://www.flickr.com/people/etwood/,39bd30d526975082,https://creativecommons.org/licenses/by/2.0/,https://www.flickr.com/photos/etwood/5607028600,https://farm3.staticflickr.com/5224/5607028600_dc3fd70489_o.jpg,missing,https://c5.staticflickr.com/6/5224/5607028600_99facaa798_z.jpg,Building,,0.398190080125,urban_street,1
https://www.flickr.com/people/dierkschaefer/,3a45b076fd024920,https://creativecommons.org/licenses/by/2.0/,https://www.flickr.com/photos/dierkschaefer/11157108065,https://farm1.staticflickr.com/3740/11157108065_8360d4ea3e_o.jpg,ok,https://c6.staticflickr.com/4/3740/11157108065_5396cdfb78_z.jpg,Building,data/raw/openimages/candidates/openimages-3a45b076fd024920.jpg,0.09310547584375001,urban_street,1
https://www.flickr.com/people/jovemrural/,3a5088be16cb1d1b,https://creativecommons.org/licenses/by/2.0/,https://www.flickr.com/photos/jovemrural/6419683031,https://c4.staticflickr.com/8/7148/6419683031_087f4607c3_o.jpg,missing,https://c6.staticflickr.com/8/7148/6419683031_0e71da0cc5_z.jpg,Building,,0.895833336,urban_street,1
https://www.flickr.com/people/nostri-imago/,3c11db8fd0e9bc8d,https://creativecommons.org/licenses/by/2.0/,https://www.flickr.com/photos/nostri-imago/5633178255,https://c6.staticflickr.com/6/5189/5633178255_84358cbec0_o.jpg,ok,https://c1.staticflickr.com/6/5189/5633178255_836e5a466e_z.jpg,Building,data/raw/openimages/candidates/openimages-3c11db8fd0e9bc8d.jpg,0.911504425,urban_street,1
https://www.flickr.com/people/ocarchives/,3c9d7e3daa57dbbc,https://creativecommons.org/licenses/by/2.0/,https://www.flickr.com/photos/ocarchives/3008519168,https://c5.staticflickr.com/4/3140/3008519168_6b1650d372_o.jpg,missing,https://c4.staticflickr.com/4/3140/3008519168_dcc706fda9_z.jpg,Building,,0.22314700217014566,urban_street,1
https://www.flickr.com/people/eliazar/,3cb88e69f16e2d00,https://creativecommons.org/licenses/by/2.0/,https://www.flickr.com/photos/eliazar/115587090,https://farm1.staticflickr.com/45/115587090_dc807d1fbf_o.jpg,missing,https://c8.staticflickr.com/1/45/115587090_dc807d1fbf_z.jpg,Building,,0.0722623665,urban_street,1
https://www.flickr.com/people/aforum/,3ce9353aae8238b1,https://creativecommons.org/licenses/by/2.0/,https://www.flickr.com/photos/aforum/14281643236,https://farm2.staticflickr.com/5115/14281643236_9337c22661_o.jpg,missing,https://c4.staticflickr.com/6/5115/14281643236_af075fc58b_z.jpg,Building,,0.2568659,urban_street,1
https://www.flickr.com/people/binaryape/,3cf84110ea52ff43,https://creativecommons.org/licenses/by/2.0/,https://www.flickr.com/photos/binaryape/4934969389,https://farm4.staticflickr.com/4122/4934969389_1bb9f8a069_o.jpg,missing,https://c3.staticflickr.com/5/4122/4934969389_5e43810b78_z.jpg,Building,,0.96736597,urban_street,1
https://www.flickr.com/people/enixii/,3e49a1c1b227ea28,https://creativecommons.org/licenses/by/2.0/,https://www.flickr.com/photos/enixii/497367896,https://c1.staticflickr.com/1/197/497367896_8fcba0aa5c_o.jpg,missing,https://c5.staticflickr.com/1/197/497367896_53e2b9a22c_z.jpg,Building,,0.13227538992187501,urban_street,1
https://www.flickr.com/people/convergenciademocratica/,3feda4a7beb2af02,https://creativecommons.org/licenses/by/2.0/,https://www.flickr.com/photos/convergenciademocratica/5125920606,https://farm3.staticflickr.com/4009/5125920606_7e4f7cd447_o.jpg,missing,https://c2.staticflickr.com/5/4009/5125920606_fe158f88aa_z.jpg,Building,,0.13254883425000002,urban_street,1
https://www.flickr.com/people/pierretran/,4082e55b75462ecc,https://creativecommons.org/licenses/by/2.0/,https://www.flickr.com/photos/pierretran/9541955503,https://c5.staticflickr.com/8/7333/9541955503_4d4aca51e0_o.jpg,missing,https://c4.staticflickr.com/8/7333/9541955503_7fda495459_z.jpg,Building,,0.035722654312500005,urban_street,1
https://www.flickr.com/people/jdickert/,4227bf79c7da30af,https://creativecommons.org/licenses/by/2.0/,https://www.flickr.com/photos/jdickert/6347727087,https://c8.staticflickr.com/7/6092/6347727087_7c01009d06_o.jpg,missing,https://c8.staticflickr.com/7/6092/6347727087_7bf2ffabf6_z.jpg,Building,,0.031572533825670004,urban_street,1
https://www.flickr.com/people/gtzecosan/,4326d686f74f768e,https://creativecommons.org/licenses/by/2.0/,https://www.flickr.com/photos/gtzecosan/15155077973,https://c7.staticflickr.com/9/8139/15155077973_fc13634bf3_o.jpg,missing,https://c6.staticflickr.com/9/8139/15155077973_53e8fd9243_z.jpg,Building,,0.50625,urban_street,1
https://www.flickr.com/people/ndrwfgg/,4408714705288ba1,https://creativecommons.org/licenses/by/2.0/,https://www.flickr.com/photos/ndrwfgg/14372827479,https://farm2.staticflickr.com/2927/14372827479_f85a3001d6_o.jpg,ok,https://c7.staticflickr.com/3/2927/14372827479_e58a85b2f6_z.jpg,Building,data/raw/openimages/candidates/openimages-4408714705288ba1.jpg,0.09582676735699301,urban_street,1
https://www.flickr.com/people/senchang/,453e31dffb6a9cb0,https://creativecommons.org/licenses/by/2.0/,https://www.flickr.com/photos/senchang/5011313452,https://farm1.staticflickr.com/4104/5011313452_b647170c25_o.jpg,missing,https://c2.staticflickr.com/5/4104/5011313452_1c54596b98_z.jpg,Building,,0.6443372277779846,urban_street,1
https://www.flickr.com/people/sebrenner/,454a2e427283ae9c,https://creativecommons.org/licenses/by/2.0/,https://www.flickr.com/photos/sebrenner/15805859125,https://c5.staticflickr.com/9/8576/15805859125_5fc77cb802_o.jpg,missing,https://c5.staticflickr.com/9/8576/15805859125_dc654c8db2_z.jpg,Building,,0.1873678366222884,urban_street,1
https://www.flickr.com/people/armymedicine/,459fcb3e0e5c299a,https://creativecommons.org/licenses/by/2.0/,https://www.flickr.com/photos/armymedicine/8959036097,https://c3.staticflickr.com/8/7330/8959036097_d1832a2ecb_o.jpg,missing,https://c5.staticflickr.com/8/7330/8959036097_c2fcb98c8d_z.jpg,Building,,0.5612588681924,urban_street,1
https://www.flickr.com/people/wohlford/,45f1791c2638d0df,https://creativecommons.org/licenses/by/2.0/,https://www.flickr.com/photos/wohlford/3474771251,https://c8.staticflickr.com/4/3570/3474771251_7e1e13ed11_o.jpg,missing,https://c3.staticflickr.com/4/3570/3474771251_14226c1b2d_z.jpg,Building,,0.7278761,urban_street,1
https://www.flickr.com/people/ananelson/,4646c50197646a42,https://creativecommons.org/licenses/by/2.0/,https://www.flickr.com/photos/ananelson/5355733411,https://farm3.staticflickr.com/5081/5355733411_40b63298ff_o.jpg,missing,https://c4.staticflickr.com/6/5081/5355733411_8167ed3a77_z.jpg,Building,,0.09794811960319602,urban_street,1
https://www.flickr.com/people/workshop/,46b3ee69cede9f7c,https://creativecommons.org/licenses/by/2.0/,https://www.flickr.com/photos/workshop/7195722208,https://c5.staticflickr.com/8/7244/7195722208_5f17454c84_o.jpg,ok,https://c7.staticflickr.com/8/7244/7195722208_910edac83d_z.jpg,Building,data/raw/openimages/candidates/openimages-46b3ee69cede9f7c.jpg,0.08669433347795442,urban_street,1
https://www.flickr.com/people/tedxmonterey/,46ce1945896c6bed,https://creativecommons.org/licenses/by/2.0/,https://www.flickr.com/photos/tedxmonterey/4626946683/,https://c6.staticflickr.com/5/4022/4626946683_fe5ec6d112_o.jpg,ok,https://c7.staticflickr.com/5/4022/4626946683_5cb438b35d_z.jpg,Building,data/raw/openimages/candidates/openimages-46ce1945896c6bed.jpg,0.3140517525250887,urban_street,1
https://www.flickr.com/people/sot6fc/,46e110eb8c572963,https://creativecommons.org/licenses/by/2.0/,https://www.flickr.com/photos/sot6fc/7141986919,https://farm4.staticflickr.com/7219/7141986919_9dc3f7d843_o.jpg,missing,https://farm4.staticflickr.com/7219/7141986919_9dc3f7d843_o.jpg,Building,,0.29822580555,urban_street,1
https://www.flickr.com/people/dsyzdek/,47925ef1fab2a442,https://creativecommons.org/licenses/by/2.0/,https://www.flickr.com/photos/dsyzdek/419689009,https://farm3.staticflickr.com/163/419689009_32d04a8893_o.jpg,missing,https://c4.staticflickr.com/1/163/419689009_fad0c3366d_z.jpg?zz=1,Building,,0.9552692726627118,urban_street,1
https://www.flickr.com/people/jurvetson/,47db57ab4d11c482,https://creativecommons.org/licenses/by/2.0/,https://www.flickr.com/photos/jurvetson/4261149290,https://farm3.staticflickr.com/2620/4261149290_29cb22b3c7_o.jpg,missing,https://c8.staticflickr.com/3/2620/4261149290_39c414881b_z.jpg,Building,,0.032915530246474804,urban_street,1
https://www.flickr.com/people/cezzie901/,48bd83368a70defc,https://creativecommons.org/licenses/by/2.0/,https://www.flickr.com/photos/cezzie901/14963871812,https://c5.staticflickr.com/4/3852/14963871812_67d5a1c539_o.jpg,ok,https://c8.staticflickr.com/4/3852/14963871812_76a3ef33ab_z.jpg,Building,data/raw/openimages/candidates/openimages-48bd83368a70defc.jpg,0.09699853143981665,urban_street,1
https://www.flickr.com/people/46751514@N06/,48ecc2c089a88115,https://creativecommons.org/licenses/by/2.0/,https://www.flickr.com/photos/46751514@N06/4307582471,https://farm6.staticflickr.com/4055/4307582471_7fe457c838_o.jpg,missing,https://c7.staticflickr.com/5/4055/4307582471_7ebe452338_z.jpg?zz=1,Building,,0.8643002808757538,urban_street,1
https://www.flickr.com/people/39908901@N06/,48fbe1a3076cdfa0,https://creativecommons.org/licenses/by/2.0/,https://www.flickr.com/photos/39908901@N06/7565360456,https://farm1.staticflickr.com/8144/7565360456_6139d3ea2f_o.jpg,missing,https://c5.staticflickr.com/9/8144/7565360456_a3f1fe084d_z.jpg,Building,,0.32209189310609027,urban_street,1
https://www.flickr.com/people/kengz/,491b8785879a5af3,https://creativecommons.org/licenses/by/2.0/,https://www.flickr.com/photos/kengz/180835846,https://farm4.staticflickr.com/78/180835846_5d5bc6e0a0_o.jpg,missing,https://c5.staticflickr.com/1/78/180835846_5d5bc6e0a0_z.jpg,Building,,0.12706555513587597,urban_street,1
https://www.flickr.com/people/stjnoticias/,492f70b667f9c179,https://creativecommons.org/licenses/by/2.0/,https://www.flickr.com/photos/stjnoticias/7902901448,https://c2.staticflickr.com/9/8447/7902901448_0d1226aa75_o.jpg,missing,https://c3.staticflickr.com/9/8447/7902901448_70a31a3259_z.jpg,Building,,0.73614192,urban_street,1
https://www.flickr.com/people/extra_chrisb/,4a8a66861e06950b,https://creativecommons.org/licenses/by/2.0/,https://www.flickr.com/photos/extra_chrisb/6261457653,https://c4.staticflickr.com/7/6154/6261457653_9b26b14b71_o.jpg,ok,https://c6.staticflickr.com/7/6154/6261457653_b342bbeb30_z.jpg,Building,data/raw/openimages/candidates/openimages-4a8a66861e06950b.jpg,0.12894205431250003,urban_street,1
https://www.flickr.com/people/snibbe/,4ba66f4945d0fbab,https://creativecommons.org/licenses/by/2.0/,https://www.flickr.com/photos/snibbe/15017858618,https://c4.staticflickr.com/4/3865/15017858618_8e1954c6f0_o.jpg,missing,https://c5.staticflickr.com/4/3865/15017858618_6f7a548a68_z.jpg,Building,,0.83844397921875,urban_street,1
https://www.flickr.com/people/nojofoto/,4bab2a5588f80c89,https://creativecommons.org/licenses/by/2.0/,https://www.flickr.com/photos/nojofoto/6934329748,https://c2.staticflickr.com/8/7236/6934329748_864080ca50_o.jpg,missing,https://c6.staticflickr.com/8/7236/6934329748_62d3196e06_z.jpg,Building,,0.033577413855953205,urban_street,1
https://www.flickr.com/people/kachkaev/,4cc5578f7628abdc,https://creativecommons.org/licenses/by/2.0/,https://www.flickr.com/photos/kachkaev/7202370714,https://c5.staticflickr.com/6/5462/7202370714_429c07e9a3_o.jpg,missing,https://c8.staticflickr.com/6/5462/7202370714_33ff90658b_z.jpg,Building,,0.9317040449807454,urban_street,1
https://www.flickr.com/people/mellis/,4d0180f8f03f1540,https://creativecommons.org/licenses/by/2.0/,https://www.flickr.com/photos/mellis/1170753,https://farm1.staticflickr.com/1/1170753_6f5816d562_o.jpg,missing,https://c8.staticflickr.com/1/1/1170753_6f5816d562_z.jpg?zz=1,Building,,0.377083338,urban_street,1
https://www.flickr.com/people/london/,4e23d4bdb2acd6ec,https://creativecommons.org/licenses/by/2.0/,https://www.flickr.com/photos/london/4969546962,https://c5.staticflickr.com/5/4149/4969546962_479b9389bb_o.jpg,missing,https://c6.staticflickr.com/5/4149/4969546962_505a033c13_z.jpg,Building,,0.06278030113764001,urban_street,1
https://www.flickr.com/people/nikunoki/,4e24222b68123ef3,https://creativecommons.org/licenses/by/2.0/,https://www.flickr.com/photos/nikunoki/8034306523,https://farm4.staticflickr.com/8310/8034306523_a0358da43f_o.jpg,ok,https://c4.staticflickr.com/9/8310/8034306523_f6fd8fe6a4_z.jpg,Building,data/raw/openimages/candidates/openimages-4e24222b68123ef3.jpg,0.058652345812499986,urban_street,1
https://www.flickr.com/people/toasty/,4eba7c4cf06ce3b2,https://creativecommons.org/licenses/by/2.0/,https://www.flickr.com/photos/toasty/1125019024,https://farm3.staticflickr.com/1022/1125019024_356243621e_o.jpg,missing,https://c7.staticflickr.com/2/1022/1125019024_78380c1372_z.jpg,Building,,0.39223279670921996,urban_street,1
https://www.flickr.com/people/dvids/,4ec638ef9280115d,https://creativecommons.org/licenses/by/2.0/,https://www.flickr.com/photos/dvids/12679123553,https://c6.staticflickr.com/3/2821/12679123553_8d60140961_o.jpg,missing,https://c3.staticflickr.com/3/2821/12679123553_bfb536e305_z.jpg,Building,,0.18157589360986193,urban_street,1
https://www.flickr.com/people/stevan/,4f18e4118b78d834,https://creativecommons.org/licenses/by/2.0/,https://www.flickr.com/photos/stevan/134216684,https://farm5.staticflickr.com/53/134216684_3cf929d297_o.jpg,missing,https://c2.staticflickr.com/1/53/134216684_3cf929d297_z.jpg,Building,,0.5414796450637501,urban_street,1
https://www.flickr.com/people/taniasaiz/,500f794d1a13efcb,https://creativecommons.org/licenses/by/2.0/,https://www.flickr.com/photos/taniasaiz/4546706291,https://c4.staticflickr.com/5/4022/4546706291_f142f5c7c6_o.jpg,missing,https://c7.staticflickr.com/5/4022/4546706291_07d151b425_z.jpg?zz=1,Building,,0.79091796875,urban_street,1
https://www.flickr.com/people/lenore-m/,50be32467b8a322a,https://creativecommons.org/licenses/by/2.0/,https://www.flickr.com/photos/lenore-m/432958406,https://c3.staticflickr.com/1/186/432958406_763c54c773_o.jpg,missing,https://c3.staticflickr.com/1/186/432958406_5389c5283f_z.jpg?zz=1,Building,,0.14538409175,urban_street,1
https://www.flickr.com/people/nationaleyeinstitute/,51275bdec3a7d1b9,https://creativecommons.org/licenses/by/2.0/,https://www.flickr.com/photos/nationaleyeinstitute/9955278615,https://c2.staticflickr.com/4/3780/9955278615_5675996300_o.jpg,missing,https://c1.staticflickr.com/4/3780/9955278615_c5356cdffd_z.jpg,Building,,0.21680439700607343,urban_street,1
https://www.flickr.com/people/seneweb/,5183a3521e080caa,https://creativecommons.org/licenses/by/2.0/,https://www.flickr.com/photos/seneweb/5540326987,https://c3.staticflickr.com/6/5058/5540326987_3d6d698d56_o.jpg,missing,https://c7.staticflickr.com/6/5058/5540326987_2f2f64d57a_z.jpg,Building,,0.11807853326232251,urban_street,1
https://www.flickr.com/people/snotch/,51d93439435b2c0f,https://creativecommons.org/licenses/by/2.0/,https://www.flickr.com/photos/snotch/5213303218,https://c8.staticflickr.com/6/5041/5213303218_2b57bcaf0a_o.jpg,ok,https://c3.staticflickr.com/6/5041/5213303218_ae9e659937_z.jpg,Building,data/raw/openimages/candidates/openimages-51d93439435b2c0f.jpg,0.15611978031250004,urban_street,1
https://www.flickr.com/people/gobiernodechile/,5234cd775326645a,https://creativecommons.org/licenses/by/2.0/,https://www.flickr.com/photos/gobiernodechile/15584659682,https://c3.staticflickr.com/4/3945/15584659682_82140274ed_o.jpg,missing,https://c2.staticflickr.com/4/3945/15584659682_7298344fa8_z.jpg,Building,,0.80316742,urban_street,1
https://www.flickr.com/people/131934348@N08/,52ceb1fc30b413e5,https://creativecommons.org/licenses/by/2.0/,https://www.flickr.com/photos/131934348@N08/19453925159,https://farm6.staticflickr.com/368/19453925159_f51d9ef5e6_o.jpg,missing,https://c1.staticflickr.com/1/368/19453925159_211459db99_z.jpg,Building,,0.534661460375,urban_street,1
https://www.flickr.com/people/newton/,537a45ec5e896808,https://creativecommons.org/licenses/by/2.0/,https://www.flickr.com/photos/newton/5109940330,https://c1.staticflickr.com/5/4144/5109940330_45a14eb359_o.jpg,missing,https://c1.staticflickr.com/5/4144/5109940330_3725aba696_z.jpg,Building,,0.16310422187593493,urban_street,1
https://www.flickr.com/people/86223174@N03/,53a458c6798eac91,https://creativecommons.org/licenses/by/2.0/,https://www.flickr.com/photos/86223174@N03/15408759636/,https://farm2.staticflickr.com/3927/15408759636_61cbb1cf85_o.jpg,missing,https://c4.staticflickr.com/4/3927/15408759636_4701ef7ab5_z.jpg,Building,,0.7680939493067195,urban_street,1
https://www.flickr.com/people/soldiersmediacenter/,53ef106e9a7ec9a6,https://creativecommons.org/licenses/by/2.0/,https://www.flickr.com/photos/soldiersmediacenter/3697626917,https://farm7.staticflickr.com/2619/3697626917_3c926cac47_o.jpg,missing,https://c6.staticflickr.com/3/2619/3697626917_fb8051350d_z.jpg,Building,,0.973782772,urban_street,1
https://www.flickr.com/people/greggjerdingen/,55a3a410d1d40972,https://creativecommons.org/licenses/by/2.0/,https://www.flickr.com/photos/greggjerdingen/7188369793,https://farm3.staticflickr.com/7076/7188369793_c71f167d3a_o.jpg,missing,https://c2.staticflickr.com/8/7076/7188369793_fc71a39aa3_z.jpg,Building,,0.28741189117312,urban_street,1
https://www.flickr.com/people/munimiraflores/,55f167e55cd2019c,https://creativecommons.org/licenses/by/2.0/,https://www.flickr.com/photos/munimiraflores/15236330259,https://c5.staticflickr.com/6/5600/15236330259_a5a2ef6526_o.jpg,ok,https://c7.staticflickr.com/6/5600/15236330259_95168a8ba2_z.jpg,Building,data/raw/openimages/candidates/openimages-55f167e55cd2019c.jpg,0.93952805,urban_street,1
https://www.flickr.com/people/77474698@N07/,56a96142277e2b3b,https://creativecommons.org/licenses/by/2.0/,https://www.flickr.com/photos/77474698@N07/18715420911,https://c4.staticflickr.com/1/487/18715420911_5f075d2922_o.jpg,missing,https://c6.staticflickr.com/1/487/18715420911_3be729e52f_z.jpg,Building,,0.23594367340717737,urban_street,1
https://www.flickr.com/people/12567713@N00/,577aa0124e4d6a6f,https://creativecommons.org/licenses/by/2.0/,https://www.flickr.com/photos/12567713@N00/30544227,https://c8.staticflickr.com/1/23/30544227_6da5c2a9a3_o.jpg,missing,https://c7.staticflickr.com/1/23/30544227_6da5c2a9a3_z.jpg,Building,,0.32715761280253286,urban_street,1
https://www.flickr.com/people/stevendepolo/,5838182af71714c6,https://creativecommons.org/licenses/by/2.0/,https://www.flickr.com/photos/stevendepolo/9237411956,https://farm7.staticflickr.com/2834/9237411956_fbc3142e27_o.jpg,ok,https://c8.staticflickr.com/3/2834/9237411956_7309318074_z.jpg,Building,data/raw/openimages/candidates/openimages-5838182af71714c6.jpg,0.159521476640625,urban_street,1
https://www.flickr.com/people/sebastianh/,5855a85994c60eac,https://creativecommons.org/licenses/by/2.0/,https://www.flickr.com/photos/sebastianh/2113797962,https://c5.staticflickr.com/3/2213/2113797962_b4b712790c_o.jpg,missing,https://c6.staticflickr.com/3/2213/2113797962_17dcdd8f97_z.jpg?zz=1,Building,,0.13845703204687504,urban_street,1
https://www.flickr.com/people/eepaul/,58f2c7f6eb1094b5,https://creativecommons.org/licenses/by/2.0/,https://www.flickr.com/photos/eepaul/6860536694,https://farm6.staticflickr.com/7132/6860536694_b11eee38bf_o.jpg,missing,https://c6.staticflickr.com/8/7132/6860536694_0422e95b7f_z.jpg,Building,,0.10695171966624842,urban_street,1
https://www.flickr.com/people/komunews/,5a2c3cda2ce18ae5,https://creativecommons.org/licenses/by/2.0/,https://www.flickr.com/photos/komunews/2114826902,https://farm6.staticflickr.com/2158/2114826902_a553b8b6bc_o.jpg,missing,https://c2.staticflickr.com/3/2158/2114826902_c4cf6ba74c_z.jpg,Building,,0.34273117987499996,urban_street,1
https://www.flickr.com/people/hugo90/,5abf97fa68fd10fe,https://creativecommons.org/licenses/by/2.0/,https://www.flickr.com/photos/hugo90/5648783410,https://c7.staticflickr.com/6/5029/5648783410_27f5b2920b_o.jpg,missing,https://c3.staticflickr.com/6/5029/5648783410_a7e8b5b373_z.jpg,Building,,0.04563252898968004,urban_street,1
https://www.flickr.com/people/medeamalmo/,5c0664fa34181d32,https://creativecommons.org/licenses/by/2.0/,https://www.flickr.com/photos/medeamalmo/9300093530,https://farm3.staticflickr.com/3773/9300093530_36aae7f911_o.jpg,missing,https://c7.staticflickr.com/4/3773/9300093530_b1c8e72e22_z.jpg,Building,,0.361124139148913,urban_street,1
https://www.flickr.com/people/davehamster/,5c321733e2693a5d,https://creativecommons.org/licenses/by/2.0/,https://www.flickr.com/photos/davehamster/8083401066,https://c6.staticflickr.com/9/8190/8083401066_a0407ac21e_o.jpg,missing,https://c4.staticflickr.com/9/8190/8083401066_6437a6fb09_z.jpg,Building,,0.08542782975747361,urban_street,1
https://www.flickr.com/people/socialtradersau/,5ddad4c882eed25b,https://creativecommons.org/licenses/by/2.0/,https://www.flickr.com/photos/socialtradersau/7306544796,https://c4.staticflickr.com/8/7235/7306544796_9cda38efb8_o.jpg,missing,https://c2.staticflickr.com/8/7235/7306544796_f9761f9425_z.jpg,Building,,0.5978408538773945,urban_street,1
