ImageID,scene_hint,scene_score,label_evidence,person_box_area,image_url,OriginalURL,OriginalLandingURL,License,AuthorProfileURL
e7574843621495bd,home,20,Chair; Coffee table; Couch; Furniture; Living room,0.06902100725316612,https://c8.staticflickr.com/6/5186/5603527713_f8279581af_z.jpg,https://c6.staticflickr.com/6/5186/5603527713_4fdd059cc2_o.jpg,https://www.flickr.com/photos/wufoo/5603527713,https://creativecommons.org/licenses/by/2.0/,https://www.flickr.com/people/wufoo/
d5b49d2512986551,home,18,Furniture; Home; House,0.08350260290625,https://c6.staticflickr.com/1/80/276654741_3b2d987b13_z.jpg,https://farm2.staticflickr.com/80/276654741_3b2d987b13_o.jpg,https://www.flickr.com/photos/andybee/276654741,https://creativecommons.org/licenses/by/2.0/,https://www.flickr.com/people/andybee/
48bd83368a70defc,home,15,Chair; Coffee table; Home; Table,0.09699853143981665,https://c8.staticflickr.com/4/3852/14963871812_76a3ef33ab_z.jpg,https://c5.staticflickr.com/4/3852/14963871812_67d5a1c539_o.jpg,https://www.flickr.com/photos/cezzie901/14963871812,https://creativecommons.org/licenses/by/2.0/,https://www.flickr.com/people/cezzie901/
fd1088e194f01b60,home,15,Couch; Living room; Table,0.046142578124999986,https://c2.staticflickr.com/4/3222/2461425480_f2af6f474a_z.jpg,https://farm1.staticflickr.com/3222/2461425480_d47ea25f14_o.jpg,https://www.flickr.com/photos/53743295@N00/2461425480,https://creativecommons.org/licenses/by/2.0/,https://www.flickr.com/people/53743295@N00/
9903bb72f8ee1a99,home,12,Furniture; Kitchen; Table,0.15141133244868668,https://c3.staticflickr.com/9/8297/7754973822_309a6dda53_z.jpg,https://c2.staticflickr.com/9/8297/7754973822_28e4c62cf8_o.jpg,https://www.flickr.com/photos/gusilu/7754973822,https://creativecommons.org/licenses/by/2.0/,https://www.flickr.com/people/gusilu/
e93a0b0f61cdb76c,home,11,Furniture; Kitchen,0.0802801203415414,https://c3.staticflickr.com/9/8427/7560180750_4b9b2d49b6_z.jpg,https://c5.staticflickr.com/9/8427/7560180750_772d5cbbd3_o.jpg,https://www.flickr.com/photos/statelibraryofvictoria_collections/7560180750,https://creativecommons.org/licenses/by/2.0/,https://www.flickr.com/people/statelibraryofvictoria_collections/
28d973ee8659aef7,home,9,Furniture; House; Table,0.28328125153125,https://c3.staticflickr.com/7/6017/5898310719_02ba92a45e_z.jpg,https://farm8.staticflickr.com/6017/5898310719_a1f7895c14_o.jpg,https://www.flickr.com/photos/zenm/5898310719,https://creativecommons.org/licenses/by/2.0/,https://www.flickr.com/people/zenm/
bef1d1b7146ead5d,home,9,Kitchen,0.25553382031250005,https://c3.staticflickr.com/4/3598/3459868400_6602f5c4ab_z.jpg?zz=1,https://c6.staticflickr.com/4/3598/3459868400_5b1d091bcb_o.jpg,https://www.flickr.com/photos/mtrichardson/3459868400,https://creativecommons.org/licenses/by/2.0/,https://www.flickr.com/people/mtrichardson/
c1030024bf97809c,home,9,Furniture; House; Table,0.044997897054594005,https://c5.staticflickr.com/4/3158/2902147055_dba3efcf3b_z.jpg,https://c5.staticflickr.com/4/3158/2902147055_7e1fce22dd_o.jpg,https://www.flickr.com/photos/yuko_ppp/2902147055,https://creativecommons.org/licenses/by/2.0/,https://www.flickr.com/people/yuko_ppp/
16f352b006a890cd,home,8,Chair; Couch; Furniture; Table,0.048242193187500004,https://c2.staticflickr.com/8/7218/7172331523_82a14c43a8_z.jpg,https://c6.staticflickr.com/8/7218/7172331523_3c30c303bc_o.jpg,https://www.flickr.com/photos/apreche/7172331523,https://creativecommons.org/licenses/by/2.0/,https://www.flickr.com/people/apreche/
2a0feb84d28eec15,home,8,Furniture; House,0.20996093750000003,https://c1.staticflickr.com/2/1399/765009865_f7dfd7fd70_z.jpg?zz=1,https://farm6.staticflickr.com/1399/765009865_b4c64b6606_o.jpg,https://www.flickr.com/photos/mccchurch/765009865/,https://creativecommons.org/licenses/by/2.0/,https://www.flickr.com/people/mccchurch/
9a95650fee0f9af6,home,8,Furniture; House,0.17688152162500004,https://c3.staticflickr.com/4/3092/3192963068_7558487df8_z.jpg,https://farm7.staticflickr.com/3092/3192963068_0a91750010_o.jpg,https://www.flickr.com/photos/fukami/3192963068,https://creativecommons.org/licenses/by/2.0/,https://www.flickr.com/people/fukami/
9c54662ca0b0074f,home,8,Chair; House; Table,0.06838541124999999,https://c4.staticflickr.com/6/5545/10617121794_724403df2c_z.jpg,https://c8.staticflickr.com/6/5545/10617121794_c0a691bf4b_o.jpg,https://www.flickr.com/photos/mediummaria/10617121794,https://creativecommons.org/licenses/by/2.0/,https://www.flickr.com/people/mediummaria/
809d426b0ed06d55,home,7,Chair; Couch; Furniture,0.6733533577200992,https://c6.staticflickr.com/6/5027/5813090954_6b91a80c7a_z.jpg,https://farm6.staticflickr.com/5027/5813090954_a056b6a6a4_o.jpg,https://www.flickr.com/photos/hiang/5813090954,https://creativecommons.org/licenses/by/2.0/,https://www.flickr.com/people/hiang/
8492e5d67d7ac44c,home,7,Couch; Furniture; Table,0.059427767996709964,https://c5.staticflickr.com/6/5206/5216794171_27040fd0d0_z.jpg,https://c5.staticflickr.com/6/5206/5216794171_ee5fda879b_o.jpg,https://www.flickr.com/photos/kaja_a/5216794171,https://creativecommons.org/licenses/by/2.0/,https://www.flickr.com/people/kaja_a/
0cce331e7f66f6ea,home,6,House,0.25087323228756486,https://c8.staticflickr.com/1/43/121987526_4a8fe0643b_z.jpg,https://c3.staticflickr.com/1/43/121987526_4a8fe0643b_o.jpg,https://www.flickr.com/photos/barretthall/121987526,https://creativecommons.org/licenses/by/2.0/,https://www.flickr.com/people/barretthall/
20af1d21449acdce,home,6,Bed; Furniture,0.47275390625,https://c2.staticflickr.com/5/4061/4290059412_e977a36e6b_z.jpg,https://c7.staticflickr.com/5/4061/4290059412_6545c74ddd_o.jpg,https://www.flickr.com/photos/tallkev/4290059412,https://creativecommons.org/licenses/by/2.0/,https://www.flickr.com/people/tallkev/
26a6b52b4016ca24,home,6,House,0.86430062,https://c2.staticflickr.com/4/3744/13933191485_28318b436f_z.jpg,https://farm5.staticflickr.com/3744/13933191485_aaa41e031f_o.jpg,https://www.flickr.com/photos/achillifamily/13933191485,https://creativecommons.org/licenses/by/2.0/,https://www.flickr.com/people/achillifamily/
3575fe8f13d43ff4,home,6,House,0.04379882934374999,https://c4.staticflickr.com/7/6178/6198410197_458b56ab84_z.jpg,https://farm5.staticflickr.com/6178/6198410197_45544007b6_o.jpg,https://www.flickr.com/photos/signe_karin/6198410197,https://creativecommons.org/licenses/by/2.0/,https://www.flickr.com/people/signe_karin/
3a45b076fd024920,home,6,House,0.09310547584375001,https://c6.staticflickr.com/4/3740/11157108065_5396cdfb78_z.jpg,https://farm1.staticflickr.com/3740/11157108065_8360d4ea3e_o.jpg,https://www.flickr.com/photos/dierkschaefer/11157108065,https://creativecommons.org/licenses/by/2.0/,https://www.flickr.com/people/dierkschaefer/
3d4cc20be86765ac,home,6,House,0.05360125224999998,https://c6.staticflickr.com/5/4087/5001745907_1a9955cae8_z.jpg,https://c5.staticflickr.com/5/4087/5001745907_55cb836182_o.jpg,https://www.flickr.com/photos/openluchtmuseum/5001745907,https://creativecommons.org/licenses/by/2.0/,https://www.flickr.com/people/openluchtmuseum/
3eecc3ae67fdeec0,home,6,House,0.11414348959368002,https://c2.staticflickr.com/8/7171/6449650123_ce44ea7089_z.jpg,https://farm1.staticflickr.com/7171/6449650123_de8eaabb47_o.jpg,https://www.flickr.com/photos/homini/6449650123,https://creativecommons.org/licenses/by/2.0/,https://www.flickr.com/people/homini/
4408714705288ba1,home,6,House,0.09582676735699301,https://c7.staticflickr.com/3/2927/14372827479_e58a85b2f6_z.jpg,https://farm2.staticflickr.com/2927/14372827479_f85a3001d6_o.jpg,https://www.flickr.com/photos/ndrwfgg/14372827479,https://creativecommons.org/licenses/by/2.0/,https://www.flickr.com/people/ndrwfgg/
4e78f0b57c2e4d35,home,6,House,0.053027537820054975,https://c4.staticflickr.com/8/7728/16732804484_fbb130423d_z.jpg,https://farm6.staticflickr.com/7728/16732804484_9dc7520750_o.jpg,https://www.flickr.com/photos/annethomas/16732804484,https://creativecommons.org/licenses/by/2.0/,https://www.flickr.com/people/annethomas/
5838182af71714c6,home,6,House,0.159521476640625,https://c8.staticflickr.com/3/2834/9237411956_7309318074_z.jpg,https://farm7.staticflickr.com/2834/9237411956_fbc3142e27_o.jpg,https://www.flickr.com/photos/stevendepolo/9237411956,https://creativecommons.org/licenses/by/2.0/,https://www.flickr.com/people/stevendepolo/
5fbc7140ac8f1af3,home,6,House,0.64166666,https://c4.staticflickr.com/3/2504/3934632730_bbfe63250b_z.jpg,https://farm4.staticflickr.com/2504/3934632730_7383616d37_o.jpg,https://www.flickr.com/photos/42686855@N07/3934632730,https://creativecommons.org/licenses/by/2.0/,https://www.flickr.com/people/42686855@N07/
618dbeb8fb32291f,home,6,Bed; Furniture,0.42579440268266305,https://c5.staticflickr.com/4/3579/3819696604_56491da6e6_z.jpg,https://c8.staticflickr.com/4/3579/3819696604_8b9b4b4cf1_o.jpg,https://www.flickr.com/photos/faircompanies/3819696604,https://creativecommons.org/licenses/by/2.0/,https://www.flickr.com/people/faircompanies/
61b9f3a4db94791b,home,6,House,0.16404911774186395,https://c1.staticflickr.com/9/8120/8682080209_eb1bfb6546_z.jpg,https://c4.staticflickr.com/9/8120/8682080209_7b61d2a506_o.jpg,https://www.flickr.com/photos/42843806@N00/8682080209,https://creativecommons.org/licenses/by/2.0/,https://www.flickr.com/people/42843806@N00/
63b95ba4a7b8393b,home,6,House,0.245654296875,https://c5.staticflickr.com/4/3341/3624548752_191f6d2ca3_z.jpg,https://c4.staticflickr.com/4/3341/3624548752_db30c3a73e_o.jpg,https://www.flickr.com/photos/yancy9a/3624548752,https://creativecommons.org/licenses/by/2.0/,https://www.flickr.com/people/yancy9a/
65fa93cf7916e533,home,6,House,0.09100877267059498,https://c8.staticflickr.com/1/502/18962545401_113faf33af_z.jpg,https://farm4.staticflickr.com/502/18962545401_47ab3bc486_o.jpg,https://www.flickr.com/photos/louisepython/18962545401,https://creativecommons.org/licenses/by/2.0/,https://www.flickr.com/people/louisepython/
72f249431922cb46,home,6,House,0.0342499974184211,,https://farm7.staticflickr.com/3246/3133677886_117c3edd9f_o.jpg,https://www.flickr.com/photos/60584010@N00/3133677886,https://creativecommons.org/licenses/by/2.0/,https://www.flickr.com/people/60584010@N00/
79eaaa21e6547b80,home,6,House,0.078314682695069,https://c6.staticflickr.com/8/7108/6995212259_b10134191b_z.jpg,https://farm1.staticflickr.com/7108/6995212259_99efeac508_o.jpg,https://www.flickr.com/photos/7322341@N07/6995212259/,https://creativecommons.org/licenses/by/2.0/,https://www.flickr.com/people/7322341@N07/
7bbc7a318dd0addb,home,6,Couch; Furniture,0.6275238241467008,https://c8.staticflickr.com/2/1380/839900650_eea4c623a9_z.jpg,https://c4.staticflickr.com/2/1380/839900650_7be94fba01_o.jpg,https://www.flickr.com/photos/schram/839900650,https://creativecommons.org/licenses/by/2.0/,https://www.flickr.com/people/schram/
898890757a38a6db,home,6,Bed; Furniture,0.06943066826940161,https://c8.staticflickr.com/5/4098/4899103844_9fff742c24_z.jpg,https://c4.staticflickr.com/5/4098/4899103844_7e17d73ab7_o.jpg,https://www.flickr.com/photos/grechman/4899103844,https://creativecommons.org/licenses/by/2.0/,https://www.flickr.com/people/grechman/
8f963d22c8f81d10,home,6,House,0.07386718701562499,https://c7.staticflickr.com/6/5555/14710298582_bcf1480a19_z.jpg,https://farm1.staticflickr.com/5555/14710298582_83be813b47_o.jpg,https://www.flickr.com/photos/desmog/14710298582,https://creativecommons.org/licenses/by/2.0/,https://www.flickr.com/people/desmog/
9295ab265fafd8e5,home,6,Bed; Furniture,0.32755208175,https://c6.staticflickr.com/8/7317/9176313286_40a10dedc0_z.jpg,https://farm6.staticflickr.com/7317/9176313286_c9a704d48b_o.jpg,https://www.flickr.com/photos/orsorama/9176313286,https://creativecommons.org/licenses/by/2.0/,https://www.flickr.com/people/orsorama/
971644fd7448560b,home,6,House,0.078875141303548,https://c5.staticflickr.com/9/8799/17202854802_ec1ffd8dff_z.jpg,https://c4.staticflickr.com/9/8799/17202854802_93c0022d21_o.jpg,https://www.flickr.com/photos/10459174@N03/17202854802,https://creativecommons.org/licenses/by/2.0/,https://www.flickr.com/people/10459174@N03/
994385c9f33f2075,home,6,Bed; Furniture,0.79166667,https://c5.staticflickr.com/5/4086/5042103664_451090077e_z.jpg,https://farm6.staticflickr.com/4086/5042103664_16ba260648_o.jpg,https://www.flickr.com/photos/lifeoftravel/5042103664,https://creativecommons.org/licenses/by/2.0/,https://www.flickr.com/people/lifeoftravel/
a0e14c71c9a72b6b,home,6,House,0.59830406453125,https://c6.staticflickr.com/9/8793/17000616434_a34b747fac_z.jpg,https://c4.staticflickr.com/9/8793/17000616434_e5804a183d_o.jpg,https://www.flickr.com/photos/isfullofcrap/17000616434,https://creativecommons.org/licenses/by/2.0/,https://www.flickr.com/people/isfullofcrap/
a976c12ec2a16b3b,home,6,House,0.05499648670432321,https://c1.staticflickr.com/4/3774/12140902934_229e8c2d22_z.jpg,https://c4.staticflickr.com/4/3774/12140902934_22113f9517_o.jpg,https://www.flickr.com/photos/mmichaelis/12140902934,https://creativecommons.org/licenses/by/2.0/,https://www.flickr.com/people/mmichaelis/
b69301d65efaa10b,home,6,House,0.80625,https://c7.staticflickr.com/1/219/484479494_eea2fd8ab0_z.jpg?zz=1,https://c4.staticflickr.com/1/219/484479494_241bf7782f_o.jpg,https://www.flickr.com/photos/rocksee/484479494,https://creativecommons.org/licenses/by/2.0/,https://www.flickr.com/people/rocksee/
c140bd43b8db15c0,home,6,House,0.05621687519500361,https://c2.staticflickr.com/4/3754/9533648590_41a66d0ee9_z.jpg,https://farm1.staticflickr.com/3754/9533648590_d7ea8f73df_o.jpg,https://www.flickr.com/photos/postapocalyptic/9533648590,https://creativecommons.org/licenses/by/2.0/,https://www.flickr.com/people/postapocalyptic/
d02bee6224ca943a,home,6,Bed; Furniture,0.04209754443749999,https://c2.staticflickr.com/4/3686/13213834014_c305dfba2b_z.jpg,https://c3.staticflickr.com/4/3686/13213834014_8624026ea3_o.jpg,https://www.flickr.com/photos/com_salud/13213834014,https://creativecommons.org/licenses/by/2.0/,https://www.flickr.com/people/com_salud/
d0ec91f114927bd5,home,6,House,0.038351340871119986,https://c8.staticflickr.com/7/6077/6093715503_3e36876ba1_z.jpg,https://farm6.staticflickr.com/6077/6093715503_739bb8a824_o.jpg,https://www.flickr.com/photos/bloglogik/6093715503,https://creativecommons.org/licenses/by/2.0/,https://www.flickr.com/people/bloglogik/
ddd8b588942ceded,home,6,Bed; Furniture,0.13648572928519095,https://c2.staticflickr.com/1/344/19894075689_86c9a22963_z.jpg,https://c6.staticflickr.com/1/344/19894075689_70eef30ce8_o.jpg,https://www.flickr.com/photos/53267244@N03/19894075689,https://creativecommons.org/licenses/by/2.0/,https://www.flickr.com/people/53267244@N03/
e3d0e1cc6109fa71,home,6,Bed; Furniture,0.037267526342452,https://c4.staticflickr.com/1/480/19711907778_8c2eb8dfc9_z.jpg,https://farm2.staticflickr.com/480/19711907778_3d10bc01bc_o.jpg,https://www.flickr.com/photos/dachis/19711907778,https://creativecommons.org/licenses/by/2.0/,https://www.flickr.com/people/dachis/
e7fe54073a9a84bc,home,6,Bed; Furniture,0.05345215512801802,https://c2.staticflickr.com/4/3850/14860546744_2a33d70175_z.jpg,https://c5.staticflickr.com/4/3850/14860546744_88f4113255_o.jpg,https://www.flickr.com/photos/phalinn/14860546744/,https://creativecommons.org/licenses/by/2.0/,https://www.flickr.com/people/phalinn/
e84f78c70c482793,home,6,House,0.04824219106250001,https://c3.staticflickr.com/5/4145/5073344595_850641e7e2_z.jpg,https://farm4.staticflickr.com/4145/5073344595_cfa5d475de_o.jpg,https://www.flickr.com/photos/dundon/5073344595,https://creativecommons.org/licenses/by/2.0/,https://www.flickr.com/people/dundon/
eae53644fd915bf6,home,6,House,0.040441035559631994,https://c8.staticflickr.com/9/8161/7489216674_fd1a980e0a_z.jpg,https://farm7.staticflickr.com/8161/7489216674_2ed4f3deb7_o.jpg,https://www.flickr.com/photos/ralphpaglia/7489216674,https://creativecommons.org/licenses/by/2.0/,https://www.flickr.com/people/ralphpaglia/
f931e61db43ddd52,home,6,House,0.06666666999999998,https://c7.staticflickr.com/2/1343/4721914390_52972dfd38_z.jpg,https://farm3.staticflickr.com/1343/4721914390_0819e22800_o.jpg,https://www.flickr.com/photos/carrotmadman6/4721914390,https://creativecommons.org/licenses/by/2.0/,https://www.flickr.com/people/carrotmadman6/
fb890c9bd6c98de9,home,6,House,0.03876576288981119,https://c7.staticflickr.com/3/2647/4061231031_19b5ac4752_z.jpg?zz=1,https://c2.staticflickr.com/3/2647/4061231031_e74bf8e5ff_o.jpg,https://www.flickr.com/photos/felipeskroski/4061231031/,https://creativecommons.org/licenses/by/2.0/,https://www.flickr.com/people/felipeskroski/
02ceda7dc7da5160,home,4,Bed,0.3355859508125,https://c5.staticflickr.com/9/8473/8418633767_9fde60c84e_z.jpg,https://farm1.staticflickr.com/8473/8418633767_68a8140ebf_o.jpg,https://www.flickr.com/photos/sswain_1999/8418633767,https://creativecommons.org/licenses/by/2.0/,https://www.flickr.com/people/sswain_1999/
04b1367c2c475c5a,home,4,Chair; Furniture; Table,0.18802083234374997,https://c7.staticflickr.com/4/3070/2334642009_7c5ccf540e_z.jpg?zz=1,https://c3.staticflickr.com/4/3070/2334642009_edaabb9ce9_o.jpg,https://www.flickr.com/photos/trishhhh/2334642009,https://creativecommons.org/licenses/by/2.0/,https://www.flickr.com/people/trishhhh/
0b4e270f5c83a133,home,4,Couch,0.1791730237637003,https://c3.staticflickr.com/4/3340/3540600148_d0781265f4_z.jpg,https://farm4.staticflickr.com/3340/3540600148_d2779e8e8a_o.jpg,https://www.flickr.com/photos/7326810@N08/3540600148,https://creativecommons.org/licenses/by/2.0/,https://www.flickr.com/people/7326810@N08/
1bde6aa77c1a45fb,home,4,Chair; Furniture; Table,0.1546875,https://c6.staticflickr.com/7/6235/6298080475_15f5b9584d_z.jpg,https://c4.staticflickr.com/7/6235/6298080475_7707d5d0b3_o.jpg,https://www.flickr.com/photos/nrdcpix/6298080475,https://creativecommons.org/licenses/by/2.0/,https://www.flickr.com/people/nrdcpix/
283dafebe225590d,home,4,Chair; Furniture; Table,0.58470703125,https://c1.staticflickr.com/1/493/18539754166_d7d07da13e_z.jpg,https://c6.staticflickr.com/1/493/18539754166_68ee342984_o.jpg,https://www.flickr.com/photos/barolo/18539754166,https://creativecommons.org/licenses/by/2.0/,https://www.flickr.com/people/barolo/
356ee35811299b3e,home,4,Chair; Furniture; Table,0.1763671740625,https://c8.staticflickr.com/8/7261/6937932892_2fba48b08f_z.jpg,https://c7.staticflickr.com/8/7261/6937932892_f02d398624_o.jpg,https://www.flickr.com/photos/bgsulib67/6937932892,https://creativecommons.org/licenses/by/2.0/,https://www.flickr.com/people/bgsulib67/
42c05e6f790f4ef6,home,4,Chair; Furniture; Table,0.07708332793750002,https://c1.staticflickr.com/2/1190/884987473_b74b4ab914_z.jpg,https://farm7.staticflickr.com/1190/884987473_df0e7b399a_o.jpg,https://www.flickr.com/photos/karpidis/884987473,https://creativecommons.org/licenses/by/2.0/,https://www.flickr.com/people/karpidis/
4a8a66861e06950b,home,4,Chair; Furniture; Table,0.12894205431250003,https://c6.staticflickr.com/7/6154/6261457653_b342bbeb30_z.jpg,https://c4.staticflickr.com/7/6154/6261457653_9b26b14b71_o.jpg,https://www.flickr.com/photos/extra_chrisb/6261457653,https://creativecommons.org/licenses/by/2.0/,https://www.flickr.com/people/extra_chrisb/
63e2c41f873864a3,home,4,Couch,0.16640235103218717,https://c4.staticflickr.com/5/4124/5161333241_2483be67d0_z.jpg,https://farm4.staticflickr.com/4124/5161333241_2b32901091_o.jpg,https://www.flickr.com/photos/agecombahia/5161333241,https://creativecommons.org/licenses/by/2.0/,https://www.flickr.com/people/agecombahia/
78f2c3f1b0899c09,home,4,Chair; Furniture; Table,0.5760156123750001,https://c7.staticflickr.com/9/8191/8141824718_7e36bfcbc3_z.jpg,https://c2.staticflickr.com/9/8191/8141824718_7dc572a92e_o.jpg,https://www.flickr.com/photos/theraycenter/8141824718,https://creativecommons.org/licenses/by/2.0/,https://www.flickr.com/people/theraycenter/
7a87225ae9d63bcd,home,4,Chair; Furniture; Table,0.09305542404173703,https://c4.staticflickr.com/3/2831/11677133105_bf7fe37cc2_z.jpg,https://c6.staticflickr.com/3/2831/11677133105_6b12f2136f_o.jpg,https://www.flickr.com/photos/carlos-pacheco/11677133105,https://creativecommons.org/licenses/by/2.0/,https://www.flickr.com/people/carlos-pacheco/
83c8fff6303c468a,home,4,Chair; Furniture; Table,0.14366196407277,https://c4.staticflickr.com/4/3166/3073299169_74226a4047_z.jpg,https://c3.staticflickr.com/4/3166/3073299169_630461aedf_o.jpg,https://www.flickr.com/photos/chrstphre/3073299169,https://creativecommons.org/licenses/by/2.0/,https://www.flickr.com/people/chrstphre/
88a915f7cabb3977,home,4,Couch,0.060184823842900005,https://c8.staticflickr.com/4/3093/3163374670_0a3f3b39bf_z.jpg,https://farm8.staticflickr.com/3093/3163374670_92e4628306_o.jpg,https://www.flickr.com/photos/rosscrawford1/3163374670,https://creativecommons.org/licenses/by/2.0/,https://www.flickr.com/people/rosscrawford1/
8dd2a9039f4e85b1,home,4,Chair; Furniture; Table,0.42128603000000003,https://c3.staticflickr.com/8/7294/16395698389_bacedeecb7_z.jpg,https://farm2.staticflickr.com/7294/16395698389_62d16d2a1c_o.jpg,https://www.flickr.com/photos/carriekaufmann/16395698389,https://creativecommons.org/licenses/by/2.0/,https://www.flickr.com/people/carriekaufmann/
8de803c15dc6dc7d,home,4,Chair; Furniture; Table,0.10920001369547341,https://c3.staticflickr.com/3/2604/4077598908_234b91c5d6_z.jpg,https://c6.staticflickr.com/3/2604/4077598908_8586d77db2_o.jpg,https://www.flickr.com/photos/usarmyafrica/4077598908,https://creativecommons.org/licenses/by/2.0/,https://www.flickr.com/people/usarmyafrica/
973411d193107c9c,home,4,Chair; Furniture; Table,0.061638230069400585,https://c5.staticflickr.com/3/2338/2061049887_45a68a797c_z.jpg,https://c5.staticflickr.com/3/2338/2061049887_215ce91d4a_o.jpg,https://www.flickr.com/photos/macinate/2061049887,https://creativecommons.org/licenses/by/2.0/,https://www.flickr.com/people/macinate/
a17259b464419495,home,4,Chair; Coffee table,0.053401692265625,https://c7.staticflickr.com/1/622/20731852075_9608dbdb41_z.jpg,https://farm6.staticflickr.com/622/20731852075_987dbbee49_o.jpg,https://www.flickr.com/photos/jimmy_macdonald/20731852075,https://creativecommons.org/licenses/by/2.0/,https://www.flickr.com/people/jimmy_macdonald/
a47cd83076dc497e,home,4,Chair; Furniture; Table,0.5562168712422,https://c3.staticflickr.com/4/3425/3358203645_5c76c2bc64_z.jpg,https://c7.staticflickr.com/4/3425/3358203645_2c30c651af_o.jpg,https://www.flickr.com/photos/marcogomes/3358203645,https://creativecommons.org/licenses/by/2.0/,https://www.flickr.com/people/marcogomes/
adc62b8d5661eaaf,home,4,Chair; Furniture; Table,0.034687494,https://c6.staticflickr.com/8/7285/16354950034_27c4559f26_z.jpg,https://c8.staticflickr.com/8/7285/16354950034_ccef2ed6ff_o.jpg,https://www.flickr.com/photos/44462117@N03/16354950034,https://creativecommons.org/licenses/by/2.0/,https://www.flickr.com/people/44462117@N03/
d8af5e9c82380fe5,home,4,Chair; Furniture; Table,0.09612304846874999,https://c8.staticflickr.com/4/3177/2810300279_e091b6e249_z.jpg,https://farm6.staticflickr.com/3177/2810300279_15bc226b35_o.jpg,https://www.flickr.com/photos/katielips/2810300279,https://creativecommons.org/licenses/by/2.0/,https://www.flickr.com/people/katielips/
dabd65b40c5f53fc,home,4,Chair; Furniture; Table,0.519157737709296,https://c7.staticflickr.com/3/2942/15159178600_b60b6fd80c_z.jpg,https://c5.staticflickr.com/3/2942/15159178600_1afd0fc627_o.jpg,https://www.flickr.com/photos/a_little_brighter/15159178600,https://creativecommons.org/licenses/by/2.0/,https://www.flickr.com/people/a_little_brighter/
ddd78d7007d17a75,home,4,Chair; Furniture; Table,0.20618552963937234,https://c3.staticflickr.com/9/8091/8595433397_ffef0825a0_z.jpg,https://farm6.staticflickr.com/8091/8595433397_e0cc4e1e30_o.jpg,https://www.flickr.com/photos/collegelibrary/8595433397,https://creativecommons.org/licenses/by/2.0/,https://www.flickr.com/people/collegelibrary/
e216dd92c7f1e961,home,4,Chair; Furniture; Table,0.33923304418879036,https://c1.staticflickr.com/8/7476/15388287024_acdfab3a12_z.jpg,https://farm2.staticflickr.com/7476/15388287024_9b7dcdcfb7_o.jpg,https://www.flickr.com/photos/3-bs/15388287024,https://creativecommons.org/licenses/by/2.0/,https://www.flickr.com/people/3-bs/
e57187eb90af91f7,home,4,Couch,0.32853179013098194,https://c4.staticflickr.com/8/7469/15682147725_64e61ea23d_z.jpg,https://farm8.staticflickr.com/7469/15682147725_d892b99e98_o.jpg,https://www.flickr.com/photos/notnil/15682147725,https://creativecommons.org/licenses/by/2.0/,https://www.flickr.com/people/notnil/
e78393874387b718,home,4,Chair; Furniture; Table,0.032524695465417613,https://c8.staticflickr.com/1/39/83154753_e69944e649_z.jpg,https://c1.staticflickr.com/1/39/83154753_e69944e649_o.jpg,https://www.flickr.com/photos/scottfeldstein/83154753,https://creativecommons.org/licenses/by/2.0/,https://www.flickr.com/people/scottfeldstein/
ebd0c7e8a9463425,home,4,Chair; Furniture; Table,0.1678841834525656,https://c6.staticflickr.com/3/2386/2095056744_4e08baae06_z.jpg?zz=1,https://farm6.staticflickr.com/2386/2095056744_36b7c634fb_o.jpg,https://www.flickr.com/photos/kingtyrone/2095056744,https://creativecommons.org/licenses/by/2.0/,https://www.flickr.com/people/kingtyrone/
efe5bbfceff71088,home,4,Bed,0.234567055734375,https://c5.staticflickr.com/1/156/421141511_25ca1a03e7_z.jpg,https://c1.staticflickr.com/1/156/421141511_a38f531fcf_o.jpg,https://www.flickr.com/photos/kswest/421141511,https://creativecommons.org/licenses/by/2.0/,https://www.flickr.com/people/kswest/
f515f74f27c71d34,home,4,Chair; Furniture; Table,0.52083334,https://c3.staticflickr.com/4/3412/3438774088_86b2916c50_z.jpg?zz=1,https://farm5.staticflickr.com/3412/3438774088_1ac2eefdc1_o.jpg,https://www.flickr.com/photos/cenatic/3438774088,https://creativecommons.org/licenses/by/2.0/,https://www.flickr.com/people/cenatic/
fd9ddaaed288ee16,home,4,Couch,0.060468755375,https://c2.staticflickr.com/6/5587/14829073542_6923055557_z.jpg,https://farm7.staticflickr.com/5587/14829073542_168f948835_o.jpg,https://www.flickr.com/photos/121275201@N02/14829073542,https://creativecommons.org/licenses/by/2.0/,https://www.flickr.com/people/121275201@N02/
01dc49e587b180a4,home,3,Furniture; Table,0.69583333,https://c7.staticflickr.com/9/8063/8175286164_4439ffc5c0_z.jpg,https://farm5.staticflickr.com/8063/8175286164_60408ec5aa_o.jpg,https://www.flickr.com/photos/vladimirteran/8175286164,https://creativecommons.org/licenses/by/2.0/,https://www.flickr.com/people/vladimirteran/
01f26ca52e27a8d9,home,3,Furniture; Table,0.183274877640306,,https://c2.staticflickr.com/4/3918/14270965637_d60194a52d_o.jpg,https://www.flickr.com/photos/civicus/14270965637,https://creativecommons.org/licenses/by/2.0/,https://www.flickr.com/people/civicus/
05a149770e1013f1,home,3,Furniture; Table,0.09298921215351999,https://c8.staticflickr.com/5/4090/5069179060_ed8468e834_z.jpg,https://farm2.staticflickr.com/4090/5069179060_01fdd85cf3_o.jpg,https://www.flickr.com/photos/derbeth/5069179060,https://creativecommons.org/licenses/by/2.0/,https://www.flickr.com/people/derbeth/
06845739ca91dd3e,home,3,Furniture; Table,0.3025491828332301,https://c7.staticflickr.com/1/26/65581701_33b1ddcf14_z.jpg,https://c7.staticflickr.com/1/26/65581701_33b1ddcf14_o.jpg,https://www.flickr.com/photos/gmarziou/65581701,https://creativecommons.org/licenses/by/2.0/,https://www.flickr.com/people/gmarziou/
09e094375efab7fe,home,3,Chair; Furniture,0.34796875000000005,https://c8.staticflickr.com/4/3245/2756964116_d3d43d6be9_z.jpg,https://c7.staticflickr.com/4/3245/2756964116_63b981995c_o.jpg,https://www.flickr.com/photos/johovac/2756964116,https://creativecommons.org/licenses/by/2.0/,https://www.flickr.com/people/johovac/
0f0297c3c92c39c1,home,3,Furniture; Table,0.0522619912410264,https://c4.staticflickr.com/8/7567/15475662318_451a623f36_z.jpg,https://farm2.staticflickr.com/7567/15475662318_e6d50d504e_o.jpg,https://www.flickr.com/photos/gmarziou/15475662318,https://creativecommons.org/licenses/by/2.0/,https://www.flickr.com/people/gmarziou/
12afe1d19dabcba1,home,3,Furniture; Table,0.645989307110995,https://c7.staticflickr.com/9/8790/17780785240_03230d9789_z.jpg,https://farm2.staticflickr.com/8790/17780785240_3d62bb31fd_o.jpg,https://www.flickr.com/photos/130800505@N02/17780785240,https://creativecommons.org/licenses/by/2.0/,https://www.flickr.com/people/130800505@N02/
141d8961e111ead7,home,3,Furniture; Table,1.0,https://c3.staticflickr.com/1/26/62858237_d85929a349_z.jpg?zz=1,https://farm8.staticflickr.com/26/62858237_d85929a349_o.jpg,https://www.flickr.com/photos/donabelandewen/62858237,https://creativecommons.org/licenses/by/2.0/,https://www.flickr.com/people/donabelandewen/
146316cdeb2aef2a,home,3,Chair; Furniture,0.96017699,https://c2.staticflickr.com/9/8452/7994369759_48a8bc69fc_z.jpg,https://c3.staticflickr.com/9/8452/7994369759_0a63aeefbb_o.jpg,https://www.flickr.com/photos/juhansonin/7994369759,https://creativecommons.org/licenses/by/2.0/,https://www.flickr.com/people/juhansonin/
15272ba02184a37c,home,3,Chair; Furniture,0.76200418,https://c7.staticflickr.com/8/7007/6437365405_58cd833844_z.jpg,https://c5.staticflickr.com/8/7007/6437365405_09288d8fbb_o.jpg,https://www.flickr.com/photos/61567423@N02/6437365405,https://creativecommons.org/licenses/by/2.0/,https://www.flickr.com/people/61567423@N02/
1d823ca1486d2cca,home,3,Furniture; Table,0.377812487,https://c7.staticflickr.com/6/5268/5626204574_0e4263f539_z.jpg,https://c3.staticflickr.com/6/5268/5626204574_1a4ca1fa04_o.jpg,https://www.flickr.com/photos/marianne_oleary/5626204574,https://creativecommons.org/licenses/by/2.0/,https://www.flickr.com/people/marianne_oleary/
1ea0b813513a3a40,home,3,Furniture; Table,0.03919271125000001,https://c6.staticflickr.com/6/5017/5488321263_73f9d8eafb_z.jpg,https://farm1.staticflickr.com/5017/5488321263_f561c9f5bc_o.jpg,https://www.flickr.com/photos/ssblan/5488321263,https://creativecommons.org/licenses/by/2.0/,https://www.flickr.com/people/ssblan/
1eecb0f1e2b07d33,home,3,Furniture; Table,0.89380531,https://c7.staticflickr.com/8/7372/14138143166_1d1d9442cf_z.jpg,https://farm4.staticflickr.com/7372/14138143166_98a3ee3d11_o.jpg,https://www.flickr.com/photos/gmarziou/14138143166,https://creativecommons.org/licenses/by/2.0/,https://www.flickr.com/people/gmarziou/
208fcde7b90bcbf8,home,3,Chair; Furniture,0.06509765728125001,https://c7.staticflickr.com/3/2075/2322924860_78080eeede_z.jpg,https://c1.staticflickr.com/3/2075/2322924860_623cc184a3_o.jpg,https://www.flickr.com/photos/dan4th/2322924860,https://creativecommons.org/licenses/by/2.0/,https://www.flickr.com/people/dan4th/
214a4b9be6fdd6c2,home,3,Furniture; Table,0.0358431005625,https://c7.staticflickr.com/1/222/522494655_4e8950f7ce_z.jpg,https://farm3.staticflickr.com/222/522494655_1e0e61ae1a_o.jpg,https://www.flickr.com/photos/rachel-amarette/522494655,https://creativecommons.org/licenses/by/2.0/,https://www.flickr.com/people/rachel-amarette/
219d48e224ce7575,home,3,Chair; Furniture,0.390285759078125,https://c5.staticflickr.com/3/2457/3684811277_b4729c6261_z.jpg,https://farm6.staticflickr.com/2457/3684811277_59bb3a3421_o.jpg,https://www.flickr.com/photos/webgoddess/3684811277,https://creativecommons.org/licenses/by/2.0/,https://www.flickr.com/people/webgoddess/
22a5848e375335e3,home,3,Chair; Furniture,0.20687094412464638,https://c5.staticflickr.com/9/8888/18452413579_233b13109e_z.jpg,https://farm4.staticflickr.com/8888/18452413579_85f66b8792_o.jpg,https://www.flickr.com/photos/44603071@N00/18452413579,https://creativecommons.org/licenses/by/2.0/,https://www.flickr.com/people/44603071@N00/
2a246355ed783ff0,home,3,Furniture; Table,1.0,https://c5.staticflickr.com/3/2691/4321471098_51a87297c0_z.jpg,https://farm1.staticflickr.com/2691/4321471098_656fcbfe3e_o.jpg,https://www.flickr.com/photos/affsum/4321471098,https://creativecommons.org/licenses/by/2.0/,https://www.flickr.com/people/affsum/
2cf5ac5fe43b235c,home,3,Furniture; Table,0.2027343740625,https://c7.staticflickr.com/2/1262/959895126_594ac29b13_z.jpg,https://c5.staticflickr.com/2/1262/959895126_ea973dfbcc_o.jpg,https://www.flickr.com/photos/schmilblick/959895126,https://creativecommons.org/licenses/by/2.0/,https://www.flickr.com/people/schmilblick/
308036688883a605,home,3,Furniture; Table,0.10641059456990998,https://c6.staticflickr.com/1/158/358025023_01afad9d5e_z.jpg?zz=1,https://farm6.staticflickr.com/158/358025023_01afad9d5e_o.jpg,https://www.flickr.com/photos/afightingfaith/358025023,https://creativecommons.org/licenses/by/2.0/,https://www.flickr.com/people/afightingfaith/
384c40047ff7c36f,home,3,Furniture; Table,0.17759808326728801,https://c6.staticflickr.com/5/4129/4987649510_6892e8698d_z.jpg,https://c8.staticflickr.com/5/4129/4987649510_55decb0cae_o.jpg,https://www.flickr.com/photos/luigimengato/4987649510,https://creativecommons.org/licenses/by/2.0/,https://www.flickr.com/people/luigimengato/
3a30bba9227d2d2b,home,3,Furniture; Table,0.1682786393304096,https://c1.staticflickr.com/1/33/47244017_d7c2226bd9_z.jpg,https://c4.staticflickr.com/1/33/47244017_d7c2226bd9_o.jpg,https://www.flickr.com/photos/gmarziou/47244017,https://creativecommons.org/licenses/by/2.0/,https://www.flickr.com/people/gmarziou/
4043197c1365a336,home,3,Furniture; Table,0.9103199140223196,https://c3.staticflickr.com/1/120/297955373_1260488cde_z.jpg,https://farm7.staticflickr.com/120/297955373_1260488cde_o.jpg,https://www.flickr.com/photos/gmarziou/297955373,https://creativecommons.org/licenses/by/2.0/,https://www.flickr.com/people/gmarziou/
4227bf79c7da30af,home,3,Furniture; Table,0.031572533825670004,https://c8.staticflickr.com/7/6092/6347727087_7bf2ffabf6_z.jpg,https://c8.staticflickr.com/7/6092/6347727087_7c01009d06_o.jpg,https://www.flickr.com/photos/jdickert/6347727087,https://creativecommons.org/licenses/by/2.0/,https://www.flickr.com/people/jdickert/
46ce1945896c6bed,home,3,Furniture; Table,0.3140517525250887,https://c7.staticflickr.com/5/4022/4626946683_5cb438b35d_z.jpg,https://c6.staticflickr.com/5/4022/4626946683_fe5ec6d112_o.jpg,https://www.flickr.com/photos/tedxmonterey/4626946683/,https://creativecommons.org/licenses/by/2.0/,https://www.flickr.com/people/tedxmonterey/
4737906639f16aef,home,3,Furniture; Table,0.11078459860417264,https://c2.staticflickr.com/1/391/19285773440_4f480c921d_z.jpg,https://c8.staticflickr.com/1/391/19285773440_d22cf0c5ab_o.jpg,https://www.flickr.com/photos/kostas-limitsios/19285773440,https://creativecommons.org/licenses/by/2.0/,https://www.flickr.com/people/kostas-limitsios/
49cc9e3699b6a53e,home,3,Furniture; Table,0.9984375,https://c6.staticflickr.com/8/7222/7198586102_e00811827e_z.jpg,https://c7.staticflickr.com/8/7222/7198586102_e23c01a8c0_o.jpg,https://www.flickr.com/photos/chessmagic/7198586102,https://creativecommons.org/licenses/by/2.0/,https://www.flickr.com/people/chessmagic/
49de80db0373b890,home,3,Coffee table,0.1676820876340486,https://c8.staticflickr.com/4/3760/9419687542_8a5b5c64f4_z.jpg,https://farm1.staticflickr.com/3760/9419687542_1ea4112c4d_o.jpg,https://www.flickr.com/photos/qubodup/9419687542,https://creativecommons.org/licenses/by/2.0/,https://www.flickr.com/people/qubodup/
4e24222b68123ef3,home,3,Chair; Furniture,0.058652345812499986,https://c4.staticflickr.com/9/8310/8034306523_f6fd8fe6a4_z.jpg,https://farm4.staticflickr.com/8310/8034306523_a0358da43f_o.jpg,https://www.flickr.com/photos/nikunoki/8034306523,https://creativecommons.org/licenses/by/2.0/,https://www.flickr.com/people/nikunoki/
51d93439435b2c0f,home,3,Furniture; Table,0.15611978031250004,https://c3.staticflickr.com/6/5041/5213303218_ae9e659937_z.jpg,https://c8.staticflickr.com/6/5041/5213303218_2b57bcaf0a_o.jpg,https://www.flickr.com/photos/snotch/5213303218,https://creativecommons.org/licenses/by/2.0/,https://www.flickr.com/people/snotch/
5546478c4bce290e,home,3,Chair; Furniture,0.256640625,https://c8.staticflickr.com/4/3208/3083433383_319b721ef9_z.jpg,https://c7.staticflickr.com/4/3208/3083433383_51faa77e63_o.jpg,https://www.flickr.com/photos/debgalant/3083433383,https://creativecommons.org/licenses/by/2.0/,https://www.flickr.com/people/debgalant/
55f167e55cd2019c,home,3,Furniture; Table,0.93952805,https://c7.staticflickr.com/6/5600/15236330259_95168a8ba2_z.jpg,https://c5.staticflickr.com/6/5600/15236330259_a5a2ef6526_o.jpg,https://www.flickr.com/photos/munimiraflores/15236330259,https://creativecommons.org/licenses/by/2.0/,https://www.flickr.com/people/munimiraflores/
59f89863852379cf,home,3,Chair; Furniture,0.8042480480062499,https://c3.staticflickr.com/4/3693/9300557987_e8605cd4b0_z.jpg,https://c8.staticflickr.com/4/3693/9300557987_e1891d0736_o.jpg,https://www.flickr.com/photos/phase2technology/9300557987,https://creativecommons.org/licenses/by/2.0/,https://www.flickr.com/people/phase2technology/
5ddad4c882eed25b,home,3,Furniture; Table,0.5978408538773945,https://c2.staticflickr.com/8/7235/7306544796_f9761f9425_z.jpg,https://c4.staticflickr.com/8/7235/7306544796_9cda38efb8_o.jpg,https://www.flickr.com/photos/socialtradersau/7306544796,https://creativecommons.org/licenses/by/2.0/,https://www.flickr.com/people/socialtradersau/
65457227a827ae66,home,3,Furniture; Table,0.37385416868749993,https://c1.staticflickr.com/4/3196/2925079044_cc0be23e9f_z.jpg?zz=1,https://farm7.staticflickr.com/3196/2925079044_909c02a144_o.jpg,https://www.flickr.com/photos/jonstefansson/2925079044,https://creativecommons.org/licenses/by/2.0/,https://www.flickr.com/people/jonstefansson/
6ab8450d1a44fc25,home,3,Chair; Furniture,0.12559065919192444,https://c8.staticflickr.com/8/7278/13838022283_7d85ba4627_z.jpg,https://farm6.staticflickr.com/7278/13838022283_31d9312f05_o.jpg,https://www.flickr.com/photos/budiwins/13838022283,https://creativecommons.org/licenses/by/2.0/,https://www.flickr.com/people/budiwins/
6f4911049dd3b61d,home,3,Chair; Furniture,0.25574632942608405,https://c4.staticflickr.com/4/3264/2371842708_1d8a9d295c_z.jpg?zz=1,https://c6.staticflickr.com/4/3264/2371842708_33615587f3_o.jpg,https://www.flickr.com/photos/mejiaperalta/2371842708,https://creativecommons.org/licenses/by/2.0/,https://www.flickr.com/people/mejiaperalta/
709340946095cf0d,home,3,Furniture; Table,0.10613931578125003,https://c4.staticflickr.com/7/6234/6350081786_4466ff39da_z.jpg,https://c6.staticflickr.com/7/6234/6350081786_ef5e429a22_o.jpg,https://www.flickr.com/photos/usembsweden/6350081786,https://creativecommons.org/licenses/by/2.0/,https://www.flickr.com/people/usembsweden/
72f296d97e04673c,home,3,Furniture; Table,0.6923016662338475,https://c5.staticflickr.com/8/7469/15772984411_a20e50155b_z.jpg,https://c5.staticflickr.com/8/7469/15772984411_044321b87c_o.jpg,https://www.flickr.com/photos/joelmueller/15772984411,https://creativecommons.org/licenses/by/2.0/,https://www.flickr.com/people/joelmueller/
731173d27e06b210,home,3,Furniture; Table,0.307541691804892,https://c2.staticflickr.com/3/2334/1795441870_d57e4c12c6_z.jpg,https://farm1.staticflickr.com/2334/1795441870_39d27614e6_o.jpg,https://www.flickr.com/photos/runneralan/1795441870,https://creativecommons.org/licenses/by/2.0/,https://www.flickr.com/people/runneralan/
73920e25dba8f27a,home,3,Furniture; Table,0.15160414876184478,https://c2.staticflickr.com/3/2735/4295971482_e1024fdc3c_z.jpg,https://c3.staticflickr.com/3/2735/4295971482_3062f833ed_o.jpg,https://www.flickr.com/photos/phsachinidis/4295971482,https://creativecommons.org/licenses/by/2.0/,https://www.flickr.com/people/phsachinidis/
796bd28e09de2124,home,3,Chair; Furniture,0.064521415125784,https://c7.staticflickr.com/1/24/60644414_a83de3f105_z.jpg,https://farm5.staticflickr.com/24/60644414_a83de3f105_o.jpg,https://www.flickr.com/photos/cote/60644414,https://creativecommons.org/licenses/by/2.0/,https://www.flickr.com/people/cote/
7ab810236c12cb51,home,3,Chair; Furniture,0.3482908344,,https://farm2.staticflickr.com/2540/4095412264_09f3f6ed15_o.jpg,https://www.flickr.com/photos/vinofamily/4095412264,https://creativecommons.org/licenses/by/2.0/,https://www.flickr.com/people/vinofamily/
7c8a5253847619a5,home,3,Furniture; Table,0.43389932676634035,https://c6.staticflickr.com/7/6074/6146156182_6243086136_z.jpg,https://farm6.staticflickr.com/6074/6146156182_557b211b56_o.jpg,https://www.flickr.com/photos/8143727@N07/6146156182,https://creativecommons.org/licenses/by/2.0/,https://www.flickr.com/people/8143727@N07/
81f80e77fff587c4,home,3,Chair; Furniture,0.35833331999999996,https://c3.staticflickr.com/2/1172/1314178556_b44c4e0024_z.jpg,https://farm5.staticflickr.com/1172/1314178556_feba51de35_o.jpg,https://www.flickr.com/photos/10746069@N08/1314178556,https://creativecommons.org/licenses/by/2.0/,https://www.flickr.com/people/10746069@N08/
845d5f7321da00b9,home,3,Furniture; Table,0.880530976,https://c2.staticflickr.com/6/5564/14803329582_65a74db4e0_z.jpg,https://c2.staticflickr.com/6/5564/14803329582_c0b461ae19_o.jpg,https://www.flickr.com/photos/unb_agencia/14803329582,https://creativecommons.org/licenses/by/2.0/,https://www.flickr.com/people/unb_agencia/
86964f4fbe40ae5a,home,3,Furniture; Table,0.04697266031250001,https://c4.staticflickr.com/1/76/203994634_ea9d717cb1_z.jpg,https://c3.staticflickr.com/1/76/203994634_ea9d717cb1_o.jpg,https://www.flickr.com/photos/sixteenmilesofstring/203994634,https://creativecommons.org/licenses/by/2.0/,https://www.flickr.com/people/sixteenmilesofstring/
8710d5703cfae334,home,3,Furniture; Table,0.92477875,https://c8.staticflickr.com/3/2197/1907214193_4f52600d10_z.jpg,https://farm5.staticflickr.com/2197/1907214193_8da4e63a63_o.jpg,https://www.flickr.com/photos/gpoo/1907214193,https://creativecommons.org/licenses/by/2.0/,https://www.flickr.com/people/gpoo/
87e5e47fef6de6d4,home,3,Furniture; Table,0.88716817,https://c1.staticflickr.com/4/3309/3183509325_22c3f5aa2b_z.jpg,https://farm5.staticflickr.com/3309/3183509325_c12af8166a_o.jpg,https://www.flickr.com/photos/shuichi/3183509325,https://creativecommons.org/licenses/by/2.0/,https://www.flickr.com/people/shuichi/
9122c61ab2de2ef5,home,3,Furniture; Table,0.5875,https://c5.staticflickr.com/6/5564/14654784468_abe31ffb27_z.jpg,https://farm6.staticflickr.com/5564/14654784468_065c6e1ef6_o.jpg,https://www.flickr.com/photos/lauren_michell/14654784468,https://creativecommons.org/licenses/by/2.0/,https://www.flickr.com/people/lauren_michell/
9a6fce7a0afd27b5,home,3,Chair; Furniture,0.17004071862910175,https://c2.staticflickr.com/5/4089/4838029136_785092918e_z.jpg,https://farm6.staticflickr.com/4089/4838029136_8f55f4b0bc_o.jpg,https://www.flickr.com/photos/cmrf_crumlin/4838029136,https://creativecommons.org/licenses/by/2.0/,https://www.flickr.com/people/cmrf_crumlin/
9eeefa5adc2d035d,home,3,Furniture; Table,0.141399178147447,https://c7.staticflickr.com/2/1271/5178483483_9bf3f62434_z.jpg,https://c6.staticflickr.com/2/1271/5178483483_73e25cfabc_o.jpg,https://www.flickr.com/photos/vaillantett/5178483483,https://creativecommons.org/licenses/by/2.0/,https://www.flickr.com/people/vaillantett/
a19f32649e5922bf,home,3,Furniture; Table,0.07588039599577039,https://c5.staticflickr.com/2/1394/1120211784_d184a2e8a4_z.jpg,https://c8.staticflickr.com/2/1394/1120211784_2d46b44c47_o.jpg,https://www.flickr.com/photos/dharrels/1120211784,https://creativecommons.org/licenses/by/2.0/,https://www.flickr.com/people/dharrels/
a51fc84ad9e6f883,home,3,Chair; Furniture,0.08992922532687318,https://c3.staticflickr.com/3/2260/2327958072_cae1b7ac1a_z.jpg?zz=1,https://farm4.staticflickr.com/2260/2327958072_b2db258b55_o.jpg,https://www.flickr.com/photos/daskerst/2327958072,https://creativecommons.org/licenses/by/2.0/,https://www.flickr.com/people/daskerst/
a98ff270b240beab,home,3,Furniture; Table,1.0,https://c5.staticflickr.com/6/5218/5488846792_9ae00cd7f5_z.jpg,https://c4.staticflickr.com/6/5218/5488846792_9efbe98ec7_o.jpg,https://www.flickr.com/photos/autovivacom/5488846792,https://creativecommons.org/licenses/by/2.0/,https://www.flickr.com/people/autovivacom/
ac3f4e50732de3f9,home,3,Furniture; Table,0.11928068438209197,https://c7.staticflickr.com/3/2441/3970502525_1f114c0538_z.jpg,https://c2.staticflickr.com/3/2441/3970502525_af0f614196_o.jpg,https://www.flickr.com/photos/demcanulty/3970502525,https://creativecommons.org/licenses/by/2.0/,https://www.flickr.com/people/demcanulty/
ac8cd22259045ec4,home,3,Furniture; Table,0.5080988459955456,https://c7.staticflickr.com/3/2736/4165068409_9a55503bdf_z.jpg,https://farm5.staticflickr.com/2736/4165068409_84bef47fe0_o.jpg,https://www.flickr.com/photos/42769260@N02/4165068409,https://creativecommons.org/licenses/by/2.0/,https://www.flickr.com/people/42769260@N02/
b068ced86b534913,home,3,Chair; Furniture,0.03867694359332399,https://c3.staticflickr.com/4/3539/3465482526_fea3f00a23_z.jpg,https://farm4.staticflickr.com/3539/3465482526_91dd9b8a83_o.jpg,https://www.flickr.com/photos/chesterfieldsofa/3465482526,https://creativecommons.org/licenses/by/2.0/,https://www.flickr.com/people/chesterfieldsofa/
b0e2711cbe672eb9,home,3,Furniture; Table,0.13068033584374997,https://c1.staticflickr.com/6/5510/12009950886_f43534951e_z.jpg,https://c2.staticflickr.com/6/5510/12009950886_a5d462a4a9_o.jpg,https://www.flickr.com/photos/sora_h/12009950886,https://creativecommons.org/licenses/by/2.0/,https://www.flickr.com/people/sora_h/
b24820cb0c5e1b5c,home,3,Furniture; Table,0.19870450746178003,https://c8.staticflickr.com/5/4090/5011839784_dbf17123f0_z.jpg,https://c5.staticflickr.com/5/4090/5011839784_74b8ebac9b_o.jpg,https://www.flickr.com/photos/tmunicipal/5011839784,https://creativecommons.org/licenses/by/2.0/,https://www.flickr.com/people/tmunicipal/
b2742f8a1bb52661,home,3,Chair; Furniture,0.09677408628124999,https://c1.staticflickr.com/1/23/34583705_29d77cdcd3_z.jpg,https://farm2.staticflickr.com/23/34583705_29d77cdcd3_o.jpg,https://www.flickr.com/photos/halley/34583705,https://creativecommons.org/licenses/by/2.0/,https://www.flickr.com/people/halley/
b5cfa1114ce0d3b3,home,3,Furniture; Table,0.26024291654057996,https://c3.staticflickr.com/9/8096/8471732898_42ae065c67_z.jpg,https://farm4.staticflickr.com/8096/8471732898_3c859da730_o.jpg,https://www.flickr.com/photos/jodiwomack/8471732898,https://creativecommons.org/licenses/by/2.0/,https://www.flickr.com/people/jodiwomack/
b5f3ee6f4f0aef60,home,3,Furniture; Table,0.06165857085678178,https://c8.staticflickr.com/3/2939/14187548256_887f649d44_z.jpg,https://farm1.staticflickr.com/2939/14187548256_b2465a7980_o.jpg,https://www.flickr.com/photos/thed34n/14187548256/,https://creativecommons.org/licenses/by/2.0/,https://www.flickr.com/people/thed34n/
b7640a870db80373,home,3,Furniture; Table,0.3539823,https://c3.staticflickr.com/4/3940/15726198876_0e68a3177a_z.jpg,https://farm4.staticflickr.com/3940/15726198876_88ee2a0ef7_o.jpg,https://www.flickr.com/photos/berkleevalenciamusictech/15726198876,https://creativecommons.org/licenses/by/2.0/,https://www.flickr.com/people/berkleevalenciamusictech/
bc9967276173bb43,home,3,Furniture; Table,0.17787221500332848,https://c5.staticflickr.com/4/3797/9877241425_bfb4f3789f_z.jpg,https://farm4.staticflickr.com/3797/9877241425_6d3c88b26b_o.jpg,https://www.flickr.com/photos/florisje/9877241425,https://creativecommons.org/licenses/by/2.0/,https://www.flickr.com/people/florisje/
c020aa3c539efe6f,home,3,Furniture; Table,0.2633428690899835,https://c1.staticflickr.com/8/7428/16184351650_ff0332761d_z.jpg,https://c8.staticflickr.com/8/7428/16184351650_1b313faa2f_o.jpg,https://www.flickr.com/photos/7armyjmtc/16184351650,https://creativecommons.org/licenses/by/2.0/,https://www.flickr.com/people/7armyjmtc/
c28723be0070c9ff,home,3,Furniture; Table,0.13981676217596997,https://c1.staticflickr.com/6/5287/5358345891_2c35008109_z.jpg,https://c8.staticflickr.com/6/5287/5358345891_78fa41fbf0_o.jpg,https://www.flickr.com/photos/astridge/5358345891,https://creativecommons.org/licenses/by/2.0/,https://www.flickr.com/people/astridge/
c514727f8c45b0a0,home,3,Furniture; Table,0.032760419750000006,https://c3.staticflickr.com/2/1410/5209072729_b5b6ff84d8_z.jpg,https://farm1.staticflickr.com/1410/5209072729_59d0a53428_o.jpg,https://www.flickr.com/photos/ricardokba/5209072729,https://creativecommons.org/licenses/by/2.0/,https://www.flickr.com/people/ricardokba/
c5b72b19796bd5a6,home,3,Furniture; Table,0.05833137673101521,https://c4.staticflickr.com/9/8488/8205745547_5d8e7472ba_z.jpg,https://farm7.staticflickr.com/8488/8205745547_3ef004ec6f_o.jpg,https://www.flickr.com/photos/harvardethics/8205745547/,https://creativecommons.org/licenses/by/2.0/,https://www.flickr.com/people/harvardethics/
c6e12f0028a099c0,home,3,Furniture; Table,0.29939841505427395,https://c4.staticflickr.com/5/4116/4791225437_8c094ca08d_z.jpg,https://farm1.staticflickr.com/4116/4791225437_bd7a7294d5_o.jpg,https://www.flickr.com/photos/bonnerlibrary/4791225437,https://creativecommons.org/licenses/by/2.0/,https://www.flickr.com/people/bonnerlibrary/
cc99dc2dc5a741fc,home,3,Furniture; Table,0.0572075377413397,https://c7.staticflickr.com/3/2756/4095689070_be9db28745_z.jpg?zz=1,https://c5.staticflickr.com/3/2756/4095689070_48b77f1e12_o.jpg,https://www.flickr.com/photos/infrogmation/4095689070,https://creativecommons.org/licenses/by/2.0/,https://www.flickr.com/people/infrogmation/
ce14b6c6ba6f206d,home,3,Chair; Furniture,0.5425469503125,https://c3.staticflickr.com/7/6165/6162723361_03a9711dd2_z.jpg,https://c6.staticflickr.com/7/6165/6162723361_2993f3d70d_o.jpg,https://www.flickr.com/photos/everydaypants/6162723361,https://creativecommons.org/licenses/by/2.0/,https://www.flickr.com/people/everydaypants/
dcbba2e21302e0ad,home,3,Chair; Furniture,0.046445312499999974,https://c3.staticflickr.com/4/3209/2423203447_eb019968d5_z.jpg,https://c6.staticflickr.com/4/3209/2423203447_558c495b2b_o.jpg,https://www.flickr.com/photos/blakespot/2423203447,https://creativecommons.org/licenses/by/2.0/,https://www.flickr.com/people/blakespot/
df0179678dcd6762,home,3,Furniture; Table,0.10956044866184948,https://c8.staticflickr.com/4/3455/3820016531_6a0d7838c6_z.jpg,https://farm3.staticflickr.com/3455/3820016531_c2dd2e62d9_o.jpg,https://www.flickr.com/photos/sfchefs/3820016531,https://creativecommons.org/licenses/by/2.0/,https://www.flickr.com/people/sfchefs/
e786d714873d23cd,home,3,Furniture; Table,0.033347590286256404,https://c5.staticflickr.com/4/3728/9905146816_38f1607683_z.jpg,https://c6.staticflickr.com/4/3728/9905146816_53e6488023_o.jpg,https://www.flickr.com/photos/departmentofed/9905146816,https://creativecommons.org/licenses/by/2.0/,https://www.flickr.com/people/departmentofed/
f76903f01b94dd98,home,3,Furniture; Table,0.150579433046875,https://c6.staticflickr.com/3/2332/2106994522_6a2f6656a6_z.jpg,https://c1.staticflickr.com/3/2332/2106994522_7787f7b01e_o.jpg,https://www.flickr.com/photos/mariya_umama_wethemba_monastery/2106994522,https://creativecommons.org/licenses/by/2.0/,https://www.flickr.com/people/mariya_umama_wethemba_monastery/
00d33e05424ff8cc,home,2,Furniture,0.51662973,https://c1.staticflickr.com/8/7384/16513473865_746970dc51_z.jpg,https://c5.staticflickr.com/8/7384/16513473865_2c080d3649_o.jpg,https://www.flickr.com/photos/mdgovpics/16513473865,https://creativecommons.org/licenses/by/2.0/,https://www.flickr.com/people/mdgovpics/
01ada3c0d980be5e,home,2,Chair; Table,0.14900174848406,https://c4.staticflickr.com/8/7664/16546460324_bbbe925655_z.jpg,https://c7.staticflickr.com/8/7664/16546460324_85b831e482_o.jpg,https://www.flickr.com/photos/chemiebw/16546460324,https://creativecommons.org/licenses/by/2.0/,https://www.flickr.com/people/chemiebw/
0ad602c943c9f568,home,2,Furniture,0.460103489986305,https://c3.staticflickr.com/4/3890/14334940941_7b79261338_z.jpg,https://c1.staticflickr.com/4/3890/14334940941_6288faa2a3_o.jpg,https://www.flickr.com/photos/chemiebw/14334940941,https://creativecommons.org/licenses/by/2.0/,https://www.flickr.com/people/chemiebw/
0b83e754be780735,home,2,Chair; Table,0.9801878475033391,https://c4.staticflickr.com/8/7352/12145678144_2bc43d0ed2_z.jpg,https://farm6.staticflickr.com/7352/12145678144_7761840757_o.jpg,https://www.flickr.com/photos/skellysf/12145678144,https://creativecommons.org/licenses/by/2.0/,https://www.flickr.com/people/skellysf/
0c08c1a56daae22a,home,2,Furniture,0.047591145124999984,https://c3.staticflickr.com/1/460/19474810921_d2f23de0fc_z.jpg,https://c3.staticflickr.com/1/460/19474810921_a311c4d0d8_o.jpg,https://www.flickr.com/photos/wiseleyb/19474810921,https://creativecommons.org/licenses/by/2.0/,https://www.flickr.com/people/wiseleyb/
0ca4cd34574b30be,home,2,Chair; Table,0.44064450378125003,https://c2.staticflickr.com/1/158/375125625_c595fcd5cc_z.jpg,https://c7.staticflickr.com/1/158/375125625_c595fcd5cc_o.jpg,https://www.flickr.com/photos/96147639@N00/375125625,https://creativecommons.org/licenses/by/2.0/,https://www.flickr.com/people/96147639@N00/
0cf3f07eb6c089c0,home,2,Furniture,0.246184906625,https://c3.staticflickr.com/5/4045/4195432736_77b8536fed_z.jpg?zz=1,https://farm1.staticflickr.com/4045/4195432736_c661372698_o.jpg,https://www.flickr.com/photos/coniecto/4195432736,https://creativecommons.org/licenses/by/2.0/,https://www.flickr.com/people/coniecto/
0d27f48afe799682,home,2,Chair; Table,0.73882353,https://c6.staticflickr.com/5/4036/4526351944_87b51c848a_z.jpg,https://farm3.staticflickr.com/4036/4526351944_5b4f5e6699_o.jpg,https://www.flickr.com/photos/militaryhealth/4526351944,https://creativecommons.org/licenses/by/2.0/,https://www.flickr.com/people/militaryhealth/
0f2976036ded177b,home,2,Furniture,0.03289473749999998,https://c8.staticflickr.com/8/7265/7486288624_13fbb84241_z.jpg,https://c4.staticflickr.com/8/7265/7486288624_151cbeef86_o.jpg,https://www.flickr.com/photos/enriquefreire/7486288624,https://creativecommons.org/licenses/by/2.0/,https://www.flickr.com/people/enriquefreire/
116b11d42594defd,home,2,Furniture,0.07541015624999997,https://c8.staticflickr.com/6/5097/5463533966_43e8e49d71_z.jpg,https://c6.staticflickr.com/6/5097/5463533966_7cb607749a_o.jpg,https://www.flickr.com/photos/shinyasuzuki/5463533966,https://creativecommons.org/licenses/by/2.0/,https://www.flickr.com/people/shinyasuzuki/
124d86a6d3953a13,home,2,Furniture,0.052851558656250026,https://c4.staticflickr.com/9/8792/17031718088_cb90c8e3f0_z.jpg,https://farm4.staticflickr.com/8792/17031718088_efdf744750_o.jpg,https://www.flickr.com/photos/g0v/17031718088,https://creativecommons.org/licenses/by/2.0/,https://www.flickr.com/people/g0v/
16eb4cdd8170dad7,home,2,Furniture,0.28563979777618503,https://c8.staticflickr.com/6/5097/5572269985_ee5c90f952_z.jpg,https://farm8.staticflickr.com/5097/5572269985_9ffd2d4d31_o.jpg,https://www.flickr.com/photos/61262894@N08/5572269985,https://creativecommons.org/licenses/by/2.0/,https://www.flickr.com/people/61262894@N08/
2117bc938d9d9ea4,home,2,Furniture,0.19687498875,https://c3.staticflickr.com/8/7323/9466663348_957cb61dde_z.jpg,https://farm5.staticflickr.com/7323/9466663348_63e4766911_o.jpg,https://www.flickr.com/photos/townsquare/9466663348,https://creativecommons.org/licenses/by/2.0/,https://www.flickr.com/people/townsquare/
21d0851a96ca6250,home,2,Furniture,0.265357147830645,https://c8.staticflickr.com/4/3514/3962651462_e404b4265c_z.jpg,https://farm1.staticflickr.com/3514/3962651462_e98f55bcf9_o.jpg,https://www.flickr.com/photos/17fib/3962651462,https://creativecommons.org/licenses/by/2.0/,https://www.flickr.com/people/17fib/
e18f8379d3e272b5,office,22,Computer monitor; Desk; Office building,0.287588016891004,https://c2.staticflickr.com/6/5022/5738800135_03a0e31336_z.jpg,https://farm6.staticflickr.com/5022/5738800135_33dd82292a_o.jpg,https://www.flickr.com/photos/evablue/5738800135,https://creativecommons.org/licenses/by/2.0/,https://www.flickr.com/people/evablue/
93571caf001549a1,office,19,Desk; Office building; Suit,0.04595225528304001,https://c3.staticflickr.com/4/3628/3385968025_969e0b1f67_z.jpg?zz=1,https://farm2.staticflickr.com/3628/3385968025_77df36ff18_o.jpg,https://www.flickr.com/photos/25645682@N00/3385968025,https://creativecommons.org/licenses/by/2.0/,https://www.flickr.com/people/25645682@N00/
78f2c3f1b0899c09,office,18,Chair; Desk; Office building; Table,0.5760156123750001,https://c7.staticflickr.com/9/8191/8141824718_7e36bfcbc3_z.jpg,https://c2.staticflickr.com/9/8191/8141824718_7dc572a92e_o.jpg,https://www.flickr.com/photos/theraycenter/8141824718,https://creativecommons.org/licenses/by/2.0/,https://www.flickr.com/people/theraycenter/
a47cd83076dc497e,office,18,Chair; Desk; Office building; Table,0.5562168712422,https://c3.staticflickr.com/4/3425/3358203645_5c76c2bc64_z.jpg,https://c7.staticflickr.com/4/3425/3358203645_2c30c651af_o.jpg,https://www.flickr.com/photos/marcogomes/3358203645,https://creativecommons.org/licenses/by/2.0/,https://www.flickr.com/people/marcogomes/
d8af5e9c82380fe5,office,18,Chair; Desk; Office building; Table,0.09612304846874999,https://c8.staticflickr.com/4/3177/2810300279_e091b6e249_z.jpg,https://farm6.staticflickr.com/3177/2810300279_15bc226b35_o.jpg,https://www.flickr.com/photos/katielips/2810300279,https://creativecommons.org/licenses/by/2.0/,https://www.flickr.com/people/katielips/
e78393874387b718,office,18,Chair; Desk; Office building; Table,0.032524695465417613,https://c8.staticflickr.com/1/39/83154753_e69944e649_z.jpg,https://c1.staticflickr.com/1/39/83154753_e69944e649_o.jpg,https://www.flickr.com/photos/scottfeldstein/83154753,https://creativecommons.org/licenses/by/2.0/,https://www.flickr.com/people/scottfeldstein/
34b65dafe328d39e,office,17,Desk; Office building; Table,0.15065755968749997,https://c4.staticflickr.com/2/1440/617831384_5ea71bfbd0_z.jpg?zz=1,https://c7.staticflickr.com/2/1440/617831384_26f7e709e0_o.jpg,https://www.flickr.com/photos/kjarrett/617831384,https://creativecommons.org/licenses/by/2.0/,https://www.flickr.com/people/kjarrett/
59f89863852379cf,office,17,Chair; Desk; Office building,0.8042480480062499,https://c3.staticflickr.com/4/3693/9300557987_e8605cd4b0_z.jpg,https://c8.staticflickr.com/4/3693/9300557987_e1891d0736_o.jpg,https://www.flickr.com/photos/phase2technology/9300557987,https://creativecommons.org/licenses/by/2.0/,https://www.flickr.com/people/phase2technology/
709340946095cf0d,office,17,Desk; Office building; Table,0.10613931578125003,https://c4.staticflickr.com/7/6234/6350081786_4466ff39da_z.jpg,https://c6.staticflickr.com/7/6234/6350081786_ef5e429a22_o.jpg,https://www.flickr.com/photos/usembsweden/6350081786,https://creativecommons.org/licenses/by/2.0/,https://www.flickr.com/people/usembsweden/
8748e08a3fcf868d,office,17,Desk; Office building; Table,0.07186022847189817,https://c4.staticflickr.com/8/7267/7637202958_27bb7a20d7_z.jpg,https://c6.staticflickr.com/8/7267/7637202958_37a3b20215_o.jpg,https://www.flickr.com/photos/48698930@N04/7637202958,https://creativecommons.org/licenses/by/2.0/,https://www.flickr.com/people/48698930@N04/
b24820cb0c5e1b5c,office,17,Desk; Office building; Table,0.19870450746178003,https://c8.staticflickr.com/5/4090/5011839784_dbf17123f0_z.jpg,https://c5.staticflickr.com/5/4090/5011839784_74b8ebac9b_o.jpg,https://www.flickr.com/photos/tmunicipal/5011839784,https://creativecommons.org/licenses/by/2.0/,https://www.flickr.com/people/tmunicipal/
6dc9c50218de115b,office,16,Desk; Office building,0.12250000199999997,https://c2.staticflickr.com/8/7229/6867765604_4a8314fbf2_z.jpg,https://c4.staticflickr.com/8/7229/6867765604_98c0856d20_o.jpg,https://www.flickr.com/photos/70159240@N00/6867765604/,https://creativecommons.org/licenses/by/2.0/,https://www.flickr.com/people/70159240@N00/
ae4580cd106bb09e,office,16,Desk; Office building,0.04913085937499999,https://c5.staticflickr.com/8/7022/6429921781_ebfdca00f9_z.jpg,https://c7.staticflickr.com/8/7022/6429921781_d8f231b5af_o.jpg,https://www.flickr.com/photos/egfocus/6429921781,https://creativecommons.org/licenses/by/2.0/,https://www.flickr.com/people/egfocus/
e7eca2eb3abfebf9,office,16,Desk; Office building,0.12199467640039681,https://c7.staticflickr.com/6/5523/14369676470_9f1aca91d2_z.jpg,https://c2.staticflickr.com/6/5523/14369676470_a023b35a65_o.jpg,https://www.flickr.com/photos/125762925@N04/14369676470,https://creativecommons.org/licenses/by/2.0/,https://www.flickr.com/people/125762925@N04/
45156879c5dac37d,office,15,Computer monitor; Office building,0.057607278494782775,https://c5.staticflickr.com/1/755/20852088065_caefc30454_z.jpg,https://c6.staticflickr.com/1/755/20852088065_b99c3a6995_o.jpg,https://www.flickr.com/photos/nihgov/20852088065,https://creativecommons.org/licenses/by/2.0/,https://www.flickr.com/people/nihgov/
2652af185a59196c,office,12,Office building; Suit,0.6421875,https://c4.staticflickr.com/1/31/66176756_51eec9caca_z.jpg?zz=1,https://c5.staticflickr.com/1/31/66176756_51eec9caca_o.jpg,https://www.flickr.com/photos/tokuriki/66176756,https://creativecommons.org/licenses/by/2.0/,https://www.flickr.com/people/tokuriki/
01ada3c0d980be5e,office,11,Chair; Office building; Table,0.14900174848406,https://c4.staticflickr.com/8/7664/16546460324_bbbe925655_z.jpg,https://c7.staticflickr.com/8/7664/16546460324_85b831e482_o.jpg,https://www.flickr.com/photos/chemiebw/16546460324,https://creativecommons.org/licenses/by/2.0/,https://www.flickr.com/people/chemiebw/
16f352b006a890cd,office,11,Chair; Office building; Table,0.048242193187500004,https://c2.staticflickr.com/8/7218/7172331523_82a14c43a8_z.jpg,https://c6.staticflickr.com/8/7218/7172331523_3c30c303bc_o.jpg,https://www.flickr.com/photos/apreche/7172331523,https://creativecommons.org/licenses/by/2.0/,https://www.flickr.com/people/apreche/
8de803c15dc6dc7d,office,11,Chair; Office building; Table,0.10920001369547341,https://c3.staticflickr.com/3/2604/4077598908_234b91c5d6_z.jpg,https://c6.staticflickr.com/3/2604/4077598908_8586d77db2_o.jpg,https://www.flickr.com/photos/usarmyafrica/4077598908,https://creativecommons.org/licenses/by/2.0/,https://www.flickr.com/people/usarmyafrica/
94db4acb87c96181,office,11,Chair; Office building; Table,0.85416667,https://c7.staticflickr.com/4/3890/15276927441_def08ca9e2_z.jpg,https://farm2.staticflickr.com/3890/15276927441_6f21f6f069_o.jpg,https://www.flickr.com/photos/arnoldoochoa/15276927441,https://creativecommons.org/licenses/by/2.0/,https://www.flickr.com/people/arnoldoochoa/
ddd78d7007d17a75,office,11,Chair; Office building; Table,0.20618552963937234,https://c3.staticflickr.com/9/8091/8595433397_ffef0825a0_z.jpg,https://farm6.staticflickr.com/8091/8595433397_e0cc4e1e30_o.jpg,https://www.flickr.com/photos/collegelibrary/8595433397,https://creativecommons.org/licenses/by/2.0/,https://www.flickr.com/people/collegelibrary/
146316cdeb2aef2a,office,10,Chair; Office building,0.96017699,https://c2.staticflickr.com/9/8452/7994369759_48a8bc69fc_z.jpg,https://c3.staticflickr.com/9/8452/7994369759_0a63aeefbb_o.jpg,https://www.flickr.com/photos/juhansonin/7994369759,https://creativecommons.org/licenses/by/2.0/,https://www.flickr.com/people/juhansonin/
6e38935a10c37c78,office,10,Office building; Table,0.15662349224021518,https://c4.staticflickr.com/9/8654/15405587244_b7dc77e21e_z.jpg,https://c1.staticflickr.com/9/8654/15405587244_78cc7a62a1_o.jpg,https://www.flickr.com/photos/igwindkraft/15405587244,https://creativecommons.org/licenses/by/2.0/,https://www.flickr.com/people/igwindkraft/
b7640a870db80373,office,10,Office building; Table,0.3539823,https://c3.staticflickr.com/4/3940/15726198876_0e68a3177a_z.jpg,https://farm4.staticflickr.com/3940/15726198876_88ee2a0ef7_o.jpg,https://www.flickr.com/photos/berkleevalenciamusictech/15726198876,https://creativecommons.org/licenses/by/2.0/,https://www.flickr.com/people/berkleevalenciamusictech/
bfa65e0e57804889,office,10,Office building; Table,0.27703816540253806,https://c4.staticflickr.com/9/8511/8459310426_bf11a11f88_z.jpg,https://c2.staticflickr.com/9/8511/8459310426_1d375aec86_o.jpg,https://www.flickr.com/photos/szene/8459310426/,https://creativecommons.org/licenses/by/2.0/,https://www.flickr.com/people/szene/
c1030024bf97809c,office,10,Office building; Table,0.044997897054594005,https://c5.staticflickr.com/4/3158/2902147055_dba3efcf3b_z.jpg,https://c5.staticflickr.com/4/3158/2902147055_7e1fce22dd_o.jpg,https://www.flickr.com/photos/yuko_ppp/2902147055,https://creativecommons.org/licenses/by/2.0/,https://www.flickr.com/people/yuko_ppp/
e7574843621495bd,office,10,Chair; Office building,0.06902100725316612,https://c8.staticflickr.com/6/5186/5603527713_f8279581af_z.jpg,https://c6.staticflickr.com/6/5186/5603527713_4fdd059cc2_o.jpg,https://www.flickr.com/photos/wufoo/5603527713,https://creativecommons.org/licenses/by/2.0/,https://www.flickr.com/people/wufoo/
356ee35811299b3e,office,9,Chair; Desk; Table,0.1763671740625,https://c8.staticflickr.com/8/7261/6937932892_2fba48b08f_z.jpg,https://c7.staticflickr.com/8/7261/6937932892_f02d398624_o.jpg,https://www.flickr.com/photos/bgsulib67/6937932892,https://creativecommons.org/licenses/by/2.0/,https://www.flickr.com/people/bgsulib67/
373c26ce480f8d29,office,9,Office building,0.33002072840821994,https://c2.staticflickr.com/1/258/18669617612_9c3ffe94aa_z.jpg,https://c2.staticflickr.com/1/258/18669617612_fbb14c434b_o.jpg,https://www.flickr.com/photos/m0g/18669617612,https://creativecommons.org/licenses/by/2.0/,https://www.flickr.com/people/m0g/
40a05ea0282d5897,office,9,Office building,0.7214242698037074,https://c7.staticflickr.com/6/5658/21514412514_a0ce821d88_z.jpg,https://farm8.staticflickr.com/5658/21514412514_efdbb3ca75_o.jpg,https://www.flickr.com/photos/colegioabg/21514412514,https://creativecommons.org/licenses/by/2.0/,https://www.flickr.com/people/colegioabg/
384c40047ff7c36f,office,8,Desk; Table,0.17759808326728801,https://c6.staticflickr.com/5/4129/4987649510_6892e8698d_z.jpg,https://c8.staticflickr.com/5/4129/4987649510_55decb0cae_o.jpg,https://www.flickr.com/photos/luigimengato/4987649510,https://creativecommons.org/licenses/by/2.0/,https://www.flickr.com/people/luigimengato/
51d93439435b2c0f,office,8,Desk; Table,0.15611978031250004,https://c3.staticflickr.com/6/5041/5213303218_ae9e659937_z.jpg,https://c8.staticflickr.com/6/5041/5213303218_2b57bcaf0a_o.jpg,https://www.flickr.com/photos/snotch/5213303218,https://creativecommons.org/licenses/by/2.0/,https://www.flickr.com/people/snotch/
6e8d404727e9d979,office,8,Desk; Table,0.513132309764784,https://c5.staticflickr.com/7/6164/6224828232_c9b38ca9ee_z.jpg,https://c2.staticflickr.com/7/6164/6224828232_4b2c9d23e2_o.jpg,https://www.flickr.com/photos/transitomedellin/6224828232,https://creativecommons.org/licenses/by/2.0/,https://www.flickr.com/people/transitomedellin/
731173d27e06b210,office,8,Desk; Table,0.307541691804892,https://c2.staticflickr.com/3/2334/1795441870_d57e4c12c6_z.jpg,https://farm1.staticflickr.com/2334/1795441870_39d27614e6_o.jpg,https://www.flickr.com/photos/runneralan/1795441870,https://creativecommons.org/licenses/by/2.0/,https://www.flickr.com/people/runneralan/
82e651da7cf386ae,office,8,Computer; Computer monitor,0.1304460917004349,https://c2.staticflickr.com/9/8076/8401319422_12ed425b56_z.jpg,https://c7.staticflickr.com/9/8076/8401319422_10686bbf6d_o.jpg,https://www.flickr.com/photos/chuck_notorious/8401319422,https://creativecommons.org/licenses/by/2.0/,https://www.flickr.com/people/chuck_notorious/
e786d714873d23cd,office,8,Desk; Table,0.033347590286256404,https://c5.staticflickr.com/4/3728/9905146816_38f1607683_z.jpg,https://c6.staticflickr.com/4/3728/9905146816_53e6488023_o.jpg,https://www.flickr.com/photos/departmentofed/9905146816,https://creativecommons.org/licenses/by/2.0/,https://www.flickr.com/people/departmentofed/
f76903f01b94dd98,office,8,Desk; Table,0.150579433046875,https://c6.staticflickr.com/3/2332/2106994522_6a2f6656a6_z.jpg,https://c1.staticflickr.com/3/2332/2106994522_7787f7b01e_o.jpg,https://www.flickr.com/photos/mariya_umama_wethemba_monastery/2106994522,https://creativecommons.org/licenses/by/2.0/,https://www.flickr.com/people/mariya_umama_wethemba_monastery/
fd1088e194f01b60,office,8,Desk; Table,0.046142578124999986,https://c2.staticflickr.com/4/3222/2461425480_f2af6f474a_z.jpg,https://farm1.staticflickr.com/3222/2461425480_d47ea25f14_o.jpg,https://www.flickr.com/photos/53743295@N00/2461425480,https://creativecommons.org/licenses/by/2.0/,https://www.flickr.com/people/53743295@N00/
04cf81f7483d5c72,office,7,Formal wear; Suit,0.927621864,https://c2.staticflickr.com/4/3719/10953985114_824d03c7ac_z.jpg,https://farm3.staticflickr.com/3719/10953985114_822faa472f_o.jpg,https://www.flickr.com/photos/ashleymackinnon/10953985114,https://creativecommons.org/licenses/by/2.0/,https://www.flickr.com/people/ashleymackinnon/
0ca06a9280f4d1ae,office,7,Formal wear; Suit,0.4809525429853468,https://c4.staticflickr.com/1/81/221967229_d360c6e8a5_z.jpg?zz=1,https://c7.staticflickr.com/1/81/221967229_d360c6e8a5_o.jpg,https://www.flickr.com/photos/jamiecook/221967229,https://creativecommons.org/licenses/by/2.0/,https://www.flickr.com/people/jamiecook/
124d86a6d3953a13,office,7,Desk,0.052851558656250026,https://c4.staticflickr.com/9/8792/17031718088_cb90c8e3f0_z.jpg,https://farm4.staticflickr.com/8792/17031718088_efdf744750_o.jpg,https://www.flickr.com/photos/g0v/17031718088,https://creativecommons.org/licenses/by/2.0/,https://www.flickr.com/people/g0v/
5635c9b530f89131,office,7,Formal wear; Suit,0.08418826575560404,https://c8.staticflickr.com/1/2/1664078_1e808bbd6c_z.jpg,https://farm2.staticflickr.com/2/1664078_1e808bbd6c_o.jpg,https://www.flickr.com/photos/jason_hutchens/1664078,https://creativecommons.org/licenses/by/2.0/,https://www.flickr.com/people/jason_hutchens/
58753b106a49132b,office,7,Formal wear; Suit,0.6425992899999999,https://c1.staticflickr.com/6/5473/14199642222_58b92b4f26_z.jpg,https://c4.staticflickr.com/6/5473/14199642222_567d2afa69_o.jpg,https://www.flickr.com/photos/colecamplese/14199642222,https://creativecommons.org/licenses/by/2.0/,https://www.flickr.com/people/colecamplese/
9036157b782b13e5,office,7,Desk,0.0454166689375,https://c7.staticflickr.com/3/2900/14033799676_694414dea7_z.jpg,https://farm6.staticflickr.com/2900/14033799676_181da0fcae_o.jpg,https://www.flickr.com/photos/yto/14033799676,https://creativecommons.org/licenses/by/2.0/,https://www.flickr.com/people/yto/
cf8402aeb5c286d8,office,7,Formal wear; Suit,0.5296747290832615,https://c5.staticflickr.com/8/7071/7285158826_d57b5d9c73_z.jpg,https://c1.staticflickr.com/8/7071/7285158826_0e39f13941_o.jpg,https://www.flickr.com/photos/51118464@N06/7285158826,https://creativecommons.org/licenses/by/2.0/,https://www.flickr.com/people/51118464@N06/
09ea349ee555b61d,office,6,Computer monitor,0.448004429570725,https://c6.staticflickr.com/6/5031/5871553771_c3996648b8_z.jpg,https://c6.staticflickr.com/6/5031/5871553771_8e637f5473_o.jpg,https://www.flickr.com/photos/aaronpk/5871553771,https://creativecommons.org/licenses/by/2.0/,https://www.flickr.com/people/aaronpk/
0c295283d2a46bd7,office,6,Computer monitor,0.6104714685259928,https://c7.staticflickr.com/4/3319/3585134759_72ed0d882e_z.jpg,https://farm8.staticflickr.com/3319/3585134759_ae62e270cd_o.jpg,https://www.flickr.com/photos/lateja/3585134759,https://creativecommons.org/licenses/by/2.0/,https://www.flickr.com/people/lateja/
24e4a46f7ce04aa6,office,6,Computer monitor,0.21732318950093998,https://c5.staticflickr.com/4/3861/15012990996_9c2810e5ac_z.jpg,https://farm7.staticflickr.com/3861/15012990996_c783a3fbd3_o.jpg,https://www.flickr.com/photos/pinnaclecollege/15012990996,https://creativecommons.org/licenses/by/2.0/,https://www.flickr.com/people/pinnaclecollege/
45a98c6eb828a0c9,office,6,Computer monitor,0.17955729371875004,https://c7.staticflickr.com/3/2381/1852555351_b0ae0232dc_z.jpg?zz=1,https://c2.staticflickr.com/3/2381/1852555351_9f0eab7265_o.jpg,https://www.flickr.com/photos/dplanet/1852555351,https://creativecommons.org/licenses/by/2.0/,https://www.flickr.com/people/dplanet/
46b3ee69cede9f7c,office,6,Computer monitor,0.08669433347795442,https://c7.staticflickr.com/8/7244/7195722208_910edac83d_z.jpg,https://c5.staticflickr.com/8/7244/7195722208_5f17454c84_o.jpg,https://www.flickr.com/photos/workshop/7195722208,https://creativecommons.org/licenses/by/2.0/,https://www.flickr.com/people/workshop/
766de0978874e4ad,office,6,Computer monitor,0.22720238310787935,https://c1.staticflickr.com/7/6122/5952284090_1de235a520_z.jpg,https://c6.staticflickr.com/7/6122/5952284090_726b6a1cf8_o.jpg,https://www.flickr.com/photos/thomcochrane/5952284090,https://creativecommons.org/licenses/by/2.0/,https://www.flickr.com/people/thomcochrane/
a6cd0e29296069a8,office,6,Computer monitor,0.43112221058131533,https://c6.staticflickr.com/9/8208/8199059662_0570668db2_z.jpg,https://c1.staticflickr.com/9/8208/8199059662_349c89b038_o.jpg,https://www.flickr.com/photos/olpc/8199059662,https://creativecommons.org/licenses/by/2.0/,https://www.flickr.com/people/olpc/
b1a6a754a6776670,office,6,Computer monitor,0.13234374656249995,https://c6.staticflickr.com/4/3036/2424473631_fc678cf977_z.jpg,https://farm1.staticflickr.com/3036/2424473631_928ab8205e_o.jpg,https://www.flickr.com/photos/jakecaptive/2424473631,https://creativecommons.org/licenses/by/2.0/,https://www.flickr.com/people/jakecaptive/
b36f6840e4856280,office,6,Computer monitor,0.5065429865625,https://c4.staticflickr.com/6/5187/5624843741_8efc4dea36_z.jpg,https://farm1.staticflickr.com/5187/5624843741_dfebf77d2f_o.jpg,https://www.flickr.com/photos/osseous/5624843741,https://creativecommons.org/licenses/by/2.0/,https://www.flickr.com/people/osseous/
b461eb437bf426b3,office,6,Computer monitor,0.03046875187500001,https://c6.staticflickr.com/4/3026/2596235922_4dabaf1cf7_z.jpg,https://c7.staticflickr.com/4/3026/2596235922_5c156704b8_o.jpg,https://www.flickr.com/photos/karles/2596235922,https://creativecommons.org/licenses/by/2.0/,https://www.flickr.com/people/karles/
d631e3098d7ae780,office,6,Computer monitor,0.7064897,https://c3.staticflickr.com/4/3079/2882259586_9669f1496c_z.jpg,https://farm1.staticflickr.com/3079/2882259586_39533f9c8c_o.jpg,https://www.flickr.com/photos/56891095@N00/2882259586,https://creativecommons.org/licenses/by/2.0/,https://www.flickr.com/people/56891095@N00/
eb0f9fbe76bdc635,office,6,Computer monitor,0.67551626,https://c4.staticflickr.com/8/7434/12116215433_e891589126_z.jpg,https://farm6.staticflickr.com/7434/12116215433_23fef7ed88_o.jpg,https://www.flickr.com/photos/uclmedphys/12116215433,https://creativecommons.org/licenses/by/2.0/,https://www.flickr.com/people/uclmedphys/
fea234629eea3827,office,6,Computer monitor,0.1973914206093648,https://c5.staticflickr.com/5/4056/4345910813_c691717ee7_z.jpg?zz=1,https://farm8.staticflickr.com/4056/4345910813_dd1ba4fded_o.jpg,https://www.flickr.com/photos/cliniquebeaulieu/4345910813,https://creativecommons.org/licenses/by/2.0/,https://www.flickr.com/people/cliniquebeaulieu/
00173afdc7581c41,office,4,Suit; Table,0.285435280029762,,https://farm2.staticflickr.com/8817/17208815111_e8c9eb55ee_o.jpg,https://www.flickr.com/photos/125285819@N05/17208815111,https://creativecommons.org/licenses/by/2.0/,https://www.flickr.com/people/125285819@N05/
15272ba02184a37c,office,4,Chair; Suit,0.76200418,https://c7.staticflickr.com/8/7007/6437365405_58cd833844_z.jpg,https://c5.staticflickr.com/8/7007/6437365405_09288d8fbb_o.jpg,https://www.flickr.com/photos/61567423@N02/6437365405,https://creativecommons.org/licenses/by/2.0/,https://www.flickr.com/people/61567423@N02/
4a1459ae4b03ed76,office,4,Formal wear,0.939820196781672,https://c2.staticflickr.com/5/4082/4937187330_4fd7812732_z.jpg,https://farm7.staticflickr.com/4082/4937187330_dc5065f13d_o.jpg,https://www.flickr.com/photos/51465099@N00/4937187330,https://creativecommons.org/licenses/by/2.0/,https://www.flickr.com/people/51465099@N00/
6157fa4f24599b1d,office,4,Suit; Table,0.12320000219999999,,https://c6.staticflickr.com/3/2603/4113313312_9fa2202934_o.jpg,https://www.flickr.com/photos/americaspower/4113313312,https://creativecommons.org/licenses/by/2.0/,https://www.flickr.com/people/americaspower/
65bc5e5a83bc7647,office,4,Suit; Table,0.7920354,https://c4.staticflickr.com/1/338/18460549230_1e7d6eac8e_z.jpg,https://farm8.staticflickr.com/338/18460549230_2137191789_o.jpg,https://www.flickr.com/photos/foto_plus/18460549230,https://creativecommons.org/licenses/by/2.0/,https://www.flickr.com/people/foto_plus/
75d6ce536f0e3403,office,4,Formal wear,0.6885042409842871,https://c7.staticflickr.com/4/3646/3681406763_22ae0783cd_z.jpg?zz=1,https://farm4.staticflickr.com/3646/3681406763_2bb7a65acc_o.jpg,https://www.flickr.com/photos/jamiesrabbits/3681406763,https://creativecommons.org/licenses/by/2.0/,https://www.flickr.com/people/jamiesrabbits/
809d426b0ed06d55,office,4,Chair; Suit,0.6733533577200992,https://c6.staticflickr.com/6/5027/5813090954_6b91a80c7a_z.jpg,https://farm6.staticflickr.com/5027/5813090954_a056b6a6a4_o.jpg,https://www.flickr.com/photos/hiang/5813090954,https://creativecommons.org/licenses/by/2.0/,https://www.flickr.com/people/hiang/
839f30c238af6419,office,4,Suit; Table,0.87284483,https://c3.staticflickr.com/5/4057/4543291416_3434cbd525_z.jpg,https://c2.staticflickr.com/5/4057/4543291416_8968371fdc_o.jpg,https://www.flickr.com/photos/estonian-foreign-ministry/4543291416,https://creativecommons.org/licenses/by/2.0/,https://www.flickr.com/people/estonian-foreign-ministry/
8b7682ecc501e171,office,4,Formal wear,0.99631596306876,https://c7.staticflickr.com/5/4149/5149942186_890bb48dae_z.jpg,https://farm2.staticflickr.com/4149/5149942186_5ebf7280a8_o.jpg,https://www.flickr.com/photos/javyer/5149942186,https://creativecommons.org/licenses/by/2.0/,https://www.flickr.com/people/javyer/
9c388e71ce77ff97,office,4,Suit; Table,0.4065982438225806,https://c4.staticflickr.com/4/3950/18649180178_f6c90caca1_z.jpg,https://farm8.staticflickr.com/3950/18649180178_21250c4a2e_o.jpg,https://www.flickr.com/photos/ninian_reid/18649180178,https://creativecommons.org/licenses/by/2.0/,https://www.flickr.com/people/ninian_reid/
9d29fde9c9e6a818,office,4,Chair; Suit,0.23485392837941763,https://c2.staticflickr.com/9/8204/8185059353_a944a65256_z.jpg,https://c1.staticflickr.com/9/8204/8185059353_42a62d2ba6_o.jpg,https://www.flickr.com/photos/minoritenplatz8/8185059353,https://creativecommons.org/licenses/by/2.0/,https://www.flickr.com/people/minoritenplatz8/
9feb65ec5bd010c5,office,4,Formal wear,0.44343732753624626,https://c8.staticflickr.com/4/3723/13902783671_d309381239_z.jpg,https://farm6.staticflickr.com/3723/13902783671_fdbcb3ee87_o.jpg,https://www.flickr.com/photos/treemediaextensions/13902783671,https://creativecommons.org/licenses/by/2.0/,https://www.flickr.com/people/treemediaextensions/
10e35627dac58772,office,3,Suit,0.7205664062500001,https://c7.staticflickr.com/6/5493/10397811763_e2a6206f23_z.jpg,https://farm3.staticflickr.com/5493/10397811763_b023ac145e_o.jpg,https://www.flickr.com/photos/26326001@N08/10397811763,https://creativecommons.org/licenses/by/2.0/,https://www.flickr.com/people/26326001@N08/
127e3f5d73ce1c24,office,3,Suit,0.6238350506325216,https://c6.staticflickr.com/4/3929/15389371422_afebd99dcd_z.jpg,https://farm5.staticflickr.com/3929/15389371422_aab4c1f60c_o.jpg,https://www.flickr.com/photos/mauriziolupi/15389371422,https://creativecommons.org/licenses/by/2.0/,https://www.flickr.com/people/mauriziolupi/
1314838e2ee5b090,office,3,Suit,0.04937499999999999,https://c1.staticflickr.com/5/4111/5191722122_3e34580c31_z.jpg,https://farm1.staticflickr.com/4111/5191722122_12dd963b24_o.jpg,https://www.flickr.com/photos/yortw/5191722122,https://creativecommons.org/licenses/by/2.0/,https://www.flickr.com/people/yortw/
200de26cc03b5d3c,office,3,Suit,0.59070796,https://c7.staticflickr.com/3/2823/11937913343_4d14204546_z.jpg,https://c5.staticflickr.com/3/2823/11937913343_4ab9e1c0a5_o.jpg,https://www.flickr.com/photos/ralphandjenny/11937913343,https://creativecommons.org/licenses/by/2.0/,https://www.flickr.com/people/ralphandjenny/
263bde34e379b258,office,3,Suit,0.051700740582400005,https://c5.staticflickr.com/9/8102/8660197592_2f6d3fde40_z.jpg,https://c1.staticflickr.com/9/8102/8660197592_977fb5644e_o.jpg,https://www.flickr.com/photos/75602249@N02/8660197592,https://creativecommons.org/licenses/by/2.0/,https://www.flickr.com/people/75602249@N02/
2a1dd6244c9d21b8,office,3,Suit,0.257341979076409,https://c6.staticflickr.com/8/7623/16993547941_b78c41bf52_z.jpg,https://c1.staticflickr.com/8/7623/16993547941_c499aa4bcb_o.jpg,https://www.flickr.com/photos/jamoral/16993547941,https://creativecommons.org/licenses/by/2.0/,https://www.flickr.com/people/jamoral/
2da40ca9908b6145,office,3,Suit,0.946308725,https://c5.staticflickr.com/7/6051/5912458472_d1bb40c23c_z.jpg,https://farm6.staticflickr.com/6051/5912458472_ab1610e579_o.jpg,https://www.flickr.com/photos/us_mission_canada/5912458472,https://creativecommons.org/licenses/by/2.0/,https://www.flickr.com/people/us_mission_canada/
2dd05a7ffa09c95d,office,3,Suit,1.0,https://c4.staticflickr.com/6/5259/5424896625_c4d45eb32f_z.jpg,https://c6.staticflickr.com/6/5259/5424896625_9b6e9c1e79_o.jpg,https://www.flickr.com/photos/23066640@N08/5424896625,https://creativecommons.org/licenses/by/2.0/,https://www.flickr.com/people/23066640@N08/
30dc8f6e837f7b47,office,3,Suit,0.046988797227659994,https://c8.staticflickr.com/4/3334/3624977549_125e43d149_z.jpg,https://farm8.staticflickr.com/3334/3624977549_4f92f14b94_o.jpg,https://www.flickr.com/photos/szene/3624977549,https://creativecommons.org/licenses/by/2.0/,https://www.flickr.com/people/szene/
33e560e47afb32fc,office,3,Suit,0.76218613,https://c8.staticflickr.com/4/3024/3109687343_5e971cdc9b_z.jpg?zz=1,https://c5.staticflickr.com/4/3024/3109687343_9bc9d8ecf0_o.jpg,https://www.flickr.com/photos/mbosio/3109687343,https://creativecommons.org/licenses/by/2.0/,https://www.flickr.com/people/mbosio/
35e495ce9e92e7c8,office,3,Suit,0.9715060085214017,https://c3.staticflickr.com/6/5195/14133321741_02b3aea740_z.jpg,https://c1.staticflickr.com/6/5195/14133321741_a3b659a644_o.jpg,https://www.flickr.com/photos/81421369@N04/14133321741,https://creativecommons.org/licenses/by/2.0/,https://www.flickr.com/people/81421369@N04/
3722904d5b45c676,office,3,Suit,0.9234375,https://c6.staticflickr.com/4/3917/14411599230_f5dd8a26a9_z.jpg,https://farm7.staticflickr.com/3917/14411599230_4124b2801d_o.jpg,https://www.flickr.com/photos/joebackward/14411599230,https://creativecommons.org/licenses/by/2.0/,https://www.flickr.com/people/joebackward/
377124bb7d32d9d3,office,3,Suit,0.7185142502500124,,https://farm4.staticflickr.com/34/64001840_51189ff192_o.jpg,https://www.flickr.com/photos/pandemia/64001840,https://creativecommons.org/licenses/by/2.0/,https://www.flickr.com/people/pandemia/
3c11db8fd0e9bc8d,office,3,Suit,0.911504425,https://c1.staticflickr.com/6/5189/5633178255_836e5a466e_z.jpg,https://c6.staticflickr.com/6/5189/5633178255_84358cbec0_o.jpg,https://www.flickr.com/photos/nostri-imago/5633178255,https://creativecommons.org/licenses/by/2.0/,https://www.flickr.com/people/nostri-imago/
3ecbdb0ec36b0ece,office,3,Suit,0.87417221,https://c7.staticflickr.com/4/3046/2611989149_e81bb34147_z.jpg,https://c7.staticflickr.com/4/3046/2611989149_6f1baeeea0_o.jpg,https://www.flickr.com/photos/egevad/2611989149,https://creativecommons.org/licenses/by/2.0/,https://www.flickr.com/people/egevad/
4f7930bdc1214e9e,office,3,Suit,0.12584309595312498,https://c7.staticflickr.com/4/3268/2429158183_85c6637ca1_z.jpg,https://c7.staticflickr.com/4/3268/2429158183_48199a594d_o.jpg,https://www.flickr.com/photos/pamelav/2429158183,https://creativecommons.org/licenses/by/2.0/,https://www.flickr.com/people/pamelav/
51fe97432f896dc3,office,3,Suit,0.904684976,https://c1.staticflickr.com/3/2929/13902683870_f4a3aa0daa_z.jpg,https://farm4.staticflickr.com/2929/13902683870_bfc6309c58_o.jpg,https://www.flickr.com/photos/mc4army/13902683870,https://creativecommons.org/licenses/by/2.0/,https://www.flickr.com/people/mc4army/
53c991dec4e98d84,office,3,Suit,0.46647446476962057,https://c2.staticflickr.com/3/2646/3880594388_30fc17a610_z.jpg,https://farm5.staticflickr.com/2646/3880594388_780e498877_o.jpg,https://www.flickr.com/photos/peosoldier/3880594388,https://creativecommons.org/licenses/by/2.0/,https://www.flickr.com/people/peosoldier/
54b7a0bc0d489fe8,office,3,Suit,0.08384069637940832,https://c4.staticflickr.com/5/4105/5010433194_4cf886ec40_z.jpg,https://c1.staticflickr.com/5/4105/5010433194_b595d0be2d_o.jpg,https://www.flickr.com/photos/quintanomedia/5010433194,https://creativecommons.org/licenses/by/2.0/,https://www.flickr.com/people/quintanomedia/
55416d49ac2820ce,office,3,Suit,0.7765486699999999,https://c2.staticflickr.com/4/3723/10524192044_dd2e81181a_z.jpg,https://c7.staticflickr.com/4/3723/10524192044_d141373730_o.jpg,https://www.flickr.com/photos/grimmelm/10524192044,https://creativecommons.org/licenses/by/2.0/,https://www.flickr.com/people/grimmelm/
55e73e0a4a55e948,office,3,Suit,0.14659523147321438,,https://c1.staticflickr.com/4/3646/3418470811_e12d8bc0bd_o.jpg,https://www.flickr.com/photos/ross_elliott/3418470811,https://creativecommons.org/licenses/by/2.0/,https://www.flickr.com/people/ross_elliott/
58939ba30e3a8de8,office,3,Suit,0.9498954532491247,https://c8.staticflickr.com/6/5314/14411247392_9125be93e8_z.jpg,https://c1.staticflickr.com/6/5314/14411247392_d2d5e5ea1e_o.jpg,https://www.flickr.com/photos/ncauk/14411247392,https://creativecommons.org/licenses/by/2.0/,https://www.flickr.com/people/ncauk/
5d8d2efdbd18a0a6,office,3,Suit,0.06085352523744003,https://c3.staticflickr.com/9/8477/8233192262_0d75fec180_z.jpg,https://farm7.staticflickr.com/8477/8233192262_b96c847d2d_o.jpg,https://www.flickr.com/photos/usasoc/8233192262,https://creativecommons.org/licenses/by/2.0/,https://www.flickr.com/people/usasoc/
5f801240a38e74af,office,3,Suit,0.2900476237795836,https://c7.staticflickr.com/4/3941/15585174652_602f42b06f_z.jpg,https://c8.staticflickr.com/4/3941/15585174652_5c3764ddff_o.jpg,https://www.flickr.com/photos/neoninc/15585174652,https://creativecommons.org/licenses/by/2.0/,https://www.flickr.com/people/neoninc/
6426af1ed12a3b32,office,3,Suit,0.9497487736404737,https://c2.staticflickr.com/3/2944/15235351687_9977e2ecf3_z.jpg,https://farm3.staticflickr.com/2944/15235351687_716c9585d3_o.jpg,https://www.flickr.com/photos/usfsregion5/15235351687,https://creativecommons.org/licenses/by/2.0/,https://www.flickr.com/people/usfsregion5/
6a36e3834174d055,office,3,Suit,0.0663925889690208,https://c4.staticflickr.com/8/7079/7160067267_aa99f6f23a_z.jpg,https://farm6.staticflickr.com/7079/7160067267_0e47e45ef2_o.jpg,https://www.flickr.com/photos/charlottefd/7160067267,https://creativecommons.org/licenses/by/2.0/,https://www.flickr.com/people/charlottefd/
7ab271c8f5409673,office,3,Suit,0.10628281748042105,https://c1.staticflickr.com/9/8586/15901372995_30ea5dcc4b_z.jpg,https://farm4.staticflickr.com/8586/15901372995_2f4f2829da_o.jpg,https://www.flickr.com/photos/big-ashb/15901372995,https://creativecommons.org/licenses/by/2.0/,https://www.flickr.com/people/big-ashb/
7ae7c4cce6345f50,office,3,Suit,0.136361414992194,https://c7.staticflickr.com/5/4150/4968162722_2d1e5a83c3_z.jpg,https://farm1.staticflickr.com/4150/4968162722_01353bd539_o.jpg,https://www.flickr.com/photos/designtrustforpublicspace/4968162722,https://creativecommons.org/licenses/by/2.0/,https://www.flickr.com/people/designtrustforpublicspace/
7c0eb6425d59d816,office,3,Suit,0.18215339,https://c1.staticflickr.com/7/6121/5949811275_f51818592a_z.jpg,https://farm7.staticflickr.com/6121/5949811275_7839d5168f_o.jpg,https://www.flickr.com/photos/irekia/5949811275,https://creativecommons.org/licenses/by/2.0/,https://www.flickr.com/people/irekia/
82f1a9e2176a2145,office,3,Suit,0.22843424296875,https://c8.staticflickr.com/9/8198/8201407984_a1c3810593_z.jpg,https://farm6.staticflickr.com/8198/8201407984_7047e49eb9_o.jpg,https://www.flickr.com/photos/uchperu/8201407984,https://creativecommons.org/licenses/by/2.0/,https://www.flickr.com/people/uchperu/
8573762933cbef9d,office,3,Suit,0.63438736,https://c3.staticflickr.com/7/6067/6153202074_d37880d303_z.jpg,https://c6.staticflickr.com/7/6067/6153202074_fbea4493a7_o.jpg,https://www.flickr.com/photos/magharebia/6153202074,https://creativecommons.org/licenses/by/2.0/,https://www.flickr.com/people/magharebia/
89bbd2e9aed8e3ed,office,3,Suit,0.11280925234375,https://c7.staticflickr.com/8/7388/13567846734_1537eb41c1_z.jpg,https://c6.staticflickr.com/8/7388/13567846734_d258026c81_o.jpg,https://www.flickr.com/photos/yurb/13567846734,https://creativecommons.org/licenses/by/2.0/,https://www.flickr.com/people/yurb/
8c74211b512b477d,office,3,Suit,0.16574244146391795,https://c4.staticflickr.com/3/2675/4077565227_3fcc4c7e17_z.jpg?zz=1,https://c6.staticflickr.com/3/2675/4077565227_32d0b517a4_o.jpg,https://www.flickr.com/photos/29311691@N05/4077565227,https://creativecommons.org/licenses/by/2.0/,https://www.flickr.com/people/29311691@N05/
9019714440b78dca,office,3,Suit,0.7433628400000001,https://c2.staticflickr.com/2/1384/673354264_2a05aaf862_z.jpg,https://c3.staticflickr.com/2/1384/673354264_ccc85c09cd_o.jpg,https://www.flickr.com/photos/elmimmo/673354264,https://creativecommons.org/licenses/by/2.0/,https://www.flickr.com/people/elmimmo/
90bfb292135a852e,office,3,Suit,0.31073476248954096,https://c1.staticflickr.com/7/6183/6097413301_c27a5797da_z.jpg,https://c7.staticflickr.com/7/6183/6097413301_55d92da74c_o.jpg,https://www.flickr.com/photos/sfupamr/6097413301,https://creativecommons.org/licenses/by/2.0/,https://www.flickr.com/people/sfupamr/
93835a4c76f55770,office,3,Suit,0.21849791721924083,https://c6.staticflickr.com/9/8474/8099992393_c9d1ef8786_z.jpg,https://farm1.staticflickr.com/8474/8099992393_4b43324480_o.jpg,https://www.flickr.com/photos/usembassymadrid/8099992393,https://creativecommons.org/licenses/by/2.0/,https://www.flickr.com/people/usembassymadrid/
97cc841354b635d4,office,3,Suit,0.73477672,https://c6.staticflickr.com/4/3903/14855615483_369c1ec379_z.jpg,https://farm5.staticflickr.com/3903/14855615483_807b1da37b_o.jpg,https://www.flickr.com/photos/99781513@N04/14855615483,https://creativecommons.org/licenses/by/2.0/,https://www.flickr.com/people/99781513@N04/
9d47e1dc37ee71a1,office,3,Suit,0.09737601467171778,https://c5.staticflickr.com/6/5299/5494392400_58024b46ce_z.jpg,https://farm2.staticflickr.com/5299/5494392400_a0ac854dc2_o.jpg,https://www.flickr.com/photos/gobiernodechile/5494392400,https://creativecommons.org/licenses/by/2.0/,https://www.flickr.com/people/gobiernodechile/
a26b2c00a79d2c0d,office,3,Suit,0.064393489242863,https://c5.staticflickr.com/1/134/405433195_419719af02_z.jpg?zz=1,https://c6.staticflickr.com/1/134/405433195_419719af02_o.jpg,https://www.flickr.com/photos/fillmorephotography/405433195,https://creativecommons.org/licenses/by/2.0/,https://www.flickr.com/people/fillmorephotography/
a3898d7be48dded7,office,3,Suit,0.6296010098575981,https://c8.staticflickr.com/9/8406/8642125093_7ba20f5737_z.jpg,https://farm8.staticflickr.com/8406/8642125093_b7b66b94ee_o.jpg,https://www.flickr.com/photos/kyngpao/8642125093,https://creativecommons.org/licenses/by/2.0/,https://www.flickr.com/people/kyngpao/
a518c1b00e92e328,office,3,Suit,0.84292035,https://c8.staticflickr.com/4/3873/15154199807_10e1071169_z.jpg,https://c1.staticflickr.com/4/3873/15154199807_9d7fd1012d_o.jpg,https://www.flickr.com/photos/ennahdha/15154199807,https://creativecommons.org/licenses/by/2.0/,https://www.flickr.com/people/ennahdha/
ad08afb5c0f5bb34,office,3,Suit,0.0427641401803748,https://c8.staticflickr.com/8/7450/13091680695_d776974d76_z.jpg,https://farm5.staticflickr.com/7450/13091680695_046f82af42_o.jpg,https://www.flickr.com/photos/betsyweber/13091680695/,https://creativecommons.org/licenses/by/2.0/,https://www.flickr.com/people/betsyweber/
ad0a21a5d439eca0,office,3,Suit,0.980088495,https://c8.staticflickr.com/7/6192/6098440185_1f8992d000_z.jpg,https://farm1.staticflickr.com/6192/6098440185_32c1111f78_o.jpg,https://www.flickr.com/photos/nzdefenceforce/6098440185,https://creativecommons.org/licenses/by/2.0/,https://www.flickr.com/people/nzdefenceforce/
b1e5b49b153ca521,office,3,Suit,0.9963153906948611,https://c5.staticflickr.com/4/3406/3453566727_4194bc2eb0_z.jpg,https://farm2.staticflickr.com/3406/3453566727_20694ec8c1_o.jpg,https://www.flickr.com/photos/john_t_harwood/3453566727,https://creativecommons.org/licenses/by/2.0/,https://www.flickr.com/people/john_t_harwood/
b4e13abee1f93dde,office,3,Suit,0.21720571918043702,https://c6.staticflickr.com/9/8466/8113235076_825ce8e53c_z.jpg,https://c7.staticflickr.com/9/8466/8113235076_84d3b1f387_o.jpg,https://www.flickr.com/photos/69570125@N05/8113235076,https://creativecommons.org/licenses/by/2.0/,https://www.flickr.com/people/69570125@N05/
b76711dd9a34497e,office,3,Suit,0.20534829078125003,https://c8.staticflickr.com/8/7482/16124176601_206b97d6b2_z.jpg,https://c7.staticflickr.com/8/7482/16124176601_32fc86dab0_o.jpg,https://www.flickr.com/photos/nikunoki/16124176601,https://creativecommons.org/licenses/by/2.0/,https://www.flickr.com/people/nikunoki/
ba44038134ebd371,office,3,Suit,0.171851793749253,https://c2.staticflickr.com/4/3725/12114436746_94839c5a2a_z.jpg,https://farm2.staticflickr.com/3725/12114436746_61b3c8b3f6_o.jpg,https://www.flickr.com/photos/115331056@N07/12114436746,https://creativecommons.org/licenses/by/2.0/,https://www.flickr.com/people/115331056@N07/
ca025cba1d6fd1c8,office,3,Suit,0.441247727266166,https://c1.staticflickr.com/6/5200/6931640672_f530090b2f_z.jpg,https://c1.staticflickr.com/6/5200/6931640672_d822c42a5b_o.jpg,https://www.flickr.com/photos/rzuranski/6931640672,https://creativecommons.org/licenses/by/2.0/,https://www.flickr.com/people/rzuranski/
d52f68ba4a1d8bdd,office,3,Suit,0.13226728234723004,https://c7.staticflickr.com/9/8547/10190807793_6865e01893_z.jpg,https://c6.staticflickr.com/9/8547/10190807793_c2567fb21c_o.jpg,https://www.flickr.com/photos/buenosairesprensa/10190807793,https://creativecommons.org/licenses/by/2.0/,https://www.flickr.com/people/buenosairesprensa/
e36107e0a375cb0b,office,3,Suit,0.292344173972563,https://c2.staticflickr.com/3/2945/15451870441_1f3b2d9061_z.jpg,https://c4.staticflickr.com/3/2945/15451870441_6a24b6f0b9_o.jpg,https://www.flickr.com/photos/23876049@N06/15451870441,https://creativecommons.org/licenses/by/2.0/,https://www.flickr.com/people/23876049@N06/
e39cd20c9e0a6147,office,3,Suit,0.10423325347030402,https://c2.staticflickr.com/7/6043/6310978908_a823778e00_z.jpg,https://farm8.staticflickr.com/6043/6310978908_7f2e249470_o.jpg,https://www.flickr.com/photos/nataliemaynor/6310978908,https://creativecommons.org/licenses/by/2.0/,https://www.flickr.com/people/nataliemaynor/
e46c6bbaeea33716,office,3,Suit,0.12043165369136202,https://c6.staticflickr.com/8/7288/15899393033_64b6192a62_z.jpg,https://farm7.staticflickr.com/7288/15899393033_920b454e69_o.jpg,https://www.flickr.com/photos/agenciabrasilia/15899393033,https://creativecommons.org/licenses/by/2.0/,https://www.flickr.com/people/agenciabrasilia/
e5fa395738f46185,office,3,Suit,0.5814446028352471,https://c6.staticflickr.com/4/3940/15420341218_3fd13885f2_z.jpg,https://farm6.staticflickr.com/3940/15420341218_605ee6fa06_o.jpg,https://www.flickr.com/photos/thinking_europe/15420341218,https://creativecommons.org/licenses/by/2.0/,https://www.flickr.com/people/thinking_europe/
e91870c9dffbc26a,office,3,Suit,0.03742970774512201,https://c3.staticflickr.com/5/4093/4806586150_01db3d0d2c_z.jpg,https://c3.staticflickr.com/5/4093/4806586150_d1216f4b3f_o.jpg,https://www.flickr.com/photos/zapmole/4806586150,https://creativecommons.org/licenses/by/2.0/,https://www.flickr.com/people/zapmole/
f0366aa3cacc4e76,office,3,Suit,0.39740636852484396,https://c4.staticflickr.com/8/7198/6943826897_d94fc33e60_z.jpg,https://farm7.staticflickr.com/7198/6943826897_ef8a7dedf6_o.jpg,https://www.flickr.com/photos/dvids/6943826897,https://creativecommons.org/licenses/by/2.0/,https://www.flickr.com/people/dvids/
f65a453b330eb66a,office,3,Suit,0.94375,https://c5.staticflickr.com/9/8210/8202516418_fcc618446d_z.jpg,https://c3.staticflickr.com/9/8210/8202516418_159ace5b28_o.jpg,https://www.flickr.com/photos/vladimirteran/8202516418,https://creativecommons.org/licenses/by/2.0/,https://www.flickr.com/people/vladimirteran/
04b1367c2c475c5a,office,2,Chair; Table,0.18802083234374997,https://c7.staticflickr.com/4/3070/2334642009_7c5ccf540e_z.jpg?zz=1,https://c3.staticflickr.com/4/3070/2334642009_edaabb9ce9_o.jpg,https://www.flickr.com/photos/trishhhh/2334642009,https://creativecommons.org/licenses/by/2.0/,https://www.flickr.com/people/trishhhh/
0b83e754be780735,office,2,Chair; Table,0.9801878475033391,https://c4.staticflickr.com/8/7352/12145678144_2bc43d0ed2_z.jpg,https://farm6.staticflickr.com/7352/12145678144_7761840757_o.jpg,https://www.flickr.com/photos/skellysf/12145678144,https://creativecommons.org/licenses/by/2.0/,https://www.flickr.com/people/skellysf/
0ca4cd34574b30be,office,2,Chair; Table,0.44064450378125003,https://c2.staticflickr.com/1/158/375125625_c595fcd5cc_z.jpg,https://c7.staticflickr.com/1/158/375125625_c595fcd5cc_o.jpg,https://www.flickr.com/photos/96147639@N00/375125625,https://creativecommons.org/licenses/by/2.0/,https://www.flickr.com/people/96147639@N00/
0d27f48afe799682,office,2,Chair; Table,0.73882353,https://c6.staticflickr.com/5/4036/4526351944_87b51c848a_z.jpg,https://farm3.staticflickr.com/4036/4526351944_5b4f5e6699_o.jpg,https://www.flickr.com/photos/militaryhealth/4526351944,https://creativecommons.org/licenses/by/2.0/,https://www.flickr.com/people/militaryhealth/
1bde6aa77c1a45fb,office,2,Chair; Table,0.1546875,https://c6.staticflickr.com/7/6235/6298080475_15f5b9584d_z.jpg,https://c4.staticflickr.com/7/6235/6298080475_7707d5d0b3_o.jpg,https://www.flickr.com/photos/nrdcpix/6298080475,https://creativecommons.org/licenses/by/2.0/,https://www.flickr.com/people/nrdcpix/
283dafebe225590d,office,2,Chair; Table,0.58470703125,https://c1.staticflickr.com/1/493/18539754166_d7d07da13e_z.jpg,https://c6.staticflickr.com/1/493/18539754166_68ee342984_o.jpg,https://www.flickr.com/photos/barolo/18539754166,https://creativecommons.org/licenses/by/2.0/,https://www.flickr.com/people/barolo/
42c05e6f790f4ef6,office,2,Chair; Table,0.07708332793750002,https://c1.staticflickr.com/2/1190/884987473_b74b4ab914_z.jpg,https://farm7.staticflickr.com/1190/884987473_df0e7b399a_o.jpg,https://www.flickr.com/photos/karpidis/884987473,https://creativecommons.org/licenses/by/2.0/,https://www.flickr.com/people/karpidis/
48bd83368a70defc,office,2,Chair; Table,0.09699853143981665,https://c8.staticflickr.com/4/3852/14963871812_76a3ef33ab_z.jpg,https://c5.staticflickr.com/4/3852/14963871812_67d5a1c539_o.jpg,https://www.flickr.com/photos/cezzie901/14963871812,https://creativecommons.org/licenses/by/2.0/,https://www.flickr.com/people/cezzie901/
4a8a66861e06950b,office,2,Chair; Table,0.12894205431250003,https://c6.staticflickr.com/7/6154/6261457653_b342bbeb30_z.jpg,https://c4.staticflickr.com/7/6154/6261457653_9b26b14b71_o.jpg,https://www.flickr.com/photos/extra_chrisb/6261457653,https://creativecommons.org/licenses/by/2.0/,https://www.flickr.com/people/extra_chrisb/
5394ab5de1e1a647,office,2,Chair; Table,0.05013671874999997,https://c5.staticflickr.com/4/3946/15539549999_9841ced356_z.jpg,https://farm8.staticflickr.com/3946/15539549999_7dc72e83dd_o.jpg,https://www.flickr.com/photos/gonmi/15539549999,https://creativecommons.org/licenses/by/2.0/,https://www.flickr.com/people/gonmi/
64f62f4d15126abe,office,2,Chair; Table,0.6104166799999999,https://c6.staticflickr.com/6/5023/5614052763_2daf4e5c7b_z.jpg,https://c7.staticflickr.com/6/5023/5614052763_ea7064834d_o.jpg,https://www.flickr.com/photos/pena2/5614052763,https://creativecommons.org/licenses/by/2.0/,https://www.flickr.com/people/pena2/
6732fe471c0e0595,office,2,Chair; Table,0.37836961674999997,https://c3.staticflickr.com/4/3015/3096935080_cc9734aa42_z.jpg?zz=1,https://farm6.staticflickr.com/3015/3096935080_c884d54744_o.jpg,https://www.flickr.com/photos/carlinha/3096935080,https://creativecommons.org/licenses/by/2.0/,https://www.flickr.com/people/carlinha/
7a87225ae9d63bcd,office,2,Chair; Table,0.09305542404173703,https://c4.staticflickr.com/3/2831/11677133105_bf7fe37cc2_z.jpg,https://c6.staticflickr.com/3/2831/11677133105_6b12f2136f_o.jpg,https://www.flickr.com/photos/carlos-pacheco/11677133105,https://creativecommons.org/licenses/by/2.0/,https://www.flickr.com/people/carlos-pacheco/
83c8fff6303c468a,office,2,Chair; Table,0.14366196407277,https://c4.staticflickr.com/4/3166/3073299169_74226a4047_z.jpg,https://c3.staticflickr.com/4/3166/3073299169_630461aedf_o.jpg,https://www.flickr.com/photos/chrstphre/3073299169,https://creativecommons.org/licenses/by/2.0/,https://www.flickr.com/people/chrstphre/
8dd2a9039f4e85b1,office,2,Chair; Table,0.42128603000000003,https://c3.staticflickr.com/8/7294/16395698389_bacedeecb7_z.jpg,https://farm2.staticflickr.com/7294/16395698389_62d16d2a1c_o.jpg,https://www.flickr.com/photos/carriekaufmann/16395698389,https://creativecommons.org/licenses/by/2.0/,https://www.flickr.com/people/carriekaufmann/
8f2e423a486c893b,office,2,Computer,0.052484995432275604,https://c5.staticflickr.com/4/3302/3479871193_e00a96f75f_z.jpg?zz=1,https://c4.staticflickr.com/4/3302/3479871193_88557f82e0_o.jpg,https://www.flickr.com/photos/istolethetv/3479871193,https://creativecommons.org/licenses/by/2.0/,https://www.flickr.com/people/istolethetv/
973411d193107c9c,office,2,Chair; Table,0.061638230069400585,https://c5.staticflickr.com/3/2338/2061049887_45a68a797c_z.jpg,https://c5.staticflickr.com/3/2338/2061049887_215ce91d4a_o.jpg,https://www.flickr.com/photos/macinate/2061049887,https://creativecommons.org/licenses/by/2.0/,https://www.flickr.com/people/macinate/
9c54662ca0b0074f,office,2,Chair; Table,0.06838541124999999,https://c4.staticflickr.com/6/5545/10617121794_724403df2c_z.jpg,https://c8.staticflickr.com/6/5545/10617121794_c0a691bf4b_o.jpg,https://www.flickr.com/photos/mediummaria/10617121794,https://creativecommons.org/licenses/by/2.0/,https://www.flickr.com/people/mediummaria/
a9c524228aecdba0,office,2,Chair; Table,0.9315673,https://c3.staticflickr.com/9/8596/16410330387_ece4be95f3_z.jpg,https://farm1.staticflickr.com/8596/16410330387_b8bdda0be0_o.jpg,https://www.flickr.com/photos/orestej/16410330387,https://creativecommons.org/licenses/by/2.0/,https://www.flickr.com/people/orestej/
adc62b8d5661eaaf,office,2,Chair; Table,0.034687494,https://c6.staticflickr.com/8/7285/16354950034_27c4559f26_z.jpg,https://c8.staticflickr.com/8/7285/16354950034_ccef2ed6ff_o.jpg,https://www.flickr.com/photos/44462117@N03/16354950034,https://creativecommons.org/licenses/by/2.0/,https://www.flickr.com/people/44462117@N03/
b6f6668ab9204fe8,office,2,Chair; Table,0.3044221503857,https://c3.staticflickr.com/8/7770/17592331559_c4d1f3a7f6_z.jpg,https://c1.staticflickr.com/8/7770/17592331559_fe1ea73d78_o.jpg,https://www.flickr.com/photos/chadwickdc/17592331559,https://creativecommons.org/licenses/by/2.0/,https://www.flickr.com/people/chadwickdc/
c705061238b1fe30,office,2,Chair; Table,0.7020898501875,https://c2.staticflickr.com/3/2476/3534105975_249cacf9fd_z.jpg?zz=1,https://farm1.staticflickr.com/2476/3534105975_acab886fcb_o.jpg,https://www.flickr.com/photos/miamism/3534105975,https://creativecommons.org/licenses/by/2.0/,https://www.flickr.com/people/miamism/
caf6a9012d9dca81,office,2,Chair; Table,0.6810277862006849,https://c4.staticflickr.com/8/7173/6395280767_97cf476109_z.jpg,https://farm2.staticflickr.com/7173/6395280767_2bee03740f_o.jpg,https://www.flickr.com/photos/preferenciaavida/6395280767,https://creativecommons.org/licenses/by/2.0/,https://www.flickr.com/people/preferenciaavida/
d71c1399a5e52c93,office,2,Chair; Table,0.84292035,https://c1.staticflickr.com/1/539/18497948244_895a51b48f_z.jpg,https://farm4.staticflickr.com/539/18497948244_17233aa32b_o.jpg,https://www.flickr.com/photos/cristinacifuentes/18497948244,https://creativecommons.org/licenses/by/2.0/,https://www.flickr.com/people/cristinacifuentes/
dabd65b40c5f53fc,office,2,Chair; Table,0.519157737709296,https://c7.staticflickr.com/3/2942/15159178600_b60b6fd80c_z.jpg,https://c5.staticflickr.com/3/2942/15159178600_1afd0fc627_o.jpg,https://www.flickr.com/photos/a_little_brighter/15159178600,https://creativecommons.org/licenses/by/2.0/,https://www.flickr.com/people/a_little_brighter/
dbfe441dab364b60,office,2,Chair; Table,0.04010565642961962,https://c4.staticflickr.com/5/4089/4998950871_14e885996a_z.jpg,https://farm1.staticflickr.com/4089/4998950871_e586d70a45_o.jpg,https://www.flickr.com/photos/88158121@N00/4998950871/,https://creativecommons.org/licenses/by/2.0/,https://www.flickr.com/people/88158121@N00/
e216dd92c7f1e961,office,2,Chair; Table,0.33923304418879036,https://c1.staticflickr.com/8/7476/15388287024_acdfab3a12_z.jpg,https://farm2.staticflickr.com/7476/15388287024_9b7dcdcfb7_o.jpg,https://www.flickr.com/photos/3-bs/15388287024,https://creativecommons.org/licenses/by/2.0/,https://www.flickr.com/people/3-bs/
ebd0c7e8a9463425,office,2,Chair; Table,0.1678841834525656,https://c6.staticflickr.com/3/2386/2095056744_4e08baae06_z.jpg?zz=1,https://farm6.staticflickr.com/2386/2095056744_36b7c634fb_o.jpg,https://www.flickr.com/photos/kingtyrone/2095056744,https://creativecommons.org/licenses/by/2.0/,https://www.flickr.com/people/kingtyrone/
f515f74f27c71d34,office,2,Chair; Table,0.52083334,https://c3.staticflickr.com/4/3412/3438774088_86b2916c50_z.jpg?zz=1,https://farm5.staticflickr.com/3412/3438774088_1ac2eefdc1_o.jpg,https://www.flickr.com/photos/cenatic/3438774088,https://creativecommons.org/licenses/by/2.0/,https://www.flickr.com/people/cenatic/
01dc49e587b180a4,office,1,Table,0.69583333,https://c7.staticflickr.com/9/8063/8175286164_4439ffc5c0_z.jpg,https://farm5.staticflickr.com/8063/8175286164_60408ec5aa_o.jpg,https://www.flickr.com/photos/vladimirteran/8175286164,https://creativecommons.org/licenses/by/2.0/,https://www.flickr.com/people/vladimirteran/
01f26ca52e27a8d9,office,1,Table,0.183274877640306,,https://c2.staticflickr.com/4/3918/14270965637_d60194a52d_o.jpg,https://www.flickr.com/photos/civicus/14270965637,https://creativecommons.org/licenses/by/2.0/,https://www.flickr.com/people/civicus/
05035aff6e43506a,office,1,Table,0.402848575340859,https://c7.staticflickr.com/6/5607/15545030946_2a2c0c7bd7_z.jpg,https://c3.staticflickr.com/6/5607/15545030946_ae5cf99689_o.jpg,https://www.flickr.com/photos/barbarabrannon/15545030946,https://creativecommons.org/licenses/by/2.0/,https://www.flickr.com/people/barbarabrannon/
057d0e3dc7e56806,office,1,Table,0.086920569625,https://c3.staticflickr.com/4/3435/3944118548_d6325342c3_z.jpg,https://farm7.staticflickr.com/3435/3944118548_17e2d780e0_o.jpg,https://www.flickr.com/photos/grahamhills/3944118548,https://creativecommons.org/licenses/by/2.0/,https://www.flickr.com/people/grahamhills/
05a149770e1013f1,office,1,Table,0.09298921215351999,https://c8.staticflickr.com/5/4090/5069179060_ed8468e834_z.jpg,https://farm2.staticflickr.com/4090/5069179060_01fdd85cf3_o.jpg,https://www.flickr.com/photos/derbeth/5069179060,https://creativecommons.org/licenses/by/2.0/,https://www.flickr.com/people/derbeth/
06471f7dae36a831,office,1,Table,0.11061513054789121,https://c3.staticflickr.com/9/8331/8093906695_244f93ec6d_z.jpg,https://farm2.staticflickr.com/8331/8093906695_cd229430fa_o.jpg,https://www.flickr.com/photos/strobech/8093906695,https://creativecommons.org/licenses/by/2.0/,https://www.flickr.com/people/strobech/
06845739ca91dd3e,office,1,Table,0.3025491828332301,https://c7.staticflickr.com/1/26/65581701_33b1ddcf14_z.jpg,https://c7.staticflickr.com/1/26/65581701_33b1ddcf14_o.jpg,https://www.flickr.com/photos/gmarziou/65581701,https://creativecommons.org/licenses/by/2.0/,https://www.flickr.com/people/gmarziou/
0709eb8e8c2d19fa,office,1,Table,0.09843750000000001,https://c8.staticflickr.com/4/3294/2953486347_51b8f3ded9_z.jpg,https://c3.staticflickr.com/4/3294/2953486347_efe307bfba_o.jpg,https://www.flickr.com/photos/penreyes/2953486347,https://creativecommons.org/licenses/by/2.0/,https://www.flickr.com/people/penreyes/
073656ee0dc47e82,office,1,Table,0.0489221837786235,https://c6.staticflickr.com/8/7050/6834639914_3d9dd82fe7_z.jpg,https://farm3.staticflickr.com/7050/6834639914_82e0741941_o.jpg,https://www.flickr.com/photos/daninofal/6834639914,https://creativecommons.org/licenses/by/2.0/,https://www.flickr.com/people/daninofal/
078fd57f81047cf3,office,1,Table,0.14194533610900092,https://c8.staticflickr.com/8/7352/14161664274_eebae8a210_z.jpg,https://farm4.staticflickr.com/7352/14161664274_90e91221c2_o.jpg,https://www.flickr.com/photos/gmarziou/14161664274,https://creativecommons.org/licenses/by/2.0/,https://www.flickr.com/people/gmarziou/
0847141f94804658,office,1,Table,0.799117,https://c1.staticflickr.com/4/3152/3163739432_10c5d4315f_z.jpg,https://c1.staticflickr.com/4/3152/3163739432_5c7a81efb0_o.jpg,https://www.flickr.com/photos/karpidis/3163739432,https://creativecommons.org/licenses/by/2.0/,https://www.flickr.com/people/karpidis/
09e094375efab7fe,office,1,Chair,0.34796875000000005,https://c8.staticflickr.com/4/3245/2756964116_d3d43d6be9_z.jpg,https://c7.staticflickr.com/4/3245/2756964116_63b981995c_o.jpg,https://www.flickr.com/photos/johovac/2756964116,https://creativecommons.org/licenses/by/2.0/,https://www.flickr.com/people/johovac/
0b8b9d6b70643ef1,office,1,Table,0.13398437325,https://c4.staticflickr.com/2/1131/1265565890_5f841d2ba8_z.jpg,https://farm2.staticflickr.com/1131/1265565890_1cd6e2e849_o.jpg,https://www.flickr.com/photos/chiaki/1265565890,https://creativecommons.org/licenses/by/2.0/,https://www.flickr.com/people/chiaki/
0c3faec726e97005,office,1,Table,0.9719764,https://c3.staticflickr.com/7/6058/6283936517_068a073706_z.jpg,https://farm6.staticflickr.com/6058/6283936517_025a908b82_o.jpg,https://www.flickr.com/photos/gmarziou/6283936517/,https://creativecommons.org/licenses/by/2.0/,https://www.flickr.com/people/gmarziou/
0f0297c3c92c39c1,office,1,Table,0.0522619912410264,https://c4.staticflickr.com/8/7567/15475662318_451a623f36_z.jpg,https://farm2.staticflickr.com/7567/15475662318_e6d50d504e_o.jpg,https://www.flickr.com/photos/gmarziou/15475662318,https://creativecommons.org/licenses/by/2.0/,https://www.flickr.com/people/gmarziou/
dabd65b40c5f53fc,park,18,Garden; Park; Tree,0.519157737709296,https://c7.staticflickr.com/3/2942/15159178600_b60b6fd80c_z.jpg,https://c5.staticflickr.com/3/2942/15159178600_1afd0fc627_o.jpg,https://www.flickr.com/photos/a_little_brighter/15159178600,https://creativecommons.org/licenses/by/2.0/,https://www.flickr.com/people/a_little_brighter/
0047534bb816eb48,park,11,Park; Tree,0.062155402593686106,https://c1.staticflickr.com/4/3415/3561851698_108146237a_z.jpg,https://c1.staticflickr.com/4/3415/3561851698_f65393ea14_o.jpg,https://www.flickr.com/photos/hsing/3561851698,https://creativecommons.org/licenses/by/2.0/,https://www.flickr.com/people/hsing/
2ab7c6887d1e8f84,park,11,Park; Tree,0.09703925662038597,https://c1.staticflickr.com/7/6207/6029364469_79a2400497_z.jpg,https://farm5.staticflickr.com/6207/6029364469_b37183eef8_o.jpg,https://www.flickr.com/photos/andrea_leigh/6029364469/,https://creativecommons.org/licenses/by/2.0/,https://www.flickr.com/people/andrea_leigh/
6c1e4bacf0ff811a,park,11,Park; Tree,0.75442478,https://c3.staticflickr.com/2/1177/759500405_846b0b90b0_z.jpg,https://c3.staticflickr.com/2/1177/759500405_4e66794981_o.jpg,https://www.flickr.com/photos/emr9801/759500405,https://creativecommons.org/licenses/by/2.0/,https://www.flickr.com/people/emr9801/
98e277e90844159a,park,11,Park; Tree,0.12168140000000005,https://c5.staticflickr.com/6/5124/5291413167_e6d2dcd6b1_z.jpg,https://c3.staticflickr.com/6/5124/5291413167_af4744d084_o.jpg,https://www.flickr.com/photos/larry1732/5291413167,https://creativecommons.org/licenses/by/2.0/,https://www.flickr.com/people/larry1732/
b6ef797db2a747e0,park,11,Park; Tree,0.15341145475,https://c3.staticflickr.com/6/5577/14675125058_da55aa44f2_z.jpg,https://farm1.staticflickr.com/5577/14675125058_c6bb6b9966_o.jpg,https://www.flickr.com/photos/acme/14675125058,https://creativecommons.org/licenses/by/2.0/,https://www.flickr.com/people/acme/
09f810a5c2fe02bf,park,10,Park,0.33541666000000003,https://c5.staticflickr.com/1/63/197287039_86dcd5e66a_z.jpg?zz=1,https://c8.staticflickr.com/1/63/197287039_86dcd5e66a_o.jpg,https://www.flickr.com/photos/danielspils/197287039,https://creativecommons.org/licenses/by/2.0/,https://www.flickr.com/people/danielspils/
589cb3879b5de705,park,10,Park,0.030645305356567485,https://c3.staticflickr.com/6/5058/5420550062_bfde1d178c_z.jpg,https://farm6.staticflickr.com/5058/5420550062_0b3cb30750_o.jpg,https://www.flickr.com/photos/52754961@N07/5420550062,https://creativecommons.org/licenses/by/2.0/,https://www.flickr.com/people/52754961@N07/
79371f58cbc527bb,park,10,Park,0.11958983491875003,https://c5.staticflickr.com/1/69/213028921_a1df06454d_z.jpg,https://c4.staticflickr.com/1/69/213028921_a1df06454d_o.jpg,https://www.flickr.com/photos/90664717@N00/213028921,https://creativecommons.org/licenses/by/2.0/,https://www.flickr.com/people/90664717@N00/
35cc270e5dd94d54,park,8,Garden; Tree,0.3990915631615632,https://c7.staticflickr.com/8/7344/12695238515_2f6cafd1fc_z.jpg,https://farm5.staticflickr.com/7344/12695238515_e4179a7b4d_o.jpg,https://www.flickr.com/photos/tanaka_juuyoh/12695238515,https://creativecommons.org/licenses/by/2.0/,https://www.flickr.com/people/tanaka_juuyoh/
409acc8064b23137,park,8,Garden; Tree,0.16555800507760549,https://c1.staticflickr.com/9/8869/18235883012_c8e5e5fa79_z.jpg,https://farm8.staticflickr.com/8869/18235883012_51c35fa974_o.jpg,https://www.flickr.com/photos/pbvmedia/18235883012,https://creativecommons.org/licenses/by/2.0/,https://www.flickr.com/people/pbvmedia/
7d6859f9bb3c3273,park,8,Garden; Tree,0.030487308119895,https://c7.staticflickr.com/1/411/20106366292_6d00de7f12_z.jpg,https://farm4.staticflickr.com/411/20106366292_03f8eb9773_o.jpg,https://www.flickr.com/photos/stojadinovicp/20106366292,https://creativecommons.org/licenses/by/2.0/,https://www.flickr.com/people/stojadinovicp/
863584be02f10eb4,park,8,Garden; Tree,0.34314128143749995,https://c4.staticflickr.com/1/54/120568949_e433119a9a_z.jpg,https://farm5.staticflickr.com/54/120568949_e433119a9a_o.jpg,https://www.flickr.com/photos/jimg944/120568949,https://creativecommons.org/licenses/by/2.0/,https://www.flickr.com/people/jimg944/
91e377ce5737895e,park,8,Garden; Tree,0.22140626021874998,https://c6.staticflickr.com/4/3625/3575431865_104d6322e3_z.jpg,https://c7.staticflickr.com/4/3625/3575431865_98a3c88bd1_o.jpg,https://www.flickr.com/photos/bmh4you/3575431865,https://creativecommons.org/licenses/by/2.0/,https://www.flickr.com/people/bmh4you/
b836afeed09be301,park,8,Garden; Tree,0.19980029351045497,https://c7.staticflickr.com/7/6028/6018109496_df4eeee8f0_z.jpg,https://farm2.staticflickr.com/6028/6018109496_f640e407f0_o.jpg,https://www.flickr.com/photos/yto/6018109496,https://creativecommons.org/licenses/by/2.0/,https://www.flickr.com/people/yto/
e1c01a809bcb4124,park,8,Garden; Tree,0.030322266468750008,https://c8.staticflickr.com/1/202/449981569_24af7d198e_z.jpg,https://farm5.staticflickr.com/202/449981569_20eea04dfb_o.jpg,https://www.flickr.com/photos/midiman/449981569,https://creativecommons.org/licenses/by/2.0/,https://www.flickr.com/people/midiman/
e74883e6b980b8f1,park,8,Garden; Tree,0.030715553794283992,https://c6.staticflickr.com/1/646/20312486023_18f82fa4a5_z.jpg,https://farm2.staticflickr.com/646/20312486023_f762ea19f0_o.jpg,https://www.flickr.com/photos/vasenka/20312486023,https://creativecommons.org/licenses/by/2.0/,https://www.flickr.com/people/vasenka/
0cf3f07eb6c089c0,park,6,Bench,0.246184906625,https://c3.staticflickr.com/5/4045/4195432736_77b8536fed_z.jpg?zz=1,https://farm1.staticflickr.com/4045/4195432736_c661372698_o.jpg,https://www.flickr.com/photos/coniecto/4195432736,https://creativecommons.org/licenses/by/2.0/,https://www.flickr.com/people/coniecto/
232c22ec259d7f56,park,6,Bench,0.18353874375000004,https://c7.staticflickr.com/4/3846/14428729150_ffaca79997_z.jpg,https://farm7.staticflickr.com/3846/14428729150_753d8d5efd_o.jpg,https://www.flickr.com/photos/tinto/14428729150,https://creativecommons.org/licenses/by/2.0/,https://www.flickr.com/people/tinto/
34c25b0c6f2d0465,park,6,Bench,0.4711191,https://c5.staticflickr.com/3/2644/3791082422_c751e0159b_z.jpg?zz=1,https://farm6.staticflickr.com/2644/3791082422_f785726d03_o.jpg,https://www.flickr.com/photos/ivanwalsh/3791082422,https://creativecommons.org/licenses/by/2.0/,https://www.flickr.com/people/ivanwalsh/
8705740f007afce1,park,6,Bench,0.1411369496307388,https://c2.staticflickr.com/9/8306/7968876916_b9208a70c0_z.jpg,https://farm2.staticflickr.com/8306/7968876916_1e511def7c_o.jpg,https://www.flickr.com/photos/usaghumphreys/7968876916,https://creativecommons.org/licenses/by/2.0/,https://www.flickr.com/people/usaghumphreys/
d8613e6975f52780,park,6,Bench,0.349557503,https://c2.staticflickr.com/3/2656/3705195021_65138f91e4_z.jpg,https://farm1.staticflickr.com/2656/3705195021_daa7b63c89_o.jpg,https://www.flickr.com/photos/jonathan_hamner/3705195021,https://creativecommons.org/licenses/by/2.0/,https://www.flickr.com/people/jonathan_hamner/
14d65997600bb7cd,park,4,Grass; Tree,0.2047525953125,https://c7.staticflickr.com/4/3606/3518626337_e6e42002b9_z.jpg,https://c6.staticflickr.com/4/3606/3518626337_d42600e205_o.jpg,https://www.flickr.com/photos/hejgustav/3518626337,https://creativecommons.org/licenses/by/2.0/,https://www.flickr.com/people/hejgustav/
16c358bccf0f7e77,park,4,Grass; Tree,0.196946608421875,https://c4.staticflickr.com/5/4089/5027591435_4156c7a67f_z.jpg,https://farm8.staticflickr.com/4089/5027591435_18edc52fea_o.jpg,https://www.flickr.com/photos/99123224@N00/5027591435,https://creativecommons.org/licenses/by/2.0/,https://www.flickr.com/people/99123224@N00/
2697b4f1ee88be86,park,4,Grass; Tree,0.17283393621061438,https://c7.staticflickr.com/8/7743/18281834795_63bcdf3276_z.jpg,https://farm7.staticflickr.com/7743/18281834795_157082503d_o.jpg,https://www.flickr.com/photos/dirkhansen/18281834795,https://creativecommons.org/licenses/by/2.0/,https://www.flickr.com/people/dirkhansen/
2a7c45cb2c6ffdca,park,4,Grass; Tree,0.10065827201896897,https://c3.staticflickr.com/3/2820/9180844101_488c8929e3_z.jpg,https://c3.staticflickr.com/3/2820/9180844101_c29b3e796f_o.jpg,https://www.flickr.com/photos/97095120@N06/9180844101,https://creativecommons.org/licenses/by/2.0/,https://www.flickr.com/people/97095120@N06/
3dda685b28b1c1d8,park,4,Grass; Tree,0.03427667341896,https://c7.staticflickr.com/8/7281/16580632509_1e1edd25aa_z.jpg,https://c1.staticflickr.com/8/7281/16580632509_058947990e_o.jpg,https://www.flickr.com/photos/wastes/16580632509/,https://creativecommons.org/licenses/by/2.0/,https://www.flickr.com/people/wastes/
51d7e36d73f03aca,park,4,Grass; Tree,0.0534497586827472,https://c6.staticflickr.com/5/4083/4965435575_d0d27f3c03_z.jpg,https://c3.staticflickr.com/5/4083/4965435575_cd58929b25_o.jpg,https://www.flickr.com/photos/jollyuk/4965435575,https://creativecommons.org/licenses/by/2.0/,https://www.flickr.com/people/jollyuk/
65439cba97590f7f,park,4,Grass; Tree,0.14399791827914646,https://c1.staticflickr.com/6/5118/5831639705_ca6cdcb290_z.jpg,https://c8.staticflickr.com/6/5118/5831639705_bcf6f8d366_o.jpg,https://www.flickr.com/photos/coolinsights/5831639705,https://creativecommons.org/licenses/by/2.0/,https://www.flickr.com/people/coolinsights/
8c0456e241bda30f,park,4,Grass; Tree,0.046200723409409415,https://c2.staticflickr.com/3/2615/4240056336_88670d07eb_z.jpg,https://c8.staticflickr.com/3/2615/4240056336_726eeb94a9_o.jpg,https://www.flickr.com/photos/visual_dichotomy/4240056336,https://creativecommons.org/licenses/by/2.0/,https://www.flickr.com/people/visual_dichotomy/
971644fd7448560b,park,4,Grass; Tree,0.078875141303548,https://c5.staticflickr.com/9/8799/17202854802_ec1ffd8dff_z.jpg,https://c4.staticflickr.com/9/8799/17202854802_93c0022d21_o.jpg,https://www.flickr.com/photos/10459174@N03/17202854802,https://creativecommons.org/licenses/by/2.0/,https://www.flickr.com/people/10459174@N03/
990f037971957208,park,4,Grass; Tree,0.046546214531250026,https://c4.staticflickr.com/2/1163/1316501499_50e8733a44_z.jpg?zz=1,https://c1.staticflickr.com/2/1163/1316501499_d39cb80c00_o.jpg,https://www.flickr.com/photos/8136496@N05/1316501499,https://creativecommons.org/licenses/by/2.0/,https://www.flickr.com/people/8136496@N05/
9c7e8b7f827cf707,park,4,Grass; Tree,0.2388597334883962,https://c5.staticflickr.com/4/3209/2700916638_0377e9072f_z.jpg,https://farm8.staticflickr.com/3209/2700916638_aaf49b8411_o.jpg,https://www.flickr.com/photos/rainrannu/2700916638,https://creativecommons.org/licenses/by/2.0/,https://www.flickr.com/people/rainrannu/
a7a5caf3f16da950,park,4,Grass; Tree,0.08695312831250002,https://c2.staticflickr.com/1/82/256837751_d0f7e4f223_z.jpg,https://farm1.staticflickr.com/82/256837751_d0f7e4f223_o.jpg,https://www.flickr.com/photos/adamfarnsworth/256837751,https://creativecommons.org/licenses/by/2.0/,https://www.flickr.com/people/adamfarnsworth/
b7696378271a36c2,park,4,Grass; Tree,0.030774746375000002,https://c7.staticflickr.com/9/8667/16177358615_2c8879d575_z.jpg,https://farm3.staticflickr.com/8667/16177358615_a372989455_o.jpg,https://www.flickr.com/photos/leighhouse/16177358615,https://creativecommons.org/licenses/by/2.0/,https://www.flickr.com/people/leighhouse/
f796415e3c887c93,park,4,Grass; Tree,0.06591796875,https://c6.staticflickr.com/1/493/18129968053_8f15a629e1_z.jpg,https://farm4.staticflickr.com/493/18129968053_fc03366ca2_o.jpg,https://www.flickr.com/photos/drwtwilner/18129968053,https://creativecommons.org/licenses/by/2.0/,https://www.flickr.com/people/drwtwilner/
f7f7408472a74ce6,park,4,Grass; Tree,0.28243489356249996,https://c3.staticflickr.com/4/3416/3522507674_b7d27cec3a_z.jpg?zz=1,https://farm7.staticflickr.com/3416/3522507674_2c28c0fd77_o.jpg,https://www.flickr.com/photos/31442518@N08/3522507674/,https://creativecommons.org/licenses/by/2.0/,https://www.flickr.com/people/31442518@N08/
02fcc80210b7cd5b,park,3,Grass,0.1569752265489336,https://c8.staticflickr.com/4/3042/2871027280_85b891c58c_z.jpg,https://c4.staticflickr.com/4/3042/2871027280_61ee2fa344_o.jpg,https://www.flickr.com/photos/nickhubbard/2871027280,https://creativecommons.org/licenses/by/2.0/,https://www.flickr.com/people/nickhubbard/
18e1f829a40f5724,park,3,Grass,0.39493433800418276,https://c6.staticflickr.com/5/4150/4847939225_89bef3e095_z.jpg,https://farm5.staticflickr.com/4150/4847939225_55a409ca11_o.jpg,https://www.flickr.com/photos/zachheller/4847939225,https://creativecommons.org/licenses/by/2.0/,https://www.flickr.com/people/zachheller/
214a4b9be6fdd6c2,park,3,Grass,0.0358431005625,https://c7.staticflickr.com/1/222/522494655_4e8950f7ce_z.jpg,https://farm3.staticflickr.com/222/522494655_1e0e61ae1a_o.jpg,https://www.flickr.com/photos/rachel-amarette/522494655,https://creativecommons.org/licenses/by/2.0/,https://www.flickr.com/people/rachel-amarette/
232299e70b9fe949,park,3,Grass,0.5785789514866281,https://c7.staticflickr.com/4/3364/3453990697_0ce570d9d9_z.jpg,https://c2.staticflickr.com/4/3364/3453990697_602c714038_o.jpg,https://www.flickr.com/photos/steven_smith/3453990697,https://creativecommons.org/licenses/by/2.0/,https://www.flickr.com/people/steven_smith/
2744bcd8bb93c182,park,3,Grass,0.6937109375000001,https://c6.staticflickr.com/1/4/4301537_14df8120b2_z.jpg,https://farm3.staticflickr.com/4/4301537_14df8120b2_o.jpg,https://www.flickr.com/photos/crystalina/4301537,https://creativecommons.org/licenses/by/2.0/,https://www.flickr.com/people/crystalina/
4d65679e6972e53e,park,3,Grass,0.7555603243887541,https://c5.staticflickr.com/6/5006/5364501266_db6717eb75_z.jpg,https://c7.staticflickr.com/6/5006/5364501266_860c700293_o.jpg,https://www.flickr.com/photos/gdb_projects/5364501266/,https://creativecommons.org/licenses/by/2.0/,https://www.flickr.com/people/gdb_projects/
573629a4d49be9d9,park,3,Grass,0.11909178984375,https://c5.staticflickr.com/2/1314/1031969945_b379a9a31a_z.jpg,https://c2.staticflickr.com/2/1314/1031969945_d60f08648a_o.jpg,https://www.flickr.com/photos/qmnonic/1031969945,https://creativecommons.org/licenses/by/2.0/,https://www.flickr.com/people/qmnonic/
9222aad484092a2b,park,3,Grass,0.09741353583361949,https://c4.staticflickr.com/4/3276/2929037919_c98d055a81_z.jpg,https://c4.staticflickr.com/4/3276/2929037919_a934384dca_o.jpg,https://www.flickr.com/photos/chipgriffin/2929037919,https://creativecommons.org/licenses/by/2.0/,https://www.flickr.com/people/chipgriffin/
97e37ec091a2f6fe,park,3,Grass,0.5202758019375001,https://c4.staticflickr.com/9/8179/7998919371_9c4525a07f_z.jpg,https://c7.staticflickr.com/9/8179/7998919371_0b25828bda_o.jpg,https://www.flickr.com/photos/tawheedmanzoor/7998919371,https://creativecommons.org/licenses/by/2.0/,https://www.flickr.com/people/tawheedmanzoor/
a732a67d4fb0eef9,park,3,Grass,0.78913045,https://c3.staticflickr.com/3/2148/2366180085_2de252e46d_z.jpg?zz=1,https://c2.staticflickr.com/3/2148/2366180085_9f4d3ab2ee_o.jpg,https://www.flickr.com/photos/ecpelotas/2366180085,https://creativecommons.org/licenses/by/2.0/,https://www.flickr.com/people/ecpelotas/
b6174b5d6b250a0c,park,3,Grass,0.03954237073263403,https://c1.staticflickr.com/9/8405/8687189707_dd84451a4d_z.jpg,https://c5.staticflickr.com/9/8405/8687189707_2fe7dd9d2c_o.jpg,https://www.flickr.com/photos/jkirkhart35/8687189707,https://creativecommons.org/licenses/by/2.0/,https://www.flickr.com/people/jkirkhart35/
bfb01763ad105899,park,3,Grass,0.223950012558692,https://c3.staticflickr.com/4/3281/3034377218_d00206875c_z.jpg?zz=1,https://c2.staticflickr.com/4/3281/3034377218_717afdcb1b_o.jpg,https://www.flickr.com/photos/21218849@N03/3034377218,https://creativecommons.org/licenses/by/2.0/,https://www.flickr.com/people/21218849@N03/
c9a4a27662d9ad42,park,3,Grass,0.21690617432185236,https://c8.staticflickr.com/5/4151/5030047346_9132df4b29_z.jpg,https://farm3.staticflickr.com/4151/5030047346_8d5f107487_o.jpg,https://www.flickr.com/photos/stampinmom/5030047346,https://creativecommons.org/licenses/by/2.0/,https://www.flickr.com/people/stampinmom/
ed0147f94eaf2efd,park,3,Grass,0.4120754277026663,https://c2.staticflickr.com/9/8703/16886698297_e97a30cd1e_z.jpg,https://c6.staticflickr.com/9/8703/16886698297_3594b37fa5_o.jpg,https://www.flickr.com/photos/komunews/16886698297,https://creativecommons.org/licenses/by/2.0/,https://www.flickr.com/people/komunews/
f70e6c27e5cf24c4,park,3,Grass,0.0416015669375,https://c1.staticflickr.com/6/5491/10732116493_3e4f00677d_z.jpg,https://farm5.staticflickr.com/5491/10732116493_26708a4d29_o.jpg,https://www.flickr.com/photos/breville/10732116493,https://creativecommons.org/licenses/by/2.0/,https://www.flickr.com/people/breville/
0007cebe1b2ba653,park,1,Tree,0.073021894059702,https://c5.staticflickr.com/2/1244/677743874_168dcb5ed1_z.jpg,https://farm4.staticflickr.com/1244/677743874_90faf2d8db_o.jpg,https://www.flickr.com/photos/raphaelstrada/677743874,https://creativecommons.org/licenses/by/2.0/,https://www.flickr.com/people/raphaelstrada/
0065e1098f7a353b,park,1,Tree,0.10680013334374999,https://c6.staticflickr.com/8/7347/8721293522_61ae043474_z.jpg,https://c4.staticflickr.com/8/7347/8721293522_35d762834d_o.jpg,https://www.flickr.com/photos/shilad/8721293522,https://creativecommons.org/licenses/by/2.0/,https://www.flickr.com/people/shilad/
00a159a661a2f5aa,park,1,Tree,0.04055989546875,https://c6.staticflickr.com/8/7093/13645764903_0e2239e2a6_z.jpg,https://c3.staticflickr.com/8/7093/13645764903_d1e4e4fd4e_o.jpg,https://www.flickr.com/photos/feelingdoing/13645764903,https://creativecommons.org/licenses/by/2.0/,https://www.flickr.com/people/feelingdoing/
01125dd72c09cc5a,park,1,Tree,0.5865798684875001,,https://c3.staticflickr.com/7/6120/6345634299_e26a6a567d_o.jpg,https://www.flickr.com/photos/peterwright/6345634299,https://creativecommons.org/licenses/by/2.0/,https://www.flickr.com/people/peterwright/
02b7e70979560df7,park,1,Tree,0.23800002880000048,,https://farm8.staticflickr.com/1287/1345881472_cfcd4fefa7_o.jpg,https://www.flickr.com/photos/jaypixindia/1345881472,https://creativecommons.org/licenses/by/2.0/,https://www.flickr.com/people/jaypixindia/
02bc096653d1458f,park,1,Tree,0.061904007420000025,,https://c8.staticflickr.com/2/1079/565819187_36e4791777_o.jpg,https://www.flickr.com/photos/edmands/565819187,https://creativecommons.org/licenses/by/2.0/,https://www.flickr.com/people/edmands/
0347677e05719710,park,1,Tree,0.10027994715625001,https://c2.staticflickr.com/3/2813/12548250783_73b0304bbc_z.jpg,https://farm1.staticflickr.com/2813/12548250783_b65287f22b_o.jpg,https://www.flickr.com/photos/citizenhelder/12548250783,https://creativecommons.org/licenses/by/2.0/,https://www.flickr.com/people/citizenhelder/
03f4455ac2a4276a,park,1,Tree,0.38716810999999995,https://c7.staticflickr.com/5/4125/5068092968_e4c439ed86_z.jpg,https://c3.staticflickr.com/5/4125/5068092968_1536a88fec_o.jpg,https://www.flickr.com/photos/29456235@N04/5068092968,https://creativecommons.org/licenses/by/2.0/,https://www.flickr.com/people/29456235@N04/
044d67706dcffdf4,park,1,Tree,0.58741980310397,https://c1.staticflickr.com/6/5526/11244929873_cc5b637fe2_z.jpg,https://farm5.staticflickr.com/5526/11244929873_e057c5cbbc_o.jpg,https://www.flickr.com/photos/110145887@N08/11244929873,https://creativecommons.org/licenses/by/2.0/,https://www.flickr.com/people/110145887@N08/
04b9f8abc09386ee,park,1,Tree,0.14875061267430562,https://c8.staticflickr.com/9/8768/16844047164_73040de3b2_z.jpg,https://c7.staticflickr.com/9/8768/16844047164_e8fa017b35_o.jpg,https://www.flickr.com/photos/bazzadarambler/16844047164,https://creativecommons.org/licenses/by/2.0/,https://www.flickr.com/people/bazzadarambler/
04ec0b057014a648,park,1,Tree,0.0446430576535208,https://c1.staticflickr.com/9/8504/8310701792_280a9c9095_z.jpg,https://c1.staticflickr.com/9/8504/8310701792_0ecf2824b8_o.jpg,https://www.flickr.com/photos/mwvchamber/8310701792,https://creativecommons.org/licenses/by/2.0/,https://www.flickr.com/people/mwvchamber/
0501cc6b559cc711,park,1,Tree,0.12784505284374997,https://c6.staticflickr.com/8/7049/7006795386_fbcd66f8fd_z.jpg,https://farm2.staticflickr.com/7049/7006795386_b2978321ef_o.jpg,https://www.flickr.com/photos/bradbox/7006795386,https://creativecommons.org/licenses/by/2.0/,https://www.flickr.com/people/bradbox/
05982979d60a5646,park,1,Tree,0.052575228496879504,https://c3.staticflickr.com/7/6044/6280073494_faa3340b38_z.jpg,https://farm7.staticflickr.com/6044/6280073494_6011e4fe23_o.jpg,https://www.flickr.com/photos/linasmith/6280073494,https://creativecommons.org/licenses/by/2.0/,https://www.flickr.com/people/linasmith/
05dd411f3034ab49,park,1,Tree,0.07248574001248838,https://c5.staticflickr.com/4/3512/3849155544_d114c5c6a9_z.jpg,https://c2.staticflickr.com/4/3512/3849155544_4e3d2aaf0d_o.jpg,https://www.flickr.com/photos/philms/3849155544,https://creativecommons.org/licenses/by/2.0/,https://www.flickr.com/people/philms/
06bdb5ea9ec0e963,park,1,Tree,0.6844444599999999,https://c4.staticflickr.com/4/3766/13667164255_248b175e0e_z.jpg,https://farm4.staticflickr.com/3766/13667164255_bea24226fd_o.jpg,https://www.flickr.com/photos/pillarofautumn/13667164255,https://creativecommons.org/licenses/by/2.0/,https://www.flickr.com/people/pillarofautumn/
06d1d39cbea07874,park,1,Tree,0.913907510433544,https://c4.staticflickr.com/5/4067/4380628006_194b39171a_z.jpg,https://farm5.staticflickr.com/4067/4380628006_9460fb25c3_o.jpg,https://www.flickr.com/photos/jonwick/4380628006,https://creativecommons.org/licenses/by/2.0/,https://www.flickr.com/people/jonwick/
07bd7ed5dce6d3fd,park,1,Tree,0.08590722585045998,https://c1.staticflickr.com/9/8293/7680572104_b3854bf52d_z.jpg,https://c6.staticflickr.com/9/8293/7680572104_2079c93020_o.jpg,https://www.flickr.com/photos/claire69/7680572104,https://creativecommons.org/licenses/by/2.0/,https://www.flickr.com/people/claire69/
0925ac3567b20f47,park,1,Tree,0.061230087199896005,https://c8.staticflickr.com/9/8030/8035779137_16d1637398_z.jpg,https://farm8.staticflickr.com/8030/8035779137_f566a03398_o.jpg,https://www.flickr.com/photos/mdpettitt/8035779137,https://creativecommons.org/licenses/by/2.0/,https://www.flickr.com/people/mdpettitt/
09dd0671cd633432,park,1,Tree,0.7516968080090323,https://c7.staticflickr.com/3/2342/5716087853_2c9397a3b4_z.jpg,https://farm3.staticflickr.com/2342/5716087853_c6f2dc2b1f_o.jpg,https://www.flickr.com/photos/usfwsmidwest/5716087853,https://creativecommons.org/licenses/by/2.0/,https://www.flickr.com/people/usfwsmidwest/
0ba3f8b8a3a2e93c,park,1,Tree,0.23731905519693,https://c7.staticflickr.com/8/7613/16840993641_236d7d3bfb_z.jpg,https://c5.staticflickr.com/8/7613/16840993641_b928b77d70_o.jpg,https://www.flickr.com/photos/blu_pineappl3/16840993641,https://creativecommons.org/licenses/by/2.0/,https://www.flickr.com/people/blu_pineappl3/
0ba4e129511b237b,park,1,Tree,0.1686375892834208,https://c6.staticflickr.com/8/7116/8155514389_606628e701_z.jpg,https://c4.staticflickr.com/8/7116/8155514389_1737729eeb_o.jpg,https://www.flickr.com/photos/tomhead/8155514389/,https://creativecommons.org/licenses/by/2.0/,https://www.flickr.com/people/tomhead/
0ba4f62f6a92a5a5,park,1,Tree,0.0754601296595093,https://c8.staticflickr.com/4/3326/3217330410_c9332a95bd_z.jpg,https://farm6.staticflickr.com/3326/3217330410_1df2ab2357_o.jpg,https://www.flickr.com/photos/72213316@N00/3217330410,https://creativecommons.org/licenses/by/2.0/,https://www.flickr.com/people/72213316@N00/
0bc1f672746e2512,park,1,Tree,0.651834690090852,https://c7.staticflickr.com/6/5244/5207415222_8c90a497ca_z.jpg,https://farm3.staticflickr.com/5244/5207415222_b996d40a4a_o.jpg,https://www.flickr.com/photos/iowaredbulls/5207415222,https://creativecommons.org/licenses/by/2.0/,https://www.flickr.com/people/iowaredbulls/
0d5f138d90a24d01,park,1,Tree,0.6142578518125,https://c5.staticflickr.com/4/3283/2471774104_a2108f400b_z.jpg,https://farm2.staticflickr.com/3283/2471774104_40b39b93a2_o.jpg,https://www.flickr.com/photos/jaybergesen/2471774104,https://creativecommons.org/licenses/by/2.0/,https://www.flickr.com/people/jaybergesen/
0dc76550ff7054b3,park,1,Tree,0.22305450802425,https://c8.staticflickr.com/5/4011/4455156226_18ea4224ef_z.jpg?zz=1,https://farm4.staticflickr.com/4011/4455156226_459a8dfaf6_o.jpg,https://www.flickr.com/photos/senkiwboo/4455156226,https://creativecommons.org/licenses/by/2.0/,https://www.flickr.com/people/senkiwboo/
0e5fee84637d75f5,park,1,Tree,0.940265485,https://c2.staticflickr.com/7/6062/6153134599_fe3f280b35_z.jpg,https://farm6.staticflickr.com/6062/6153134599_93426c7288_o.jpg,https://www.flickr.com/photos/agecombahia/6153134599,https://creativecommons.org/licenses/by/2.0/,https://www.flickr.com/people/agecombahia/
0ee38e79c504fe1c,park,1,Tree,0.034771716048764,https://c5.staticflickr.com/9/8381/8479563205_79bf904094_z.jpg,https://c5.staticflickr.com/9/8381/8479563205_4721370b70_o.jpg,https://www.flickr.com/photos/jirka_matousek/8479563205,https://creativecommons.org/licenses/by/2.0/,https://www.flickr.com/people/jirka_matousek/
0f2358e793950ca0,park,1,Tree,0.14813221163188106,https://c6.staticflickr.com/4/3691/9141188655_328b195d8d_z.jpg,https://farm1.staticflickr.com/3691/9141188655_511241a760_o.jpg,https://www.flickr.com/photos/stignygaard/9141188655,https://creativecommons.org/licenses/by/2.0/,https://www.flickr.com/people/stignygaard/
0f9de77259983016,park,1,Tree,0.116015625,https://c4.staticflickr.com/3/2525/3851727632_27f59f37ef_z.jpg,https://farm7.staticflickr.com/2525/3851727632_94aa92f22e_o.jpg,https://www.flickr.com/photos/bobnrenee/3851727632,https://creativecommons.org/licenses/by/2.0/,https://www.flickr.com/people/bobnrenee/
0fa1f463189c8e42,park,1,Tree,0.6358772002707012,https://c8.staticflickr.com/5/4082/4767052683_54b1e7a1e9_z.jpg,https://farm3.staticflickr.com/4082/4767052683_1495ee327f_o.jpg,https://www.flickr.com/photos/dumbledad/4767052683,https://creativecommons.org/licenses/by/2.0/,https://www.flickr.com/people/dumbledad/
0fe73678341c5315,park,1,Tree,0.04894205890625,https://c1.staticflickr.com/4/3552/3497146673_19f12b37fc_z.jpg?zz=1,https://farm6.staticflickr.com/3552/3497146673_52471c634b_o.jpg,https://www.flickr.com/photos/swisschef/3497146673,https://creativecommons.org/licenses/by/2.0/,https://www.flickr.com/people/swisschef/
10481895508872f1,park,1,Tree,0.09045344720749471,https://c4.staticflickr.com/8/7296/9157606630_2ef852a3ee_z.jpg,https://farm2.staticflickr.com/7296/9157606630_1fd57b2a71_o.jpg,https://www.flickr.com/photos/theaudioslave/9157606630,https://creativecommons.org/licenses/by/2.0/,https://www.flickr.com/people/theaudioslave/
105c98d1ee5f03ef,park,1,Tree,0.12295572103125002,https://c8.staticflickr.com/5/4062/4288751304_aedbbb734f_z.jpg,https://c8.staticflickr.com/5/4062/4288751304_1800af6452_o.jpg,https://www.flickr.com/photos/brian_gautreau/4288751304,https://creativecommons.org/licenses/by/2.0/,https://www.flickr.com/people/brian_gautreau/
10e37fbcd2aa01db,park,1,Tree,0.034153645515625004,https://c2.staticflickr.com/4/3278/3047725546_3422b30fe3_z.jpg,https://c4.staticflickr.com/4/3278/3047725546_0c4e1a0346_o.jpg,https://www.flickr.com/photos/librarianidol/3047725546,https://creativecommons.org/licenses/by/2.0/,https://www.flickr.com/people/librarianidol/
1175875723f994b1,park,1,Tree,0.3023255799999999,https://c4.staticflickr.com/7/6021/5904386289_924b24d75d_z.jpg,https://farm2.staticflickr.com/6021/5904386289_01c704d2d6_o.jpg,https://www.flickr.com/photos/globetrotteri/5904386289,https://creativecommons.org/licenses/by/2.0/,https://www.flickr.com/people/globetrotteri/
118d7db4ca9c7a7a,park,1,Tree,0.04341796875,https://c6.staticflickr.com/9/8634/16179679530_6f47facc6d_z.jpg,https://c3.staticflickr.com/9/8634/16179679530_37d438ea3b_o.jpg,https://www.flickr.com/photos/italiamotori/16179679530,https://creativecommons.org/licenses/by/2.0/,https://www.flickr.com/people/italiamotori/
122804d032b58390,park,1,Tree,0.17146097523466497,https://c3.staticflickr.com/3/2173/2129245935_0e41291987_z.jpg,https://farm1.staticflickr.com/2173/2129245935_9a5cc04ef0_o.jpg,https://www.flickr.com/photos/joestump/2129245935,https://creativecommons.org/licenses/by/2.0/,https://www.flickr.com/people/joestump/
125fca1bb0a5be7a,park,1,Tree,0.08876172605046954,https://c5.staticflickr.com/6/5442/8997274864_c8049ba938_z.jpg,https://c3.staticflickr.com/6/5442/8997274864_69002ab02b_o.jpg,https://www.flickr.com/photos/tichonharel/8997274864,https://creativecommons.org/licenses/by/2.0/,https://www.flickr.com/people/tichonharel/
13b7206961bca9c6,park,1,Tree,0.35004885320312495,https://c8.staticflickr.com/8/7038/6844700924_90b4bef5ea_z.jpg,https://farm7.staticflickr.com/7038/6844700924_27cd11db80_o.jpg,https://www.flickr.com/photos/twechy/6844700924,https://creativecommons.org/licenses/by/2.0/,https://www.flickr.com/people/twechy/
14162e34dde5654c,park,1,Tree,0.10360351562499998,https://c1.staticflickr.com/6/5499/9408729269_532fca6e3c_z.jpg,https://c5.staticflickr.com/6/5499/9408729269_87f6e67659_o.jpg,https://www.flickr.com/photos/acme/9408729269,https://creativecommons.org/licenses/by/2.0/,https://www.flickr.com/people/acme/
148d981b99429e3f,park,1,Tree,0.2593356030145118,https://c3.staticflickr.com/4/3630/3688535335_815dab0387_z.jpg,https://c8.staticflickr.com/4/3630/3688535335_b8307e0568_o.jpg,https://www.flickr.com/photos/kashmera/3688535335,https://creativecommons.org/licenses/by/2.0/,https://www.flickr.com/people/kashmera/
14da09e1c230ab17,park,1,Tree,0.926829264,https://c2.staticflickr.com/6/5280/14049434987_72abf46105_z.jpg,https://farm8.staticflickr.com/5280/14049434987_144d4dae28_o.jpg,https://www.flickr.com/photos/samediggi/14049434987,https://creativecommons.org/licenses/by/2.0/,https://www.flickr.com/people/samediggi/
14f8f7fe6121ce8c,park,1,Tree,0.03312499800000003,https://c7.staticflickr.com/4/3229/2668982978_19b9b7225e_z.jpg,https://c5.staticflickr.com/4/3229/2668982978_b119ab4ee1_o.jpg,https://www.flickr.com/photos/gorod-sky/2668982978,https://creativecommons.org/licenses/by/2.0/,https://www.flickr.com/people/gorod-sky/
1519b2618048f525,park,1,Tree,0.5428087361037083,https://c6.staticflickr.com/8/7076/7228256220_a666899fc7_z.jpg,https://farm6.staticflickr.com/7076/7228256220_abd4e98525_o.jpg,https://www.flickr.com/photos/mikeriela/7228256220,https://creativecommons.org/licenses/by/2.0/,https://www.flickr.com/people/mikeriela/
15348e4f2c7ebe0f,park,1,Tree,0.05786600282878697,https://c5.staticflickr.com/6/5115/7055251597_901512afea_z.jpg,https://c8.staticflickr.com/6/5115/7055251597_0d49c481fc_o.jpg,https://www.flickr.com/photos/teamboost/7055251597,https://creativecommons.org/licenses/by/2.0/,https://www.flickr.com/people/teamboost/
154bf3c92a7c6d27,park,1,Tree,0.180917969671875,https://c7.staticflickr.com/4/3357/3452990622_cfb5fba34a_z.jpg?zz=1,https://farm8.staticflickr.com/3357/3452990622_5a66bf25a1_o.jpg,https://www.flickr.com/photos/richard_jones/3452990622,https://creativecommons.org/licenses/by/2.0/,https://www.flickr.com/people/richard_jones/
1599c65b23b6f4b4,park,1,Tree,0.053684462847323984,https://c4.staticflickr.com/7/6021/5965750454_77d25a965c_z.jpg,https://farm5.staticflickr.com/6021/5965750454_90aa70ce47_o.jpg,https://www.flickr.com/photos/23024164@N06/5965750454/,https://creativecommons.org/licenses/by/2.0/,https://www.flickr.com/people/23024164@N06/
1655cdcc107c3f6e,park,1,Tree,0.8348632780312499,https://c3.staticflickr.com/5/4076/4880034452_809f9d7391_z.jpg,https://c7.staticflickr.com/5/4076/4880034452_84b10cfee8_o.jpg,https://www.flickr.com/photos/seiu1/4880034452/,https://creativecommons.org/licenses/by/2.0/,https://www.flickr.com/people/seiu1/
1669479168968bcc,park,1,Tree,0.042494862780169194,https://c4.staticflickr.com/3/2937/14265143426_0770389597_z.jpg,https://c5.staticflickr.com/3/2937/14265143426_45f378ae9f_o.jpg,https://www.flickr.com/photos/rhaarmans/14265143426,https://creativecommons.org/licenses/by/2.0/,https://www.flickr.com/people/rhaarmans/
17712bc05cde6832,park,1,Tree,0.2767506859587887,https://c6.staticflickr.com/9/8831/18447908629_97f402a241_z.jpg,https://farm3.staticflickr.com/8831/18447908629_78e6992a9e_o.jpg,https://www.flickr.com/photos/ndvf/18447908629,https://creativecommons.org/licenses/by/2.0/,https://www.flickr.com/people/ndvf/
1771a6a8ebbc01ad,park,1,Tree,0.037932410167032006,https://c7.staticflickr.com/1/56/120178026_f9c1418513_z.jpg,https://c6.staticflickr.com/1/56/120178026_f9c1418513_o.jpg,https://www.flickr.com/photos/cessemi/120178026,https://creativecommons.org/licenses/by/2.0/,https://www.flickr.com/people/cessemi/
1858c0edbff1ae49,park,1,Tree,0.24164466053999037,https://c2.staticflickr.com/3/2579/5768622718_c81b56c2be_z.jpg,https://c2.staticflickr.com/3/2579/5768622718_948ab37610_o.jpg,https://www.flickr.com/photos/markfickett/5768622718,https://creativecommons.org/licenses/by/2.0/,https://www.flickr.com/people/markfickett/
1919fe6ae22844fb,park,1,Tree,0.4259143177014384,https://c1.staticflickr.com/4/3866/14935119568_24c6678d9a_z.jpg,https://c4.staticflickr.com/4/3866/14935119568_c2cd5579d0_o.jpg,https://www.flickr.com/photos/oregondepartmentofforestry/14935119568,https://creativecommons.org/licenses/by/2.0/,https://www.flickr.com/people/oregondepartmentofforestry/
196c82a52a27aba3,park,1,Tree,0.16169946898764148,https://c2.staticflickr.com/4/3796/8971415146_0900653397_z.jpg,https://farm4.staticflickr.com/3796/8971415146_4bcb1002db_o.jpg,https://www.flickr.com/photos/us_mission_canada/8971415146,https://creativecommons.org/licenses/by/2.0/,https://www.flickr.com/people/us_mission_canada/
1979f000accea6f6,park,1,Tree,0.051908059629270004,https://c2.staticflickr.com/7/6195/6104986775_1453148859_z.jpg,https://farm7.staticflickr.com/6195/6104986775_fbdb64b2b2_o.jpg,https://www.flickr.com/photos/trysil/6104986775,https://creativecommons.org/licenses/by/2.0/,https://www.flickr.com/people/trysil/
19e3e69835151951,park,1,Tree,0.048698669122353606,https://c1.staticflickr.com/8/7328/12848507574_6c0a8c4564_z.jpg,https://farm2.staticflickr.com/7328/12848507574_ec1e679299_o.jpg,https://www.flickr.com/photos/profernity/12848507574,https://creativecommons.org/licenses/by/2.0/,https://www.flickr.com/people/profernity/
1ae2903da19989a5,park,1,Tree,0.28953075072,,https://farm6.staticflickr.com/7353/9671396935_2bda787382_o.jpg,https://www.flickr.com/photos/mig/9671396935/,https://creativecommons.org/licenses/by/2.0/,https://www.flickr.com/people/mig/
1b8d1d161bf4396b,park,1,Tree,0.6440994116273295,,https://c4.staticflickr.com/1/4/4477792_f42fe9206e_o.jpg,https://www.flickr.com/photos/samualpedrete/4477792,https://creativecommons.org/licenses/by/2.0/,https://www.flickr.com/people/samualpedrete/
1be63da150641ede,park,1,Tree,0.20426354353885398,https://c2.staticflickr.com/6/5259/5433788065_8ffdac78b7_z.jpg,https://c7.staticflickr.com/6/5259/5433788065_fcff0ee24a_o.jpg,https://www.flickr.com/photos/mwvchamber/5433788065,https://creativecommons.org/licenses/by/2.0/,https://www.flickr.com/people/mwvchamber/
1bea4a97a9cfe442,park,1,Tree,0.471500633140625,https://c6.staticflickr.com/2/1135/850054138_2846196ade_z.jpg,https://farm3.staticflickr.com/1135/850054138_60bf9c9373_o.jpg,https://www.flickr.com/photos/timparkinson/850054138,https://creativecommons.org/licenses/by/2.0/,https://www.flickr.com/people/timparkinson/
1c2b9acdf3f14dc5,park,1,Tree,0.267439811746965,https://c2.staticflickr.com/9/8476/8424154822_07aec03a15_z.jpg,https://farm6.staticflickr.com/8476/8424154822_1bf2649f4c_o.jpg,https://www.flickr.com/photos/64541172@N06/8424154822,https://creativecommons.org/licenses/by/2.0/,https://www.flickr.com/people/64541172@N06/
1c694c5d547cbfae,park,1,Tree,0.22804002493358924,https://c6.staticflickr.com/4/3267/5826001220_e69bb1c5d5_z.jpg,https://c7.staticflickr.com/4/3267/5826001220_817f43e19e_o.jpg,https://www.flickr.com/photos/djackmanson/5826001220,https://creativecommons.org/licenses/by/2.0/,https://www.flickr.com/people/djackmanson/
1cd8845d9ae7fe1d,park,1,Tree,0.90433213,https://c4.staticflickr.com/4/3435/3820427133_e993760875_z.jpg,https://c6.staticflickr.com/4/3435/3820427133_9585279de0_o.jpg,https://www.flickr.com/photos/bnsd/3820427133,https://creativecommons.org/licenses/by/2.0/,https://www.flickr.com/people/bnsd/
1d32c499b637277d,park,1,Tree,0.75073749,https://c5.staticflickr.com/8/7086/7311992684_6dd2ec5818_z.jpg,https://c6.staticflickr.com/8/7086/7311992684_9b5d4f2cf2_o.jpg,https://www.flickr.com/photos/bethscupham/7311992684,https://creativecommons.org/licenses/by/2.0/,https://www.flickr.com/people/bethscupham/
1d38cb1a280ca0d3,park,1,Tree,0.4424155695901919,https://c2.staticflickr.com/8/7321/9569813325_a80908750a_z.jpg,https://farm4.staticflickr.com/7321/9569813325_7eb5d90e00_o.jpg,https://www.flickr.com/photos/ftleetraveller/9569813325,https://creativecommons.org/licenses/by/2.0/,https://www.flickr.com/people/ftleetraveller/
1d4cc602049bfdff,park,1,Tree,0.1511071718949,https://c6.staticflickr.com/6/5518/11529087744_aab6a1bf27_z.jpg,https://c8.staticflickr.com/6/5518/11529087744_553d9a49a7_o.jpg,https://www.flickr.com/photos/metay/11529087744,https://creativecommons.org/licenses/by/2.0/,https://www.flickr.com/people/metay/
1d4e2316f8462f53,park,1,Tree,0.25791631434046,https://c7.staticflickr.com/6/5176/5500666997_29bf83d51f_z.jpg,https://farm4.staticflickr.com/5176/5500666997_4f9607586c_o.jpg,https://www.flickr.com/photos/abrahamy2k/5500666997,https://creativecommons.org/licenses/by/2.0/,https://www.flickr.com/people/abrahamy2k/
1db5c2ecaf3ed2a6,park,1,Tree,0.13858519154031002,https://c2.staticflickr.com/3/2875/12955708084_08986bb6a9_z.jpg,https://farm7.staticflickr.com/2875/12955708084_9f7ff464df_o.jpg,https://www.flickr.com/photos/usfwshq/12955708084,https://creativecommons.org/licenses/by/2.0/,https://www.flickr.com/people/usfwshq/
1e01f0f05168640a,park,1,Tree,0.039257803125000004,https://c2.staticflickr.com/6/5456/9662693470_67507ca778_z.jpg,https://c3.staticflickr.com/6/5456/9662693470_ba9bc567e1_o.jpg,https://www.flickr.com/photos/bravenboer/9662693470,https://creativecommons.org/licenses/by/2.0/,https://www.flickr.com/people/bravenboer/
1e0d86c934e6e670,park,1,Tree,0.43815755556249997,https://c7.staticflickr.com/8/7215/7200561176_2a0ed92c04_z.jpg,https://farm1.staticflickr.com/7215/7200561176_70807a7020_o.jpg,https://www.flickr.com/photos/cumidanciki/7200561176,https://creativecommons.org/licenses/by/2.0/,https://www.flickr.com/people/cumidanciki/
1e418a6d744ca7fc,park,1,Tree,0.09024738587500003,https://c2.staticflickr.com/1/98/228600098_4529518561_z.jpg,https://c5.staticflickr.com/1/98/228600098_4529518561_o.jpg,https://www.flickr.com/photos/howieluvzus/228600098,https://creativecommons.org/licenses/by/2.0/,https://www.flickr.com/people/howieluvzus/
1ecab1a4be9ea551,park,1,Tree,0.07062712516732318,https://c8.staticflickr.com/7/6059/6395119993_e4783340d1_z.jpg,https://farm2.staticflickr.com/6059/6395119993_dab8dd9847_o.jpg,https://www.flickr.com/photos/burnedhorse/6395119993/,https://creativecommons.org/licenses/by/2.0/,https://www.flickr.com/people/burnedhorse/
1f7c714c88527e6b,park,1,Tree,0.1412796601335265,https://c8.staticflickr.com/9/8306/7814394602_bd77b9cdfa_z.jpg,https://c4.staticflickr.com/9/8306/7814394602_6ccc3acddb_o.jpg,https://www.flickr.com/photos/16nine/7814394602/,https://creativecommons.org/licenses/by/2.0/,https://www.flickr.com/people/16nine/
20a9588a2cc86961,park,1,Tree,0.48215820312499996,https://c7.staticflickr.com/4/3570/3503917062_7bc35a9565_z.jpg,https://farm2.staticflickr.com/3570/3503917062_09387c676b_o.jpg,https://www.flickr.com/photos/ezoxeye/3503917062,https://creativecommons.org/licenses/by/2.0/,https://www.flickr.com/people/ezoxeye/
20d12b52e2c7cf42,park,1,Tree,0.43333333999999996,https://c7.staticflickr.com/5/4128/4975460922_219405c282_z.jpg,https://farm3.staticflickr.com/4128/4975460922_3f7ffebc93_o.jpg,https://www.flickr.com/photos/fire_up_the_quattro/4975460922,https://creativecommons.org/licenses/by/2.0/,https://www.flickr.com/people/fire_up_the_quattro/
21452e538d101ee9,park,1,Tree,0.947686117,https://c2.staticflickr.com/4/3945/15719694612_e2d5d3b745_z.jpg,https://c2.staticflickr.com/4/3945/15719694612_59dfbc1371_o.jpg,https://www.flickr.com/photos/usmcarchives/15719694612,https://creativecommons.org/licenses/by/2.0/,https://www.flickr.com/people/usmcarchives/
218167595eb76b7b,park,1,Tree,0.08733636794039959,https://c6.staticflickr.com/1/143/385926573_b49b6a954b_z.jpg,https://c4.staticflickr.com/1/143/385926573_b49b6a954b_o.jpg,https://www.flickr.com/photos/deltamike/385926573,https://creativecommons.org/licenses/by/2.0/,https://www.flickr.com/people/deltamike/
2192e031f570a4d5,park,1,Tree,0.93478261,https://c8.staticflickr.com/1/58/170371047_537f9589f5_z.jpg?zz=1,https://farm6.staticflickr.com/58/170371047_537f9589f5_o.jpg,https://www.flickr.com/photos/bluetigger/170371047,https://creativecommons.org/licenses/by/2.0/,https://www.flickr.com/people/bluetigger/
22b941f602139220,park,1,Tree,0.039375000000000014,https://c4.staticflickr.com/1/3/4918514_ea86d5de0d_z.jpg?zz=1,https://farm1.staticflickr.com/3/4918514_ea86d5de0d_o.jpg,https://www.flickr.com/photos/98894271@N00/4918514,https://creativecommons.org/licenses/by/2.0/,https://www.flickr.com/people/lawley/
22ce7c96d1cfe0e2,park,1,Tree,0.33811128956578623,https://c6.staticflickr.com/4/3620/3555995961_ef635a64a1_z.jpg?zz=1,https://farm3.staticflickr.com/3620/3555995961_30afcbbfaf_o.jpg,https://www.flickr.com/photos/nycmarines/3555995961,https://creativecommons.org/licenses/by/2.0/,https://www.flickr.com/people/nycmarines/
22dfc0f39bdd0be7,park,1,Tree,0.16159239746265977,https://c3.staticflickr.com/4/3103/3178654261_6e2d70401e_z.jpg,https://farm8.staticflickr.com/3103/3178654261_c0fdc2d5eb_o.jpg,https://www.flickr.com/photos/michielvanbalen/3178654261,https://creativecommons.org/licenses/by/2.0/,https://www.flickr.com/people/michielvanbalen/
236bfb9d94aa652f,park,1,Tree,0.04773437540624998,,https://c8.staticflickr.com/7/6075/6149682529_acc78f8421_o.jpg,https://www.flickr.com/photos/67333623@N04/6149682529,https://creativecommons.org/licenses/by/2.0/,https://www.flickr.com/people/67333623@N04/
23a53905cae59bda,park,1,Tree,0.06568856781474945,https://c4.staticflickr.com/7/6022/5954214644_40bf861f4f_z.jpg,https://c3.staticflickr.com/7/6022/5954214644_f0277dc660_o.jpg,https://www.flickr.com/photos/hygienematters/5954214644,https://creativecommons.org/licenses/by/2.0/,https://www.flickr.com/people/hygienematters/
23ae9c72811ea12c,park,1,Tree,0.17268647880239002,https://c2.staticflickr.com/1/114/272515357_847b3c5b91_z.jpg,https://c5.staticflickr.com/1/114/272515357_847b3c5b91_o.jpg,https://www.flickr.com/photos/kitpfish/272515357,https://creativecommons.org/licenses/by/2.0/,https://www.flickr.com/people/kitpfish/
2494d0e1b1545d11,park,1,Tree,0.118701165234375,https://c8.staticflickr.com/8/7479/16020507399_f7ace50a4b_z.jpg,https://farm2.staticflickr.com/7479/16020507399_41805a2548_o.jpg,https://www.flickr.com/photos/camppinewood/16020507399,https://creativecommons.org/licenses/by/2.0/,https://www.flickr.com/people/camppinewood/
24a921303b6a05ef,park,1,Tree,0.19584568094362043,,https://c8.staticflickr.com/3/2291/2272451440_78ff2b37bc_o.jpg,https://www.flickr.com/photos/euskaltrial/2272451440/,https://creativecommons.org/licenses/by/2.0/,https://www.flickr.com/people/euskaltrial/
2551daa537c23108,park,1,Tree,0.059335931375,https://c5.staticflickr.com/9/8481/8152526947_aac01a6017_z.jpg,https://c1.staticflickr.com/9/8481/8152526947_78fbd59263_o.jpg,https://www.flickr.com/photos/nadiasilveira/8152526947,https://creativecommons.org/licenses/by/2.0/,https://www.flickr.com/people/nadiasilveira/
2651b2008da6d733,park,1,Tree,0.09640061999999999,https://c3.staticflickr.com/8/7081/6967743544_01d2435cd8_z.jpg,https://farm4.staticflickr.com/7081/6967743544_3abafd2669_o.jpg,https://www.flickr.com/photos/editor/6967743544,https://creativecommons.org/licenses/by/2.0/,https://www.flickr.com/people/editor/
26751a39a48078e1,park,1,Tree,0.20928655513851538,https://c8.staticflickr.com/7/6058/6323865427_b38c7c46df_z.jpg,https://farm2.staticflickr.com/6058/6323865427_41bd12c566_o.jpg,https://www.flickr.com/photos/xcaverx/6323865427,https://creativecommons.org/licenses/by/2.0/,https://www.flickr.com/people/xcaverx/
26fa5ca89582227c,park,1,Tree,0.914454274,https://c4.staticflickr.com/3/2038/2389033542_d1410e8c4b_z.jpg?zz=1,https://c5.staticflickr.com/3/2038/2389033542_411d3cf9ed_o.jpg,https://www.flickr.com/photos/shanepope/2389033542,https://creativecommons.org/licenses/by/2.0/,https://www.flickr.com/people/shanepope/
27177e10a15ea68b,park,1,Tree,0.93603515625,https://c4.staticflickr.com/3/2426/5829278840_e5ee492283_z.jpg,https://c4.staticflickr.com/3/2426/5829278840_8e35a74106_o.jpg,https://www.flickr.com/photos/www_ukberri_net/5829278840,https://creativecommons.org/licenses/by/2.0/,https://www.flickr.com/people/www_ukberri_net/
2739879737c64f08,park,1,Tree,0.23112304228124997,https://c5.staticflickr.com/1/35/71954713_c998b8c324_z.jpg,https://c1.staticflickr.com/1/35/71954713_c998b8c324_o.jpg,https://www.flickr.com/photos/jimbaker/71954713,https://creativecommons.org/licenses/by/2.0/,https://www.flickr.com/people/jimbaker/
27c5f1373268e07a,park,1,Tree,0.8300454865933664,https://c3.staticflickr.com/8/7175/6791560819_751515416f_z.jpg,https://c3.staticflickr.com/8/7175/6791560819_cbf75890c0_o.jpg,https://www.flickr.com/photos/usdagov/6791560819,https://creativecommons.org/licenses/by/2.0/,https://www.flickr.com/people/usdagov/
27fec0e98c406a25,park,1,Tree,0.07210856699590049,https://c8.staticflickr.com/6/5129/5225370049_07330fafa7_z.jpg,https://farm6.staticflickr.com/5129/5225370049_8df7192f2d_o.jpg,https://www.flickr.com/photos/53391983@N05/5225370049,https://creativecommons.org/licenses/by/2.0/,https://www.flickr.com/people/53391983@N05/
299d6312ddbe16c7,park,1,Tree,0.04947277071675159,https://c7.staticflickr.com/6/5227/5671382250_ff43a05d47_z.jpg,https://farm8.staticflickr.com/5227/5671382250_faeecef0f3_o.jpg,https://www.flickr.com/photos/robertnyman/5671382250,https://creativecommons.org/licenses/by/2.0/,https://www.flickr.com/people/robertnyman/
2b1f2c95be4c43a8,park,1,Tree,0.08246861455876198,https://c6.staticflickr.com/4/3170/5868016096_47d1fda3a2_z.jpg,https://c1.staticflickr.com/4/3170/5868016096_c21e1c9eaa_o.jpg,https://www.flickr.com/photos/32890877@N07/5868016096,https://creativecommons.org/licenses/by/2.0/,https://www.flickr.com/people/32890877@N07/
2b28df0026212bdb,park,1,Tree,0.36712750000000005,https://c5.staticflickr.com/4/3263/2357552957_82d6e96676_z.jpg,https://c4.staticflickr.com/4/3263/2357552957_12fbb3d009_o.jpg,https://www.flickr.com/photos/balladist/2357552957,https://creativecommons.org/licenses/by/2.0/,https://www.flickr.com/people/balladist/
2b681f7205d3b95e,park,1,Tree,0.06618489631250002,https://c5.staticflickr.com/3/2873/9044197818_f2f1ac01db_z.jpg,https://c7.staticflickr.com/3/2873/9044197818_b743611cfe_o.jpg,https://www.flickr.com/photos/97513256@N06/9044197818,https://creativecommons.org/licenses/by/2.0/,https://www.flickr.com/people/97513256@N06/
2b7d4c36406a4395,park,1,Tree,0.10867187662499998,https://c4.staticflickr.com/9/8526/8560668127_c2a7981fa9_z.jpg,https://farm6.staticflickr.com/8526/8560668127_5d1028ae99_o.jpg,https://www.flickr.com/photos/quinet/8560668127,https://creativecommons.org/licenses/by/2.0/,https://www.flickr.com/people/quinet/
2baa6353a158c6cd,park,1,Tree,0.13362375675610744,https://c5.staticflickr.com/3/2876/10661010753_0602ff5849_z.jpg,https://c6.staticflickr.com/3/2876/10661010753_620d26f4de_o.jpg,https://www.flickr.com/photos/tomkunz/10661010753,https://creativecommons.org/licenses/by/2.0/,https://www.flickr.com/people/tomkunz/
2bb371dc7d9c1509,park,1,Tree,0.405,https://c8.staticflickr.com/1/22/34171498_1cd844c5e6_z.jpg?zz=1,https://c2.staticflickr.com/1/22/34171498_1cd844c5e6_o.jpg,https://www.flickr.com/photos/jbraine/34171498,https://creativecommons.org/licenses/by/2.0/,https://www.flickr.com/people/jbraine/
2c1f055d4f648e4b,park,1,Tree,0.29845701281250003,https://c3.staticflickr.com/1/145/415196130_b3f029b450_z.jpg,https://c4.staticflickr.com/1/145/415196130_5468835952_o.jpg,https://www.flickr.com/photos/mdiocuh_galeals/415196130,https://creativecommons.org/licenses/by/2.0/,https://www.flickr.com/people/mdiocuh_galeals/
2c209664cc9be9e6,park,1,Tree,0.7078125000000001,https://c6.staticflickr.com/3/2374/1845269445_a1a30cb57c_z.jpg?zz=1,https://farm7.staticflickr.com/2374/1845269445_3088d373cb_o.jpg,https://www.flickr.com/photos/axeldeviaje/1845269445,https://creativecommons.org/licenses/by/2.0/,https://www.flickr.com/people/axeldeviaje/
2c369f8e46ca9136,park,1,Tree,0.4399750581080672,https://c3.staticflickr.com/8/7062/6903997043_0978e9fdc6_z.jpg,https://farm7.staticflickr.com/7062/6903997043_462588a70a_o.jpg,https://www.flickr.com/photos/losmocanos/6903997043/,https://creativecommons.org/licenses/by/2.0/,https://www.flickr.com/people/losmocanos/
2c4004388f263f72,park,1,Tree,0.14592997300066413,https://c1.staticflickr.com/4/3099/2671712259_0cc1b1ce92_z.jpg,https://farm3.staticflickr.com/3099/2671712259_f937fce448_o.jpg,https://www.flickr.com/photos/winterbald/2671712259,https://creativecommons.org/licenses/by/2.0/,https://www.flickr.com/people/winterbald/
2c4683b139ff1685,park,1,Tree,0.04048867871146279,https://c1.staticflickr.com/8/7654/16878400538_7ea9a80e8c_z.jpg,https://farm6.staticflickr.com/7654/16878400538_1a503be80c_o.jpg,https://www.flickr.com/photos/garryknight/16878400538,https://creativecommons.org/licenses/by/2.0/,https://www.flickr.com/people/garryknight/
2c882bb77d83c849,park,1,Tree,0.81875,https://c5.staticflickr.com/4/3148/2835856558_3a8d2565de_z.jpg?zz=1,https://c2.staticflickr.com/4/3148/2835856558_8f039b179d_o.jpg,https://www.flickr.com/photos/paulsynnott/2835856558,https://creativecommons.org/licenses/by/2.0/,https://www.flickr.com/people/paulsynnott/
2ca77482bdacd63c,park,1,Tree,0.20047904551465756,https://c7.staticflickr.com/8/7687/17156099937_b270361c1d_z.jpg,https://c5.staticflickr.com/8/7687/17156099937_c1fa86ef72_o.jpg,https://www.flickr.com/photos/egropp/17156099937,https://creativecommons.org/licenses/by/2.0/,https://www.flickr.com/people/egropp/
2ce6df93e2fcf67c,park,1,Tree,0.5791221439023735,https://c6.staticflickr.com/5/4137/4918560504_ba95333006_z.jpg,https://c5.staticflickr.com/5/4137/4918560504_638baa21a0_o.jpg,https://www.flickr.com/photos/oldrebel/4918560504,https://creativecommons.org/licenses/by/2.0/,https://www.flickr.com/people/oldrebel/
2d2726d5de7256f6,park,1,Tree,0.03242226996319199,https://c4.staticflickr.com/6/5553/15032909599_f5c73ddf98_z.jpg,https://farm7.staticflickr.com/5553/15032909599_af4cb67da0_o.jpg,https://www.flickr.com/photos/montanapets/15032909599,https://creativecommons.org/licenses/by/2.0/,https://www.flickr.com/people/montanapets/
2e47eb31e9c31207,park,1,Tree,0.17770597289176082,https://c8.staticflickr.com/4/3743/11611332486_d9962f058f_z.jpg,https://farm8.staticflickr.com/3743/11611332486_825f0edc9f_o.jpg,https://www.flickr.com/photos/emeryjl/11611332486,https://creativecommons.org/licenses/by/2.0/,https://www.flickr.com/people/emeryjl/
2e72567c95c1ae6d,park,1,Tree,0.040537369990347995,https://c1.staticflickr.com/4/3655/3310045714_e6dc30566f_z.jpg,https://c6.staticflickr.com/4/3655/3310045714_4823d462a0_o.jpg,https://www.flickr.com/photos/vegaseddie/3310045714,https://creativecommons.org/licenses/by/2.0/,https://www.flickr.com/people/vegaseddie/
2f187eb60ee88bdb,park,1,Tree,0.22121137066932803,https://c5.staticflickr.com/4/3053/2578776582_ff1fee9b1e_z.jpg,https://c4.staticflickr.com/4/3053/2578776582_51b7448afa_o.jpg,https://www.flickr.com/photos/58663780@N00/2578776582,https://creativecommons.org/licenses/by/2.0/,https://www.flickr.com/people/58663780@N00/
2f2d2e2bcd186d31,park,1,Tree,0.18858171941055102,https://c4.staticflickr.com/6/5252/5536848567_3f4d13f036_z.jpg,https://farm2.staticflickr.com/5252/5536848567_cb961d060a_o.jpg,https://www.flickr.com/photos/photojonas/5536848567,https://creativecommons.org/licenses/by/2.0/,https://www.flickr.com/people/photojonas/
2f535abd45f435ff,park,1,Tree,0.18419609157490793,https://c8.staticflickr.com/3/2323/5708073134_b95e476117_z.jpg,https://c8.staticflickr.com/3/2323/5708073134_ef248a8bd3_o.jpg,https://www.flickr.com/photos/dalregobeyond/5708073134,https://creativecommons.org/licenses/by/2.0/,https://www.flickr.com/people/dalregobeyond/
2f9f635834d57175,park,1,Tree,0.599691937224312,https://c2.staticflickr.com/9/8494/8308063392_3612b3dbfa_z.jpg,https://farm6.staticflickr.com/8494/8308063392_7312bd0942_o.jpg,https://www.flickr.com/photos/kjarrett/8308063392,https://creativecommons.org/licenses/by/2.0/,https://www.flickr.com/people/kjarrett/
30b588e4be85cf2b,park,1,Tree,0.18867187575000002,https://c4.staticflickr.com/9/8372/8506936949_d4c8da875c_z.jpg,https://c4.staticflickr.com/9/8372/8506936949_ee1e46f217_o.jpg,https://www.flickr.com/photos/diaper/8506936949,https://creativecommons.org/licenses/by/2.0/,https://www.flickr.com/people/diaper/
318e12be63daa7bb,park,1,Tree,0.24631268,https://c7.staticflickr.com/9/8311/8008210041_a0bf137b1f_z.jpg,https://c4.staticflickr.com/9/8311/8008210041_4229f4f171_o.jpg,https://www.flickr.com/photos/democratparty/8008210041,https://creativecommons.org/licenses/by/2.0/,https://www.flickr.com/people/democratparty/
5a7afb4a8c34b83a,urban_street,39,Building; City; Downtown; Road; Sidewalk; Street,0.2512595438482522,https://c6.staticflickr.com/7/6223/6209482901_44690342c2_z.jpg,https://c3.staticflickr.com/7/6223/6209482901_8049b7bb82_o.jpg,https://www.flickr.com/photos/n3tel/6209482901,https://creativecommons.org/licenses/by/2.0/,https://www.flickr.com/people/n3tel/
472433c727aa4d93,urban_street,38,Building; City; Cityscape; Downtown; Road; Street; Urban area,0.038733717875000004,https://c8.staticflickr.com/4/3022/2460868146_40fa61e782_z.jpg,https://farm4.staticflickr.com/3022/2460868146_32b046c502_o.jpg,https://www.flickr.com/photos/w00kie/2460868146,https://creativecommons.org/licenses/by/2.0/,https://www.flickr.com/people/w00kie/
37be73f83c029f49,urban_street,34,Building; City; Downtown; Road; Street; Urban area,0.24722635156851197,https://c4.staticflickr.com/8/7122/7508445968_b35f311819_z.jpg,https://c2.staticflickr.com/8/7122/7508445968_5a9a34a6d1_o.jpg,https://www.flickr.com/photos/florisje/7508445968/,https://creativecommons.org/licenses/by/2.0/,https://www.flickr.com/people/florisje/
52e04465fca6be90,urban_street,29,Building; City; Downtown; Road; Street,0.41241690000000003,https://c1.staticflickr.com/3/2296/2157125883_14d92fa163_z.jpg,https://farm1.staticflickr.com/2296/2157125883_d62c40b8a0_o.jpg,https://www.flickr.com/photos/superchango/2157125883/,https://creativecommons.org/licenses/by/2.0/,https://www.flickr.com/people/superchango/
7ae56b9a673b49cb,urban_street,29,Building; City; Downtown; Road; Street,0.211520183234375,https://c2.staticflickr.com/1/8/11482410_72d91bccf1_z.jpg?zz=1,https://c4.staticflickr.com/1/8/11482410_72d91bccf1_o.jpg,https://www.flickr.com/photos/antmoose/11482410,https://creativecommons.org/licenses/by/2.0/,https://www.flickr.com/people/antmoose/
1858c0edbff1ae49,urban_street,24,Downtown; Road; Street,0.24164466053999037,https://c2.staticflickr.com/3/2579/5768622718_c81b56c2be_z.jpg,https://c2.staticflickr.com/3/2579/5768622718_948ab37610_o.jpg,https://www.flickr.com/photos/markfickett/5768622718,https://creativecommons.org/licenses/by/2.0/,https://www.flickr.com/people/markfickett/
a3cc8ac6c6b053f8,urban_street,24,Road; Street; Street light,0.10148005902902398,https://c2.staticflickr.com/7/6112/6879065532_0dbea31856_z.jpg,https://c1.staticflickr.com/7/6112/6879065532_c8f650d24e_o.jpg,https://www.flickr.com/photos/jgoge123/6879065532,https://creativecommons.org/licenses/by/2.0/,https://www.flickr.com/people/jgoge123/
133bdbb50f0fb795,urban_street,23,Building; City; Road; Street,0.156707674158379,https://c7.staticflickr.com/9/8558/15830046862_3773eddd4e_z.jpg,https://farm6.staticflickr.com/8558/15830046862_4413739206_o.jpg,https://www.flickr.com/photos/akupac/15830046862,https://creativecommons.org/licenses/by/2.0/,https://www.flickr.com/people/akupac/
85cdfe579ac7a09a,urban_street,23,Building; City; Road; Street,0.3423069182353095,https://c2.staticflickr.com/7/6087/6085080071_f8929e1a4f_z.jpg,https://c3.staticflickr.com/7/6087/6085080071_5b5de984f8_o.jpg,https://www.flickr.com/photos/danielbuechele/6085080071/,https://creativecommons.org/licenses/by/2.0/,https://www.flickr.com/people/danielbuechele/
d332f09da51a0970,urban_street,23,Road; Street; Urban area,0.05837333631909123,https://c4.staticflickr.com/5/4094/4825785819_147c4a6343_z.jpg,https://farm1.staticflickr.com/4094/4825785819_2c8b7d395a_o.jpg,https://www.flickr.com/photos/wyndham/4825785819,https://creativecommons.org/licenses/by/2.0/,https://www.flickr.com/people/wyndham/
7f8ef92c55a63b32,urban_street,19,Building; Road; Street,0.04317432656250002,https://c8.staticflickr.com/4/3714/12523086433_44709bb5a7_z.jpg,https://farm3.staticflickr.com/3714/12523086433_e0f0331f0e_o.jpg,https://www.flickr.com/photos/13476480@N07/12523086433,https://creativecommons.org/licenses/by/2.0/,https://www.flickr.com/people/13476480@N07/
a2473495200c1a2a,urban_street,19,Building; Road; Street,0.1167035124215858,https://c8.staticflickr.com/4/3243/2697183414_d286556101_z.jpg,https://c3.staticflickr.com/4/3243/2697183414_37916a4635_o.jpg,https://www.flickr.com/photos/jturn/2697183414,https://creativecommons.org/licenses/by/2.0/,https://www.flickr.com/people/jturn/
a51fc84ad9e6f883,urban_street,19,Building; Road; Street,0.08992922532687318,https://c3.staticflickr.com/3/2260/2327958072_cae1b7ac1a_z.jpg?zz=1,https://farm4.staticflickr.com/2260/2327958072_b2db258b55_o.jpg,https://www.flickr.com/photos/daskerst/2327958072,https://creativecommons.org/licenses/by/2.0/,https://www.flickr.com/people/daskerst/
cf37c91fc145bf13,urban_street,19,Building; Road; Street,0.06441405946874999,https://c6.staticflickr.com/1/13/19965828_fafa43a45b_z.jpg,https://farm4.staticflickr.com/13/19965828_fafa43a45b_o.jpg,https://www.flickr.com/photos/procsilas/19965828,https://creativecommons.org/licenses/by/2.0/,https://www.flickr.com/people/procsilas/
6a83d6ddcf811554,urban_street,18,Road; Street,0.1503125,https://c6.staticflickr.com/3/2339/2085424048_5ab95b243d_z.jpg,https://farm5.staticflickr.com/2339/2085424048_c967b855c3_o.jpg,https://www.flickr.com/photos/adactio/2085424048,https://creativecommons.org/licenses/by/2.0/,https://www.flickr.com/people/adactio/
6b8dc280da29281a,urban_street,18,Road; Street,0.7197786768749999,https://c3.staticflickr.com/5/4072/4649544406_694f4af2b1_z.jpg,https://c3.staticflickr.com/5/4072/4649544406_6fff47f03b_o.jpg,https://www.flickr.com/photos/mpeinadopa/4649544406,https://creativecommons.org/licenses/by/2.0/,https://www.flickr.com/people/mpeinadopa/
79b3c51ea3a30b98,urban_street,18,Road; Street,1.0,https://c6.staticflickr.com/4/3701/8778358482_aa11934587_z.jpg,https://c1.staticflickr.com/4/3701/8778358482_f58ca3567e_o.jpg,https://www.flickr.com/photos/brunoportnoy/8778358482,https://creativecommons.org/licenses/by/2.0/,https://www.flickr.com/people/brunoportnoy/
91f3ac4de8691746,urban_street,18,Road; Street,0.10279998897578643,https://c1.staticflickr.com/3/2741/4137098683_592b46c33b_z.jpg,https://farm7.staticflickr.com/2741/4137098683_737d82db3b_o.jpg,https://www.flickr.com/photos/gazeronly/4137098683,https://creativecommons.org/licenses/by/2.0/,https://www.flickr.com/people/gazeronly/
cc1ba466237707a5,urban_street,18,Road; Street,0.85625,https://c4.staticflickr.com/4/3499/3178971966_0c88feeafa_z.jpg,https://farm6.staticflickr.com/3499/3178971966_80ceb2207e_o.jpg,https://www.flickr.com/photos/spam/3178971966,https://creativecommons.org/licenses/by/2.0/,https://www.flickr.com/people/spam/
db2682e944a9915c,urban_street,18,Road; Street,0.062406991176025585,https://c7.staticflickr.com/3/2768/4298201503_4d32ce9f55_z.jpg?zz=1,https://c5.staticflickr.com/3/2768/4298201503_c6d35fbbba_o.jpg,https://www.flickr.com/photos/specific-us/4298201503/,https://creativecommons.org/licenses/by/2.0/,https://www.flickr.com/people/specific-us/
32f8b86702777556,urban_street,17,Building; Street; Street light,0.65208334,https://c6.staticflickr.com/6/5099/5533118534_3c48d73e65_z.jpg,https://farm7.staticflickr.com/5099/5533118534_31acb59669_o.jpg,https://www.flickr.com/photos/philliecasablanca/5533118534,https://creativecommons.org/licenses/by/2.0/,https://www.flickr.com/people/philliecasablanca/
f2970bea45ef2e2a,urban_street,16,Building; City; Downtown; Urban area,0.5604687532968751,https://c3.staticflickr.com/9/8164/7259758828_59f7bab08e_z.jpg,https://c3.staticflickr.com/9/8164/7259758828_2ecda19efb_o.jpg,https://www.flickr.com/photos/mig/7259758828,https://creativecommons.org/licenses/by/2.0/,https://www.flickr.com/people/mig/
f4e417cac1f562c8,urban_street,15,Building; City; Cityscape; Downtown,0.310615571308638,https://c6.staticflickr.com/6/5627/20631342149_7003958904_z.jpg,https://c1.staticflickr.com/6/5627/20631342149_3825189a13_o.jpg,https://www.flickr.com/photos/gimp/20631342149,https://creativecommons.org/licenses/by/2.0/,https://www.flickr.com/people/gimp/
12afe1d19dabcba1,urban_street,14,City; Street,0.645989307110995,https://c7.staticflickr.com/9/8790/17780785240_03230d9789_z.jpg,https://farm2.staticflickr.com/8790/17780785240_3d62bb31fd_o.jpg,https://www.flickr.com/photos/130800505@N02/17780785240,https://creativecommons.org/licenses/by/2.0/,https://www.flickr.com/people/130800505@N02/
d4cf54a887702bc9,urban_street,12,City; Road,0.038656162753143014,https://c4.staticflickr.com/5/4018/4716688193_5be3f0805b_z.jpg,https://c2.staticflickr.com/5/4018/4716688193_e2cd80f1f7_o.jpg,https://www.flickr.com/photos/graemethickins/4716688193,https://creativecommons.org/licenses/by/2.0/,https://www.flickr.com/people/graemethickins/
e47dbc614f603686,urban_street,12,City; Road,0.502726747916188,https://c7.staticflickr.com/9/8590/15640014954_94e3691d0b_z.jpg,https://farm7.staticflickr.com/8590/15640014954_bdf8167611_o.jpg,https://www.flickr.com/photos/sparker/15640014954,https://creativecommons.org/licenses/by/2.0/,https://www.flickr.com/people/sparker/
9f352072f3069833,urban_street,11,Building; Street,0.04398677449905419,https://c4.staticflickr.com/3/2872/11105254236_83871fe11f_z.jpg,https://farm4.staticflickr.com/2872/11105254236_4bc7f8e953_o.jpg,https://www.flickr.com/photos/drjohn01702/11105254236,https://creativecommons.org/licenses/by/2.0/,https://www.flickr.com/people/drjohn01702/
37535f22208386e6,urban_street,10,Street,0.65159129,https://c1.staticflickr.com/8/7201/7039553479_8b3b690404_z.jpg,https://farm7.staticflickr.com/7201/7039553479_827bac754f_o.jpg,https://www.flickr.com/photos/27787901@N06/7039553479,https://creativecommons.org/licenses/by/2.0/,https://www.flickr.com/people/27787901@N06/
38a713b634ea640b,urban_street,10,Sidewalk,0.05687499475,https://c1.staticflickr.com/4/3025/2967705741_3894365c06_z.jpg,https://c4.staticflickr.com/4/3025/2967705741_0cc01550a3_o.jpg,https://www.flickr.com/photos/robennals/2967705741,https://creativecommons.org/licenses/by/2.0/,https://www.flickr.com/people/robennals/
3985a2db3d82eb96,urban_street,10,Street,0.06214192828125001,https://c1.staticflickr.com/6/5605/15350838637_bfcf8f4c17_z.jpg,https://farm7.staticflickr.com/5605/15350838637_43762bdd54_o.jpg,https://www.flickr.com/photos/boykoblagoev/15350838637,https://creativecommons.org/licenses/by/2.0/,https://www.flickr.com/people/boykoblagoev/
445df3de9bb62f51,urban_street,10,Sidewalk,0.07084866730665416,https://c8.staticflickr.com/6/5575/15241305462_d2b16f3b17_z.jpg,https://farm2.staticflickr.com/5575/15241305462_65d398b633_o.jpg,https://www.flickr.com/photos/buenosaurus/15241305462,https://creativecommons.org/licenses/by/2.0/,https://www.flickr.com/people/buenosaurus/
71df582bfb39b541,urban_street,10,Street,0.3849558,https://c7.staticflickr.com/9/8264/8705327363_5d1b4e6e67_z.jpg,https://farm2.staticflickr.com/8264/8705327363_7f376cdd10_o.jpg,https://www.flickr.com/photos/nstawski/8705327363/,https://creativecommons.org/licenses/by/2.0/,https://www.flickr.com/people/nstawski/
9dad9af11a34591f,urban_street,10,Street,0.3955197763590291,https://c4.staticflickr.com/6/5183/5610974840_557083550a_z.jpg,https://c8.staticflickr.com/6/5183/5610974840_aeb18c9af1_o.jpg,https://www.flickr.com/photos/michaurel/5610974840,https://creativecommons.org/licenses/by/2.0/,https://www.flickr.com/people/michaurel/
02af9804c6b68f61,urban_street,9,Building; Road,0.1719659605398488,https://c2.staticflickr.com/6/5582/14907951062_47622a8787_z.jpg,https://farm2.staticflickr.com/5582/14907951062_3fb29970fe_o.jpg,https://www.flickr.com/photos/jblmmwr/14907951062,https://creativecommons.org/licenses/by/2.0/,https://www.flickr.com/people/jblmmwr/
1655cdcc107c3f6e,urban_street,9,Building; Road,0.8348632780312499,https://c3.staticflickr.com/5/4076/4880034452_809f9d7391_z.jpg,https://c7.staticflickr.com/5/4076/4880034452_84b10cfee8_o.jpg,https://www.flickr.com/photos/seiu1/4880034452/,https://creativecommons.org/licenses/by/2.0/,https://www.flickr.com/people/seiu1/
2c1f055d4f648e4b,urban_street,9,Building; Road,0.29845701281250003,https://c3.staticflickr.com/1/145/415196130_b3f029b450_z.jpg,https://c4.staticflickr.com/1/145/415196130_5468835952_o.jpg,https://www.flickr.com/photos/mdiocuh_galeals/415196130,https://creativecommons.org/licenses/by/2.0/,https://www.flickr.com/people/mdiocuh_galeals/
343326e127297379,urban_street,9,Building; Road,0.50663717,https://c4.staticflickr.com/4/3578/3465385309_2395a58071_z.jpg,https://c2.staticflickr.com/4/3578/3465385309_2e59d11a2a_o.jpg,https://www.flickr.com/photos/umbrelaverde/3465385309,https://creativecommons.org/licenses/by/2.0/,https://www.flickr.com/people/umbrelaverde/
6504632e0dc25997,urban_street,9,Building; Road,0.051025389843750005,https://c8.staticflickr.com/9/8283/7843054468_4b87a34d03_z.jpg,https://farm8.staticflickr.com/8283/7843054468_3654a86616_o.jpg,https://www.flickr.com/photos/slapers/7843054468,https://creativecommons.org/licenses/by/2.0/,https://www.flickr.com/people/slapers/
677382dd43280f18,urban_street,9,Building; Road,0.053640085436470995,https://c1.staticflickr.com/4/3875/14469491431_ed6724b5e1_z.jpg,https://c1.staticflickr.com/4/3875/14469491431_6316ca1002_o.jpg,https://www.flickr.com/photos/lachlanhardy/14469491431,https://creativecommons.org/licenses/by/2.0/,https://www.flickr.com/people/lachlanhardy/
706ed12961f5ef7f,urban_street,9,Building; Road,0.55309732,https://c3.staticflickr.com/6/5466/8818484114_869c07ee23_z.jpg,https://c8.staticflickr.com/6/5466/8818484114_e4a8e214b3_o.jpg,https://www.flickr.com/photos/63764036@N06/8818484114,https://creativecommons.org/licenses/by/2.0/,https://www.flickr.com/people/63764036@N06/
7f58d35e931e4bd7,urban_street,9,Building; Road,0.05056966484375,https://c5.staticflickr.com/4/3792/13592991224_036e886527_z.jpg,https://farm8.staticflickr.com/3792/13592991224_41afe0a9e1_o.jpg,https://www.flickr.com/photos/o_0/13592991224,https://creativecommons.org/licenses/by/2.0/,https://www.flickr.com/people/o_0/
93bd04c1d7e2c6f3,urban_street,9,Building; Road,0.657079685,https://c3.staticflickr.com/7/6043/6314125631_c7ed8b8626_z.jpg,https://farm4.staticflickr.com/6043/6314125631_75dfc17d91_o.jpg,https://www.flickr.com/photos/equinoxefr/6314125631,https://creativecommons.org/licenses/by/2.0/,https://www.flickr.com/people/equinoxefr/
c1d8b2cf8c06f3d9,urban_street,9,Building; Road,0.04278591201545408,https://c8.staticflickr.com/2/1431/1163260584_4b7b78dfce_z.jpg,https://c2.staticflickr.com/2/1431/1163260584_de2b2b23cb_o.jpg,https://www.flickr.com/photos/london/1163260584,https://creativecommons.org/licenses/by/2.0/,https://www.flickr.com/people/london/
c72db18c2c27486d,urban_street,9,Building; Road,0.08281777385268999,https://c5.staticflickr.com/8/7294/10232342196_bc11c9cafd_z.jpg,https://c6.staticflickr.com/8/7294/10232342196_884844b5e5_o.jpg,https://www.flickr.com/photos/raphaelstrada/10232342196,https://creativecommons.org/licenses/by/2.0/,https://www.flickr.com/people/raphaelstrada/
fddb422dc461b9f3,urban_street,9,Building; Road,0.03345648535884598,https://c4.staticflickr.com/8/7465/15580031327_02786c63ba_z.jpg,https://farm4.staticflickr.com/7465/15580031327_87e0f865a1_o.jpg,https://www.flickr.com/photos/stalker_14/15580031327,https://creativecommons.org/licenses/by/2.0/,https://www.flickr.com/people/stalker_14/
ffce3fdccf798707,urban_street,9,Building; Road,0.6718403399999999,https://c5.staticflickr.com/9/8232/8498668985_cb517f46f1_z.jpg,https://farm8.staticflickr.com/8232/8498668985_4bf67330ea_o.jpg,https://www.flickr.com/photos/anakbrunei/8498668985/,https://creativecommons.org/licenses/by/2.0/,https://www.flickr.com/people/anakbrunei/
02b7e70979560df7,urban_street,8,Road,0.23800002880000048,,https://farm8.staticflickr.com/1287/1345881472_cfcd4fefa7_o.jpg,https://www.flickr.com/photos/jaypixindia/1345881472,https://creativecommons.org/licenses/by/2.0/,https://www.flickr.com/people/jaypixindia/
118d7db4ca9c7a7a,urban_street,8,Road,0.04341796875,https://c6.staticflickr.com/9/8634/16179679530_6f47facc6d_z.jpg,https://c3.staticflickr.com/9/8634/16179679530_37d438ea3b_o.jpg,https://www.flickr.com/photos/italiamotori/16179679530,https://creativecommons.org/licenses/by/2.0/,https://www.flickr.com/people/italiamotori/
152ea862ba79b4ca,urban_street,8,Road,0.21152791465259607,https://c4.staticflickr.com/6/5302/5877730305_f5e3d13667_z.jpg,https://c3.staticflickr.com/6/5302/5877730305_c81a506c4d_o.jpg,https://www.flickr.com/photos/hotmayo/5877730305,https://creativecommons.org/licenses/by/2.0/,https://www.flickr.com/people/hotmayo/
1669479168968bcc,urban_street,8,Road,0.042494862780169194,https://c4.staticflickr.com/3/2937/14265143426_0770389597_z.jpg,https://c5.staticflickr.com/3/2937/14265143426_45f378ae9f_o.jpg,https://www.flickr.com/photos/rhaarmans/14265143426,https://creativecommons.org/licenses/by/2.0/,https://www.flickr.com/people/rhaarmans/
174852927c18c2c7,urban_street,8,Road,0.1348307314375,https://c1.staticflickr.com/8/7666/17096132918_be79b2816d_z.jpg,https://farm8.staticflickr.com/7666/17096132918_9662aa85d2_o.jpg,https://www.flickr.com/photos/r0ver/17096132918,https://creativecommons.org/licenses/by/2.0/,https://www.flickr.com/people/r0ver/
1bc62cd65a4b7bf7,urban_street,8,Road,0.6681415900000001,https://c5.staticflickr.com/6/5550/9229358407_9dfde789c4_z.jpg,https://farm8.staticflickr.com/5550/9229358407_90188a5723_o.jpg,https://www.flickr.com/photos/mejiaperalta/9229358407,https://creativecommons.org/licenses/by/2.0/,https://www.flickr.com/people/mejiaperalta/
1cd8845d9ae7fe1d,urban_street,8,Road,0.90433213,https://c4.staticflickr.com/4/3435/3820427133_e993760875_z.jpg,https://c6.staticflickr.com/4/3435/3820427133_9585279de0_o.jpg,https://www.flickr.com/photos/bnsd/3820427133,https://creativecommons.org/licenses/by/2.0/,https://www.flickr.com/people/bnsd/
1e63c9eb0d718864,urban_street,8,Road,0.10690932873254277,https://c4.staticflickr.com/2/1392/545104824_4dc138ab6e_z.jpg?zz=1,https://farm5.staticflickr.com/1392/545104824_da18cfd88c_o.jpg,https://www.flickr.com/photos/35577117@N00/545104824,https://creativecommons.org/licenses/by/2.0/,https://www.flickr.com/people/35577117@N00/
2425a29e0ebe8425,urban_street,8,Road,0.036353538565456006,https://c1.staticflickr.com/6/5590/15316483505_f2ef7be533_z.jpg,https://farm6.staticflickr.com/5590/15316483505_c6d74c8fa0_o.jpg,https://www.flickr.com/photos/samchurchill/15316483505,https://creativecommons.org/licenses/by/2.0/,https://www.flickr.com/people/samchurchill/
2b32348403e07bfc,urban_street,8,Road,0.09038781932235201,https://c1.staticflickr.com/7/6200/6034962172_5772e87c37_z.jpg,https://c5.staticflickr.com/7/6200/6034962172_1787178b74_o.jpg,https://www.flickr.com/photos/energieagentur-nrw/6034962172,https://creativecommons.org/licenses/by/2.0/,https://www.flickr.com/people/energieagentur-nrw/
3aacc9df5fe80ec4,urban_street,8,Road,0.3547672,https://c2.staticflickr.com/9/8159/7614461630_21d596395c_z.jpg,https://farm5.staticflickr.com/8159/7614461630_0fd58e4a44_o.jpg,https://www.flickr.com/photos/evoflash/7614461630,https://creativecommons.org/licenses/by/2.0/,https://www.flickr.com/people/evoflash/
3b762b13ed78022d,urban_street,8,Road,0.41640145818444596,https://c3.staticflickr.com/1/44/142408408_01163b75e3_z.jpg,https://c6.staticflickr.com/1/44/142408408_01163b75e3_o.jpg,https://www.flickr.com/photos/brendanadkins/142408408,https://creativecommons.org/licenses/by/2.0/,https://www.flickr.com/people/brendanadkins/
3c99467b4253e32f,urban_street,8,Road,0.59314453125,https://c5.staticflickr.com/5/4060/4573720583_fbe6772731_z.jpg,https://c8.staticflickr.com/5/4060/4573720583_cd58ca1d3b_o.jpg,https://www.flickr.com/photos/davewellbeloved/4573720583,https://creativecommons.org/licenses/by/2.0/,https://www.flickr.com/people/davewellbeloved/
3fa65c1b95976387,urban_street,8,Road,0.21486328124999998,https://c2.staticflickr.com/1/27/45869138_f78827999e_z.jpg?zz=1,https://farm8.staticflickr.com/27/45869138_f78827999e_o.jpg,https://www.flickr.com/photos/cusegoyle/45869138,https://creativecommons.org/licenses/by/2.0/,https://www.flickr.com/people/cusegoyle/
438f461a5f6d8e7e,urban_street,8,Road,1.0,https://c8.staticflickr.com/1/136/386917280_392afb039c_z.jpg,https://c7.staticflickr.com/1/136/386917280_392afb039c_o.jpg,https://www.flickr.com/photos/rodefeld/386917280,https://creativecommons.org/licenses/by/2.0/,https://www.flickr.com/people/rodefeld/
4855ab5cf2383763,urban_street,8,Road,0.30361444000000004,https://c4.staticflickr.com/7/6139/6023496435_54aaf23dfe_z.jpg,https://farm4.staticflickr.com/6139/6023496435_ef0d494d24_o.jpg,https://www.flickr.com/photos/jthoel/6023496435,https://creativecommons.org/licenses/by/2.0/,https://www.flickr.com/people/jthoel/
49de80db0373b890,urban_street,8,Road,0.1676820876340486,https://c8.staticflickr.com/4/3760/9419687542_8a5b5c64f4_z.jpg,https://farm1.staticflickr.com/3760/9419687542_1ea4112c4d_o.jpg,https://www.flickr.com/photos/qubodup/9419687542,https://creativecommons.org/licenses/by/2.0/,https://www.flickr.com/people/qubodup/
4cbde67a16108b62,urban_street,8,Road,0.35440103023437497,https://c7.staticflickr.com/6/5085/5312055670_931859d8d6_z.jpg,https://farm3.staticflickr.com/5085/5312055670_67cda4a9f8_o.jpg,https://www.flickr.com/photos/union-square/5312055670,https://creativecommons.org/licenses/by/2.0/,https://www.flickr.com/people/union-square/
4dc1fffefbb98a4c,urban_street,8,Road,0.3560869998149815,https://c3.staticflickr.com/4/3469/3859765735_502ec5bd2b_z.jpg,https://c5.staticflickr.com/4/3469/3859765735_707dbfae38_o.jpg,https://www.flickr.com/photos/bigpresh/3859765735,https://creativecommons.org/licenses/by/2.0/,https://www.flickr.com/people/bigpresh/
53c991dec4e98d84,urban_street,8,Road,0.46647446476962057,https://c2.staticflickr.com/3/2646/3880594388_30fc17a610_z.jpg,https://farm5.staticflickr.com/2646/3880594388_780e498877_o.jpg,https://www.flickr.com/photos/peosoldier/3880594388,https://creativecommons.org/licenses/by/2.0/,https://www.flickr.com/people/peosoldier/
5da7c2fd8bf01199,urban_street,8,Road,0.046073931480528005,https://c3.staticflickr.com/3/2248/2811063391_155bd960fe_z.jpg?zz=1,https://c2.staticflickr.com/3/2248/2811063391_91dc35314a_o.jpg,https://www.flickr.com/photos/soldiersmediacenter/2811063391,https://creativecommons.org/licenses/by/2.0/,https://www.flickr.com/people/soldiersmediacenter/
5e5f88b7f8549dd3,urban_street,8,Road,0.13636067634375004,https://c4.staticflickr.com/4/3213/2616048011_c457e00a46_z.jpg,https://farm4.staticflickr.com/3213/2616048011_3f079a35f8_o.jpg,https://www.flickr.com/photos/labor2008/2616048011/,https://creativecommons.org/licenses/by/2.0/,https://www.flickr.com/people/labor2008/
651111a86cbd6efa,urban_street,8,Road,0.030654299562499994,https://c7.staticflickr.com/5/4148/5044060607_594812e587_z.jpg,https://c3.staticflickr.com/5/4148/5044060607_767d9f6688_o.jpg,https://www.flickr.com/photos/francapicc/5044060607,https://creativecommons.org/licenses/by/2.0/,https://www.flickr.com/people/francapicc/
652ae0cb271ad8eb,urban_street,8,Road,0.06616793952965698,https://c8.staticflickr.com/9/8865/17666953719_f3d7e45b22_z.jpg,https://c4.staticflickr.com/9/8865/17666953719_cbc2fb6051_o.jpg,https://www.flickr.com/photos/54808174@N04/17666953719,https://creativecommons.org/licenses/by/2.0/,https://www.flickr.com/people/54808174@N04/
6b03453a0561b8bf,urban_street,8,Road,0.23326897853109377,https://c6.staticflickr.com/5/4097/4885906543_170850a3de_z.jpg,https://c8.staticflickr.com/5/4097/4885906543_e526d760e6_o.jpg,https://www.flickr.com/photos/ibasu/4885906543/,https://creativecommons.org/licenses/by/2.0/,https://www.flickr.com/people/ibasu/
6c34c005fb9d4984,urban_street,8,Road,0.46041668999999996,,https://farm5.staticflickr.com/3241/3022659304_8059f1493c_o.jpg,https://www.flickr.com/photos/crobj/3022659304,https://creativecommons.org/licenses/by/2.0/,https://www.flickr.com/people/crobj/
775ac6a03dbec98c,urban_street,8,Road,0.20718750318749998,https://c6.staticflickr.com/1/192/481331809_a8ba9d4fce_z.jpg,https://c5.staticflickr.com/1/192/481331809_9a6943e600_o.jpg,https://www.flickr.com/photos/maguisso/481331809,https://creativecommons.org/licenses/by/2.0/,https://www.flickr.com/people/maguisso/
7a29fb36410efcc4,urban_street,8,Road,0.88125,https://c1.staticflickr.com/1/162/427515159_c356a86c8f_z.jpg,https://farm5.staticflickr.com/162/427515159_8147eb070f_o.jpg,https://www.flickr.com/photos/ktylerconk/427515159,https://creativecommons.org/licenses/by/2.0/,https://www.flickr.com/people/ktylerconk/
80fcec628fb1e1e1,urban_street,8,Road,0.0696354213062499,,https://farm2.staticflickr.com/4036/4516495422_3643289967_o.jpg,https://www.flickr.com/photos/ronanpark/4516495422,https://creativecommons.org/licenses/by/2.0/,https://www.flickr.com/people/ronanpark/
8107245c0706184d,urban_street,8,Road,0.43192488,https://c1.staticflickr.com/9/8121/8649002208_74428b1e2a_z.jpg,https://c6.staticflickr.com/9/8121/8649002208_91531f1d46_o.jpg,https://www.flickr.com/photos/chtifiun/8649002208,https://creativecommons.org/licenses/by/2.0/,https://www.flickr.com/people/chtifiun/
8bf614bb7bafd9c1,urban_street,8,Road,0.3475716089375,https://c7.staticflickr.com/4/3382/3455586736_a243f0bb12_z.jpg,https://farm2.staticflickr.com/3382/3455586736_4cf9dfe066_o.jpg,https://www.flickr.com/photos/inaxo/3455586736,https://creativecommons.org/licenses/by/2.0/,https://www.flickr.com/people/inaxo/
8c1b43681b48fa66,urban_street,8,Road,0.030496944586270416,https://c6.staticflickr.com/6/5599/15426488516_43dbd4052f_z.jpg,https://farm7.staticflickr.com/5599/15426488516_a87622deab_o.jpg,https://www.flickr.com/photos/126952482@N06/15426488516,https://creativecommons.org/licenses/by/2.0/,https://www.flickr.com/people/126952482@N06/
8f08cb18c27fbaa7,urban_street,8,Road,0.30572087002662723,https://c1.staticflickr.com/8/7448/9862175213_4fdaf50184_z.jpg,https://farm8.staticflickr.com/7448/9862175213_ce145b49bf_o.jpg,https://www.flickr.com/photos/kirkols/9862175213,https://creativecommons.org/licenses/by/2.0/,https://www.flickr.com/people/kirkols/
902444fe08384616,urban_street,8,Road,0.23009114134375003,https://c3.staticflickr.com/1/58/222168963_8092ab35c8_z.jpg,https://farm7.staticflickr.com/58/222168963_8092ab35c8_o.jpg,https://www.flickr.com/photos/hotpudding/222168963,https://creativecommons.org/licenses/by/2.0/,https://www.flickr.com/people/hotpudding/
91899fa1dd9de609,urban_street,8,Road,0.3539823,https://c3.staticflickr.com/1/153/341926593_52800a8880_z.jpg,https://c2.staticflickr.com/1/153/341926593_52800a8880_o.jpg,https://www.flickr.com/photos/ephidryn/341926593,https://creativecommons.org/licenses/by/2.0/,https://www.flickr.com/people/ephidryn/
944e7cf97fc0e575,urban_street,8,Road,0.4004626813938286,https://c8.staticflickr.com/1/699/21302736504_fed03f03dd_z.jpg,https://farm6.staticflickr.com/699/21302736504_24e861cab1_o.jpg,https://www.flickr.com/photos/walterpro/21302736504,https://creativecommons.org/licenses/by/2.0/,https://www.flickr.com/people/walterpro/
95dcf58de4233ec8,urban_street,8,Road,0.63977144068287,https://c7.staticflickr.com/5/4069/4491902207_f9a2a12402_z.jpg,https://c1.staticflickr.com/5/4069/4491902207_ba748b4be9_o.jpg,https://www.flickr.com/photos/fatinraihanna/4491902207,https://creativecommons.org/licenses/by/2.0/,https://www.flickr.com/people/fatinraihanna/
96eb18667b91b890,urban_street,8,Road,0.11812500000000001,https://c3.staticflickr.com/1/6/8821808_48ebe8d498_z.jpg?zz=1,https://farm1.staticflickr.com/6/8821808_48ebe8d498_o.jpg,https://www.flickr.com/photos/schoschie/8821808,https://creativecommons.org/licenses/by/2.0/,https://www.flickr.com/people/schoschie/
976525d3c3d6b73c,urban_street,8,Road,0.36098306967187493,https://c2.staticflickr.com/4/3461/3866361656_f5c72050db_z.jpg?zz=1,https://c5.staticflickr.com/4/3461/3866361656_6f9a47dc87_o.jpg,https://www.flickr.com/photos/neeta_lind/3866361656,https://creativecommons.org/licenses/by/2.0/,https://www.flickr.com/people/neeta_lind/
9a02bb63b8f46e51,urban_street,8,Road,0.051551938250559995,https://c7.staticflickr.com/6/5453/17987637935_27413bb947_z.jpg,https://farm2.staticflickr.com/5453/17987637935_23899f16f4_o.jpg,https://www.flickr.com/photos/photomason/17987637935,https://creativecommons.org/licenses/by/2.0/,https://www.flickr.com/people/photomason/
9fa34f43b920f689,urban_street,8,Road,0.038704426328124986,https://c4.staticflickr.com/3/2870/8771148384_63ce00c206_z.jpg,https://c2.staticflickr.com/3/2870/8771148384_30ee5289ef_o.jpg,https://www.flickr.com/photos/mikeblogs/8771148384,https://creativecommons.org/licenses/by/2.0/,https://www.flickr.com/people/mikeblogs/
a11f84e0107ca0a4,urban_street,8,Road,0.1593508596891192,https://c3.staticflickr.com/1/93/209729585_c71480383d_z.jpg?zz=1,https://farm5.staticflickr.com/93/209729585_c71480383d_o.jpg,https://www.flickr.com/photos/nantaskart/209729585,https://creativecommons.org/licenses/by/2.0/,https://www.flickr.com/people/nantaskart/
a24768d6e7782dd8,urban_street,8,Road,0.44139023294778595,https://c4.staticflickr.com/6/5022/5660062271_bd11eede7b_z.jpg,https://c1.staticflickr.com/6/5022/5660062271_de931c46a3_o.jpg,https://www.flickr.com/photos/nielsautos/5660062271,https://creativecommons.org/licenses/by/2.0/,https://www.flickr.com/people/nielsautos/
b6b804401adcbe4a,urban_street,8,Road,0.3086283099690264,https://c3.staticflickr.com/6/5043/5379787091_69ed00fda3_z.jpg,https://c3.staticflickr.com/6/5043/5379787091_70b0d11aaf_o.jpg,https://www.flickr.com/photos/rexgray/5379787091,https://creativecommons.org/licenses/by/2.0/,https://www.flickr.com/people/rexgray/
bafdb60c4d5b53b0,urban_street,8,Road,0.2012329626688458,https://c1.staticflickr.com/4/3371/3610954999_c739bf8ff0_z.jpg?zz=1,https://farm1.staticflickr.com/3371/3610954999_27479c5ca6_o.jpg,https://www.flickr.com/photos/skyfire/3610954999,https://creativecommons.org/licenses/by/2.0/,https://www.flickr.com/people/skyfire/
bbdce60db30e3153,urban_street,8,Road,0.23693775886322221,https://c7.staticflickr.com/9/8245/8651375461_943c987a3d_z.jpg,https://farm4.staticflickr.com/8245/8651375461_5d01937a85_o.jpg,https://www.flickr.com/photos/slambox/8651375461,https://creativecommons.org/licenses/by/2.0/,https://www.flickr.com/people/slambox/
c2cb0a1c873668cb,urban_street,8,Road,0.859014044727465,https://c1.staticflickr.com/3/2211/1806413470_7ab3084e7e_z.jpg,https://c4.staticflickr.com/3/2211/1806413470_5e9a33485d_o.jpg,https://www.flickr.com/photos/zadok_the_priest/1806413470,https://creativecommons.org/licenses/by/2.0/,https://www.flickr.com/people/zadok_the_priest/
c307c0f31c862a17,urban_street,8,Road,0.11697265790625001,https://c7.staticflickr.com/4/3919/14809332571_62a9508324_z.jpg,https://farm8.staticflickr.com/3919/14809332571_5d89fc23a6_o.jpg,https://www.flickr.com/photos/brian395/14809332571/,https://creativecommons.org/licenses/by/2.0/,https://www.flickr.com/people/brian395/
c3c0082f9ab37f4b,urban_street,8,Road,0.06964625739651578,https://c7.staticflickr.com/9/8868/17163355678_e9b64bc86c_z.jpg,https://c4.staticflickr.com/9/8868/17163355678_5edb41b161_o.jpg,https://www.flickr.com/photos/91807507@N03/17163355678,https://creativecommons.org/licenses/by/2.0/,https://www.flickr.com/people/91807507@N03/
c491f0654ac9d3b3,urban_street,8,Road,0.16094158223898017,https://c3.staticflickr.com/2/1275/4696045986_e3ac50f14f_z.jpg,https://farm4.staticflickr.com/1275/4696045986_e0e441e405_o.jpg,https://www.flickr.com/photos/francapicc/4696045986,https://creativecommons.org/licenses/by/2.0/,https://www.flickr.com/people/francapicc/
d7c479c550e34873,urban_street,8,Road,0.08862304739062501,https://c3.staticflickr.com/4/3273/2352798594_2749717ee8_z.jpg,https://farm4.staticflickr.com/3273/2352798594_df1dd62245_o.jpg,https://www.flickr.com/photos/andybullock77/2352798594,https://creativecommons.org/licenses/by/2.0/,https://www.flickr.com/people/andybullock77/
d9f0f52292a6d28b,urban_street,8,Road,0.24196939954687496,https://c1.staticflickr.com/1/47/133942942_3ae0b267bf_z.jpg?zz=1,https://c4.staticflickr.com/1/47/133942942_3ae0b267bf_o.jpg,https://www.flickr.com/photos/glamourschatz/133942942,https://creativecommons.org/licenses/by/2.0/,https://www.flickr.com/people/glamourschatz/
e0cc3d4077c5f82c,urban_street,8,Road,0.058750834463243994,https://c1.staticflickr.com/8/7508/16305446356_a6d7836c85_z.jpg,https://c5.staticflickr.com/8/7508/16305446356_12929b4b40_o.jpg,https://www.flickr.com/photos/jourdansmith/16305446356,https://creativecommons.org/licenses/by/2.0/,https://www.flickr.com/people/jourdansmith/
e2d6553151f7231b,urban_street,8,Road,0.05305818747797401,https://c3.staticflickr.com/6/5608/15174055684_17a0d482a8_z.jpg,https://c4.staticflickr.com/6/5608/15174055684_008f9aff27_o.jpg,https://www.flickr.com/photos/janitors/15174055684,https://creativecommons.org/licenses/by/2.0/,https://www.flickr.com/people/janitors/
ed39ece290eabd5d,urban_street,8,Road,0.21277116698300513,https://c1.staticflickr.com/9/8008/7473220446_ffdca9d7d3_z.jpg,https://c6.staticflickr.com/9/8008/7473220446_6661b80c0d_o.jpg,https://www.flickr.com/photos/dmary/7473220446,https://creativecommons.org/licenses/by/2.0/,https://www.flickr.com/people/dmary/
ed439b9179f2f3d8,urban_street,8,Road,0.308303991625,https://c2.staticflickr.com/3/2895/14304467479_bd62ddaf3f_z.jpg,https://c1.staticflickr.com/3/2895/14304467479_abd417f076_o.jpg,https://www.flickr.com/photos/105959528@N08/14304467479/,https://creativecommons.org/licenses/by/2.0/,https://www.flickr.com/people/105959528@N08/
f339b1c5438b5b7c,urban_street,8,Road,0.33299153385937497,https://c6.staticflickr.com/4/3391/3665573406_1b6b990d8d_z.jpg,https://c5.staticflickr.com/4/3391/3665573406_ecb0a9bffe_o.jpg,https://www.flickr.com/photos/snappa2006/3665573406,https://creativecommons.org/licenses/by/2.0/,https://www.flickr.com/people/snappa2006/
f5cd12a4f38f3079,urban_street,8,Road,0.26724575007627,https://c1.staticflickr.com/4/3161/2994023171_79d80066c3_z.jpg,https://c2.staticflickr.com/4/3161/2994023171_4f415e1512_o.jpg,https://www.flickr.com/photos/pasiparkkila/2994023171,https://creativecommons.org/licenses/by/2.0/,https://www.flickr.com/people/pasiparkkila/
fb6b2791b026ccff,urban_street,8,Road,0.6061947,https://c3.staticflickr.com/8/7296/9433710650_9564acfef3_z.jpg,https://c8.staticflickr.com/8/7296/9433710650_52c613ff7f_o.jpg,https://www.flickr.com/photos/shannonpatrick17/9433710650,https://creativecommons.org/licenses/by/2.0/,https://www.flickr.com/people/shannonpatrick17/
fd12c8489254683e,urban_street,8,Road,0.556178122089081,https://c7.staticflickr.com/3/2292/2426922422_35140e1ace_z.jpg,https://c7.staticflickr.com/3/2292/2426922422_5f0a172db7_o.jpg,https://www.flickr.com/photos/bootbearwdc/2426922422,https://creativecommons.org/licenses/by/2.0/,https://www.flickr.com/people/bootbearwdc/
fd2aa62413df2ac7,urban_street,8,Road,0.5281720724387101,https://c8.staticflickr.com/7/6020/5950750542_2a77de0fee_z.jpg,https://farm8.staticflickr.com/6020/5950750542_6c1a3bae2a_o.jpg,https://www.flickr.com/photos/jcmedia93/5950750542/,https://creativecommons.org/licenses/by/2.0/,https://www.flickr.com/people/jcmedia93/
ffd5c50fd2cdb04b,urban_street,8,Road,0.15682124738190206,https://c8.staticflickr.com/3/2856/9675995000_5d467ba195_z.jpg,https://c4.staticflickr.com/3/2856/9675995000_2b7e1699d2_o.jpg,https://www.flickr.com/photos/dogbomb/9675995000,https://creativecommons.org/licenses/by/2.0/,https://www.flickr.com/people/dogbomb/
00b4064b073e51f3,urban_street,5,Building; City,0.19999999999999996,https://c8.staticflickr.com/1/344/19263579718_6b33cf5063_z.jpg,https://farm4.staticflickr.com/344/19263579718_895a512055_o.jpg,https://www.flickr.com/photos/kenspix/19263579718,https://creativecommons.org/licenses/by/2.0/,https://www.flickr.com/people/kenspix/
0ca4cd34574b30be,urban_street,5,Building; City,0.44064450378125003,https://c2.staticflickr.com/1/158/375125625_c595fcd5cc_z.jpg,https://c7.staticflickr.com/1/158/375125625_c595fcd5cc_o.jpg,https://www.flickr.com/photos/96147639@N00/375125625,https://creativecommons.org/licenses/by/2.0/,https://www.flickr.com/people/96147639@N00/
2a0ca38711f24d08,urban_street,5,Building; City,0.45283014999999993,https://c3.staticflickr.com/6/5572/15147880776_48325c3072_z.jpg,https://c1.staticflickr.com/6/5572/15147880776_dab3080d1a_o.jpg,https://www.flickr.com/photos/gutam2000/15147880776,https://creativecommons.org/licenses/by/2.0/,https://www.flickr.com/people/gutam2000/
3cc444acad43c400,urban_street,5,Building; City,0.045937504593749984,https://c3.staticflickr.com/7/6133/5936993940_b07907f9a7_z.jpg,https://farm1.staticflickr.com/6133/5936993940_3193d75f63_o.jpg,https://www.flickr.com/photos/foundinbklyn/5936993940,https://creativecommons.org/licenses/by/2.0/,https://www.flickr.com/people/foundinbklyn/
4213259084491c4f,urban_street,5,Building; City,0.3160937160000001,https://c7.staticflickr.com/6/5002/5360032242_e7fdd9b5df_z.jpg,https://c8.staticflickr.com/6/5002/5360032242_da538430e3_o.jpg,https://www.flickr.com/photos/bsabarnowl/5360032242,https://creativecommons.org/licenses/by/2.0/,https://www.flickr.com/people/bsabarnowl/
0386a1c1ca5b2da7,urban_street,4,City,0.033837890624999985,https://c8.staticflickr.com/1/20/70577182_92836fe305_z.jpg?zz=1,https://farm8.staticflickr.com/20/70577182_92836fe305_o.jpg,https://www.flickr.com/photos/bensutherland/70577182,https://creativecommons.org/licenses/by/2.0/,https://www.flickr.com/people/bensutherland/
0e4a2294a1439e17,urban_street,4,City,0.03370768115625,https://c3.staticflickr.com/1/115/313078554_1277477dbe_z.jpg,https://farm8.staticflickr.com/115/313078554_1277477dbe_o.jpg,https://www.flickr.com/photos/uriba/313078554,https://creativecommons.org/licenses/by/2.0/,https://www.flickr.com/people/uriba/
16315ea0ef47c830,urban_street,4,City,0.83333333,https://c8.staticflickr.com/3/2425/3991476283_c6dbb03e97_z.jpg,https://farm1.staticflickr.com/2425/3991476283_107659a35c_o.jpg,https://www.flickr.com/photos/ryudonghyup/3991476283,https://creativecommons.org/licenses/by/2.0/,https://www.flickr.com/people/ryudonghyup/
4737906639f16aef,urban_street,4,City,0.11078459860417264,https://c2.staticflickr.com/1/391/19285773440_4f480c921d_z.jpg,https://c8.staticflickr.com/1/391/19285773440_d22cf0c5ab_o.jpg,https://www.flickr.com/photos/kostas-limitsios/19285773440,https://creativecommons.org/licenses/by/2.0/,https://www.flickr.com/people/kostas-limitsios/
82560833eab971a5,urban_street,4,City,0.4338064879143085,https://c4.staticflickr.com/1/41/101547933_50d00504eb_z.jpg,https://farm6.staticflickr.com/41/101547933_50d00504eb_o.jpg,https://www.flickr.com/photos/lostseouls/101547933,https://creativecommons.org/licenses/by/2.0/,https://www.flickr.com/people/lostseouls/
b6ef797db2a747e0,urban_street,4,City,0.15341145475,https://c3.staticflickr.com/6/5577/14675125058_da55aa44f2_z.jpg,https://farm1.staticflickr.com/5577/14675125058_c6bb6b9966_o.jpg,https://www.flickr.com/photos/acme/14675125058,https://creativecommons.org/licenses/by/2.0/,https://www.flickr.com/people/acme/
be8f2d2ca5e3d238,urban_street,4,City,0.5069913709499999,https://c4.staticflickr.com/4/3138/2350729822_2410b38f1b_z.jpg?zz=1,https://c1.staticflickr.com/4/3138/2350729822_90d134754e_o.jpg,https://www.flickr.com/photos/boston_public_library/2350729822,https://creativecommons.org/licenses/by/2.0/,https://www.flickr.com/people/boston_public_library/
d32303a62c007868,urban_street,4,City,0.6226750251556948,https://c6.staticflickr.com/1/183/419596719_70c20866b4_z.jpg,https://c1.staticflickr.com/1/183/419596719_9c95beffe1_o.jpg,https://www.flickr.com/photos/heroiclife/419596719/,https://creativecommons.org/licenses/by/2.0/,https://www.flickr.com/people/heroiclife/
d87bc756625b4210,urban_street,4,City,0.3515625,https://c5.staticflickr.com/1/206/500295714_139f857b79_z.jpg?zz=1,https://farm1.staticflickr.com/206/500295714_4ccd215b45_o.jpg,https://www.flickr.com/photos/piiing/500295714,https://creativecommons.org/licenses/by/2.0/,https://www.flickr.com/people/piiing/
001840a807e454c7,urban_street,1,Building,0.790859372015625,https://c7.staticflickr.com/6/5220/5440916079_4ba6b0e5cf_z.jpg,https://farm8.staticflickr.com/5220/5440916079_e0d997a078_o.jpg,https://www.flickr.com/photos/fleskw/5440916079,https://creativecommons.org/licenses/by/2.0/,https://www.flickr.com/people/fleskw/
006f87bf928f9ba3,urban_street,1,Building,0.35574437757302835,https://c8.staticflickr.com/7/6196/6098643678_fc8044b5ac_z.jpg,https://farm4.staticflickr.com/6196/6098643678_2bc80ac753_o.jpg,https://www.flickr.com/photos/lam_chihang/6098643678,https://creativecommons.org/licenses/by/2.0/,https://www.flickr.com/people/lam_chihang/
00d33e05424ff8cc,urban_street,1,Building,0.51662973,https://c1.staticflickr.com/8/7384/16513473865_746970dc51_z.jpg,https://c5.staticflickr.com/8/7384/16513473865_2c080d3649_o.jpg,https://www.flickr.com/photos/mdgovpics/16513473865,https://creativecommons.org/licenses/by/2.0/,https://www.flickr.com/people/mdgovpics/
00e8e1122ed9f31c,urban_street,1,Building,0.4866539486531794,https://c3.staticflickr.com/3/2810/9193525217_7db1223047_z.jpg,https://c5.staticflickr.com/3/2810/9193525217_09f33eaa8a_o.jpg,https://www.flickr.com/photos/inl/9193525217,https://creativecommons.org/licenses/by/2.0/,https://www.flickr.com/people/inl/
013e4b54ccdf22aa,urban_street,1,Building,0.06246093865312499,https://c7.staticflickr.com/4/3890/15195450719_3f11ed591c_z.jpg,https://c3.staticflickr.com/4/3890/15195450719_e1e75cb0a5_o.jpg,https://www.flickr.com/photos/mark-braggins/15195450719/,https://creativecommons.org/licenses/by/2.0/,https://www.flickr.com/people/mark-braggins/
01a6c89f9885d483,urban_street,1,Building,0.072529176591354,https://c2.staticflickr.com/4/3843/14617092224_a03ab81a76_z.jpg,https://farm4.staticflickr.com/3843/14617092224_e09b61c152_o.jpg,https://www.flickr.com/photos/visittuscany/14617092224,https://creativecommons.org/licenses/by/2.0/,https://www.flickr.com/people/visittuscany/
01f26ca52e27a8d9,urban_street,1,Building,0.183274877640306,,https://c2.staticflickr.com/4/3918/14270965637_d60194a52d_o.jpg,https://www.flickr.com/photos/civicus/14270965637,https://creativecommons.org/licenses/by/2.0/,https://www.flickr.com/people/civicus/
0359a3a63c8a424b,urban_street,1,Building,0.07792968881249998,https://c8.staticflickr.com/1/214/493552091_5e1be76690_z.jpg,https://c4.staticflickr.com/1/214/493552091_f733127a83_o.jpg,https://www.flickr.com/photos/omerfaruk1/493552091/,https://creativecommons.org/licenses/by/2.0/,https://www.flickr.com/people/omerfaruk1/
0411dd1941790d58,urban_street,1,Building,0.13244969571423004,https://c4.staticflickr.com/6/5219/5467077179_68f167d4bb_z.jpg,https://c1.staticflickr.com/6/5219/5467077179_ed65253969_o.jpg,https://www.flickr.com/photos/clownfish/5467077179,https://creativecommons.org/licenses/by/2.0/,https://www.flickr.com/people/clownfish/
04e3bee2eeaf280e,urban_street,1,Building,0.19692707918750002,https://c1.staticflickr.com/3/2345/2325833875_9d86b4fa2b_z.jpg,https://c7.staticflickr.com/3/2345/2325833875_c17f052210_o.jpg,https://www.flickr.com/photos/rlaguna/2325833875,https://creativecommons.org/licenses/by/2.0/,https://www.flickr.com/people/rlaguna/
05035aff6e43506a,urban_street,1,Building,0.402848575340859,https://c7.staticflickr.com/6/5607/15545030946_2a2c0c7bd7_z.jpg,https://c3.staticflickr.com/6/5607/15545030946_ae5cf99689_o.jpg,https://www.flickr.com/photos/barbarabrannon/15545030946,https://creativecommons.org/licenses/by/2.0/,https://www.flickr.com/people/barbarabrannon/
05fc6cd971204843,urban_street,1,Building,0.18162840000000002,https://c7.staticflickr.com/8/7159/6785516705_7c3b1a19ef_z.jpg,https://farm4.staticflickr.com/7159/6785516705_9c7a8f1200_o.jpg,https://www.flickr.com/photos/cdpm/6785516705,https://creativecommons.org/licenses/by/2.0/,https://www.flickr.com/people/cdpm/
062a47023c593e3a,urban_street,1,Building,0.10749471997515093,https://c2.staticflickr.com/4/3574/3508440571_62e2609833_z.jpg,https://c3.staticflickr.com/4/3574/3508440571_963f4f5dba_o.jpg,https://www.flickr.com/photos/fujikinoko/3508440571,https://creativecommons.org/licenses/by/2.0/,https://www.flickr.com/people/fujikinoko/
0662ac36ad698574,urban_street,1,Building,0.46486279424713495,https://c2.staticflickr.com/6/5084/5255889336_9567c24154_z.jpg,https://farm5.staticflickr.com/5084/5255889336_5dcff55107_o.jpg,https://www.flickr.com/photos/mauroguanandi/5255889336,https://creativecommons.org/licenses/by/2.0/,https://www.flickr.com/people/mauroguanandi/
076d078dd863cb79,urban_street,1,Building,0.92916667,https://c6.staticflickr.com/8/7184/6933203949_425ea9ddc7_z.jpg,https://c2.staticflickr.com/8/7184/6933203949_8034d8b91d_o.jpg,https://www.flickr.com/photos/rucksackkruemel/6933203949,https://creativecommons.org/licenses/by/2.0/,https://www.flickr.com/people/rucksackkruemel/
0998d865cd16ccec,urban_street,1,Building,0.16805845499999997,https://c3.staticflickr.com/8/7314/16212097899_92642b3a4e_z.jpg,https://c5.staticflickr.com/8/7314/16212097899_279b368961_o.jpg,https://www.flickr.com/photos/moedusa/16212097899,https://creativecommons.org/licenses/by/2.0/,https://www.flickr.com/people/moedusa/
09b5c9a79c959dbc,urban_street,1,Building,0.3739703,https://c2.staticflickr.com/4/3923/14638696182_db50136705_z.jpg,https://c5.staticflickr.com/4/3923/14638696182_d4236d06dc_o.jpg,https://www.flickr.com/photos/jus10h/14638696182,https://creativecommons.org/licenses/by/2.0/,https://www.flickr.com/people/jus10h/
0a73064c82730ff5,urban_street,1,Building,0.35984374999999996,https://c5.staticflickr.com/1/77/210030308_231e7b4cfa_z.jpg?zz=1,https://farm6.staticflickr.com/77/210030308_231e7b4cfa_o.jpg,https://www.flickr.com/photos/cvander/210030308,https://creativecommons.org/licenses/by/2.0/,https://www.flickr.com/people/cvander/
0acfa779589204bf,urban_street,1,Building,0.945848376,https://c5.staticflickr.com/9/8503/8334654948_4c890303ea_z.jpg,https://c8.staticflickr.com/9/8503/8334654948_587b540fdd_o.jpg,https://www.flickr.com/photos/rowdykittens/8334654948,https://creativecommons.org/licenses/by/2.0/,https://www.flickr.com/people/rowdykittens/
0c295283d2a46bd7,urban_street,1,Building,0.6104714685259928,https://c7.staticflickr.com/4/3319/3585134759_72ed0d882e_z.jpg,https://farm8.staticflickr.com/3319/3585134759_ae62e270cd_o.jpg,https://www.flickr.com/photos/lateja/3585134759,https://creativecommons.org/licenses/by/2.0/,https://www.flickr.com/people/lateja/
0c44911e6b2f48a1,urban_street,1,Building,0.7666875486680894,https://c3.staticflickr.com/9/8672/16034494742_c7a55fd4a4_z.jpg,https://farm2.staticflickr.com/8672/16034494742_6cffab7856_o.jpg,https://www.flickr.com/photos/playamongfriends/16034494742,https://creativecommons.org/licenses/by/2.0/,https://www.flickr.com/people/playamongfriends/
0ca9ccc636d7d700,urban_street,1,Building,0.20911783559375,https://c8.staticflickr.com/3/2393/2291533308_029b1c104d_z.jpg?zz=1,https://farm1.staticflickr.com/2393/2291533308_f01d480470_o.jpg,https://www.flickr.com/photos/jfxberns/2291533308,https://creativecommons.org/licenses/by/2.0/,https://www.flickr.com/people/jfxberns/
0cce331e7f66f6ea,urban_street,1,Building,0.25087323228756486,https://c8.staticflickr.com/1/43/121987526_4a8fe0643b_z.jpg,https://c3.staticflickr.com/1/43/121987526_4a8fe0643b_o.jpg,https://www.flickr.com/photos/barretthall/121987526,https://creativecommons.org/licenses/by/2.0/,https://www.flickr.com/people/barretthall/
0cf3f07eb6c089c0,urban_street,1,Building,0.246184906625,https://c3.staticflickr.com/5/4045/4195432736_77b8536fed_z.jpg?zz=1,https://farm1.staticflickr.com/4045/4195432736_c661372698_o.jpg,https://www.flickr.com/photos/coniecto/4195432736,https://creativecommons.org/licenses/by/2.0/,https://www.flickr.com/people/coniecto/
0d27f48afe799682,urban_street,1,Building,0.73882353,https://c6.staticflickr.com/5/4036/4526351944_87b51c848a_z.jpg,https://farm3.staticflickr.com/4036/4526351944_5b4f5e6699_o.jpg,https://www.flickr.com/photos/militaryhealth/4526351944,https://creativecommons.org/licenses/by/2.0/,https://www.flickr.com/people/militaryhealth/
0e4332e5c234255c,urban_street,1,Building,0.0379226131892784,https://c3.staticflickr.com/8/7368/16253349398_59e87aa2ae_z.jpg,https://c5.staticflickr.com/8/7368/16253349398_a6185af03a_o.jpg,https://www.flickr.com/photos/inndeavalencia/16253349398,https://creativecommons.org/licenses/by/2.0/,https://www.flickr.com/people/inndeavalencia/
0edc1660782cb0fb,urban_street,1,Building,0.4632353,https://c7.staticflickr.com/5/4090/5066312372_2f2fd905b3_z.jpg,https://c4.staticflickr.com/5/4090/5066312372_1dee04d4a1_o.jpg,https://www.flickr.com/photos/wojciech_b/5066312372,https://creativecommons.org/licenses/by/2.0/,https://www.flickr.com/people/wojciech_b/
0f2976036ded177b,urban_street,1,Building,0.03289473749999998,https://c8.staticflickr.com/8/7265/7486288624_13fbb84241_z.jpg,https://c4.staticflickr.com/8/7265/7486288624_151cbeef86_o.jpg,https://www.flickr.com/photos/enriquefreire/7486288624,https://creativecommons.org/licenses/by/2.0/,https://www.flickr.com/people/enriquefreire/
0f69951932b24e50,urban_street,1,Building,0.34124058012442904,https://c8.staticflickr.com/6/5059/5467595068_cfaa6f760f_z.jpg,https://farm1.staticflickr.com/5059/5467595068_599a9ce15e_o.jpg,https://www.flickr.com/photos/expertinfantry/5467595068,https://creativecommons.org/licenses/by/2.0/,https://www.flickr.com/people/expertinfantry/
0f71470b9d22554e,urban_street,1,Building,0.040987934666888666,https://c8.staticflickr.com/4/3758/10966255505_5cfa5fbbf9_z.jpg,https://c7.staticflickr.com/4/3758/10966255505_42c3462cb2_o.jpg,https://www.flickr.com/photos/photomonkey/10966255505,https://creativecommons.org/licenses/by/2.0/,https://www.flickr.com/people/photomonkey/
0fa056dcede09fa2,urban_street,1,Building,0.1893323053813248,https://c1.staticflickr.com/4/3114/2454459443_b2ac9ba1da_z.jpg?zz=1,https://farm3.staticflickr.com/3114/2454459443_1e71bce03d_o.jpg,https://www.flickr.com/photos/smart_growth/2454459443,https://creativecommons.org/licenses/by/2.0/,https://www.flickr.com/people/smart_growth/
0fe12f551f900aca,urban_street,1,Building,0.44258844842886197,https://c4.staticflickr.com/8/7633/17057099208_6a971c68c4_z.jpg,https://c3.staticflickr.com/8/7633/17057099208_3f01f741c4_o.jpg,https://www.flickr.com/photos/dodnewsfeatures/17057099208,https://creativecommons.org/licenses/by/2.0/,https://www.flickr.com/people/dodnewsfeatures/
0fe73678341c5315,urban_street,1,Building,0.04894205890625,https://c1.staticflickr.com/4/3552/3497146673_19f12b37fc_z.jpg?zz=1,https://farm6.staticflickr.com/3552/3497146673_52471c634b_o.jpg,https://www.flickr.com/photos/swisschef/3497146673,https://creativecommons.org/licenses/by/2.0/,https://www.flickr.com/people/swisschef/
102bcaa809bcef87,urban_street,1,Building,0.36557290125421005,https://c8.staticflickr.com/6/5547/9310438316_a31cbc1e76_z.jpg,https://farm8.staticflickr.com/5547/9310438316_0c5a13836a_o.jpg,https://www.flickr.com/photos/interplast/9310438316,https://creativecommons.org/licenses/by/2.0/,https://www.flickr.com/people/interplast/
1137e8fdcdfb2976,urban_street,1,Building,0.03736933404628889,https://c6.staticflickr.com/6/5631/21172162965_bd2e58ea5a_z.jpg,https://farm7.staticflickr.com/5631/21172162965_5130028ffd_o.jpg,https://www.flickr.com/photos/ninara/21172162965,https://creativecommons.org/licenses/by/2.0/,https://www.flickr.com/people/ninara/
116b11d42594defd,urban_street,1,Building,0.07541015624999997,https://c8.staticflickr.com/6/5097/5463533966_43e8e49d71_z.jpg,https://c6.staticflickr.com/6/5097/5463533966_7cb607749a_o.jpg,https://www.flickr.com/photos/shinyasuzuki/5463533966,https://creativecommons.org/licenses/by/2.0/,https://www.flickr.com/people/shinyasuzuki/
124892350f674127,urban_street,1,Building,0.1761966878835268,https://c1.staticflickr.com/6/5520/10581237704_c1280f4b26_z.jpg,https://farm8.staticflickr.com/5520/10581237704_0fc3c727a0_o.jpg,https://www.flickr.com/photos/807thpao/10581237704,https://creativecommons.org/licenses/by/2.0/,https://www.flickr.com/people/807thpao/
127e3f5d73ce1c24,urban_street,1,Building,0.6238350506325216,https://c6.staticflickr.com/4/3929/15389371422_afebd99dcd_z.jpg,https://farm5.staticflickr.com/3929/15389371422_aab4c1f60c_o.jpg,https://www.flickr.com/photos/mauriziolupi/15389371422,https://creativecommons.org/licenses/by/2.0/,https://www.flickr.com/people/mauriziolupi/
1314838e2ee5b090,urban_street,1,Building,0.04937499999999999,https://c1.staticflickr.com/5/4111/5191722122_3e34580c31_z.jpg,https://farm1.staticflickr.com/4111/5191722122_12dd963b24_o.jpg,https://www.flickr.com/photos/yortw/5191722122,https://creativecommons.org/licenses/by/2.0/,https://www.flickr.com/people/yortw/
13f20b706bfe7f41,urban_street,1,Building,0.07533872019513398,https://c4.staticflickr.com/4/3811/9396311882_0a4b3ccebe_z.jpg,https://farm2.staticflickr.com/3811/9396311882_0d6dd92934_o.jpg,https://www.flickr.com/photos/yellowstonenps/9396311882,https://creativecommons.org/licenses/by/2.0/,https://www.flickr.com/people/yellowstonenps/
141d8961e111ead7,urban_street,1,Building,1.0,https://c3.staticflickr.com/1/26/62858237_d85929a349_z.jpg?zz=1,https://farm8.staticflickr.com/26/62858237_d85929a349_o.jpg,https://www.flickr.com/photos/donabelandewen/62858237,https://creativecommons.org/licenses/by/2.0/,https://www.flickr.com/people/donabelandewen/
1477902b097bdc53,urban_street,1,Building,0.7790172267937591,https://c2.staticflickr.com/9/8334/8362721478_0530870b8b_z.jpg,https://farm4.staticflickr.com/8334/8362721478_8974034c9f_o.jpg,https://www.flickr.com/photos/uhmed/8362721478,https://creativecommons.org/licenses/by/2.0/,https://www.flickr.com/people/uhmed/
151ac0754da1da6d,urban_street,1,Building,0.9977876106,https://c3.staticflickr.com/3/2503/3846734256_3e82751e09_z.jpg,https://c6.staticflickr.com/3/2503/3846734256_12c439ec93_o.jpg,https://www.flickr.com/photos/matt-dinnery/3846734256,https://creativecommons.org/licenses/by/2.0/,https://www.flickr.com/people/matt-dinnery/
15272ba02184a37c,urban_street,1,Building,0.76200418,https://c7.staticflickr.com/8/7007/6437365405_58cd833844_z.jpg,https://c5.staticflickr.com/8/7007/6437365405_09288d8fbb_o.jpg,https://www.flickr.com/photos/61567423@N02/6437365405,https://creativecommons.org/licenses/by/2.0/,https://www.flickr.com/people/61567423@N02/
15977b7b7d3b97ca,urban_street,1,Building,0.7720924136307271,https://c4.staticflickr.com/2/1116/5161465462_666207c33d_z.jpg,https://c3.staticflickr.com/2/1116/5161465462_eef4331131_o.jpg,https://www.flickr.com/photos/codnewsroom/5161465462,https://creativecommons.org/licenses/by/2.0/,https://www.flickr.com/people/codnewsroom/
15e2134bf1363429,urban_street,1,Building,0.08848903703357082,https://c4.staticflickr.com/3/2062/5761127340_2fa0eef146_z.jpg,https://c2.staticflickr.com/3/2062/5761127340_1e8ecfc980_o.jpg,https://www.flickr.com/photos/vanillaandlaceblog/5761127340,https://creativecommons.org/licenses/by/2.0/,https://www.flickr.com/people/vanillaandlaceblog/
16eb4cdd8170dad7,urban_street,1,Building,0.28563979777618503,https://c8.staticflickr.com/6/5097/5572269985_ee5c90f952_z.jpg,https://farm8.staticflickr.com/5097/5572269985_9ffd2d4d31_o.jpg,https://www.flickr.com/photos/61262894@N08/5572269985,https://creativecommons.org/licenses/by/2.0/,https://www.flickr.com/people/61262894@N08/
171c2848e3ad670e,urban_street,1,Building,0.09388019975000002,https://c3.staticflickr.com/4/3400/3421357991_bc60e8771d_z.jpg,https://c7.staticflickr.com/4/3400/3421357991_3470b4076d_o.jpg,https://www.flickr.com/photos/razvanorendovici/3421357991,https://creativecommons.org/licenses/by/2.0/,https://www.flickr.com/people/razvanorendovici/
